vendor_path,bytes,sha256,vendor_git_status,relationship,r2_finding
vendor/bcdatamapper/datascrapers/bc/early-learning-boundaries/cache/EDI_data_library_wave_2_to_8.xlsx,1593126,8a85e36a4a8447ab4b494a4494916caa842ed52f5f847e1faca76c53a4399258,ignored,vendor_only_no_exact_public_file,documented_local_only
vendor/bcdatamapper/datascrapers/bc/early-learning-boundaries/cache/Neighbourhood_Shorelines.zip,2920943,9a01d5b53dacfa664dfc20fd265021cf310de75e66ee92b44ff6fb4b682de295,ignored,vendor_only_no_exact_public_file,documented_local_only
vendor/bcdatamapper/datascrapers/bc/early-learning-boundaries/cache/dashboard_mcfd_boundary_index.json,1208,6c9aaaf3f3fdab0af74beaeeb0cf916f7458c3ee3c795ce36fd22f15e7f940be,ignored,vendor_only_no_exact_public_file,documented_local_only
vendor/bcdatamapper/datascrapers/bc/early-learning-boundaries/cache/dashboard_mcfd_local_service_areas.geojson,2408842,f1f45ad1f3791942dd03d01e217a2ce087a312b2ca6309dd99ea85446ed79d00,ignored,vendor_only_no_exact_public_file,documented_local_only
vendor/bcdatamapper/datascrapers/bc/early-learning-boundaries/cache/dashboard_mcfd_local_service_areas.geojson.gz,748302,79bcf77073bcc60688aa49ab339104391f4b3b781b583107ccdf97f6c0b4d9af,ignored,vendor_only_no_exact_public_file,documented_local_only
vendor/bcdatamapper/datascrapers/bc/early-learning-boundaries/cache/dashboard_mcfd_regions.geojson,834450,3a519093fe792b79a0449d5eff397c08b3304114b55ee5a1dc8727f3549edf1c,ignored,vendor_only_no_exact_public_file,documented_local_only
vendor/bcdatamapper/datascrapers/bc/early-learning-boundaries/cache/dashboard_mcfd_regions.geojson.gz,264107,0ca9a9c576ab83fa189bd0bec44811e0ae765d6b56b4e93325dd8c3e97130bf9,ignored,vendor_only_no_exact_public_file,documented_local_only
vendor/bcdatamapper/datascrapers/bc/early-learning-boundaries/cache/dashboard_mcfd_service_delivery_areas.geojson,1346676,a0d0494b096112f75db9976a46e0471755ad4fd413e4319c24eada20b5186ec3,ignored,vendor_only_no_exact_public_file,documented_local_only
vendor/bcdatamapper/datascrapers/bc/early-learning-boundaries/cache/dashboard_mcfd_service_delivery_areas.geojson.gz,423985,ad01acf8a606e77d8f869e25452a40ca79de254813b4d93b1cec0c09e1703e91,ignored,vendor_only_no_exact_public_file,documented_local_only
vendor/bcdatamapper/datascrapers/bc/early-learning-boundaries/cache/help_neighbourhoods.geojson,4450655,56da35016f8bb47b6f7dae83fba4af3d82ad50b065d2ca1962c6645bee1cfbd2,ignored,vendor_only_no_exact_public_file,documented_local_only
vendor/bcdatamapper/datascrapers/bc/early-learning-boundaries/cache/mcfd-local-service-areas.source.geojson,34917518,0b50d123027b399527576da06d65710e0f45ab66cd941cc7d7c32cbe2bacde79,ignored,vendor_only_no_exact_public_file,documented_local_only
vendor/bcdatamapper/datascrapers/bc/early-learning-boundaries/cache/mcfd-service-delivery-areas.source.geojson,24523986,4470ed1b5bd37f0549831a16215b25a8b9bfa9b7f02e00c92cb911001302c526,ignored,vendor_only_no_exact_public_file,documented_local_only
vendor/bcdatamapper/datascrapers/bc/early-learning-boundaries/cache/mcfd_local_service_areas.geojson,2941022,e20375d84591b1da2a98c107f329dce8b94d2a640d73bf8908e3304f9d5397e8,ignored,vendor_only_no_exact_public_file,documented_local_only
vendor/bcdatamapper/datascrapers/bc/early-learning-boundaries/cache/mcfd_pmr_2013_14.pdf,1844511,e10b57fda8e2b240c64dc6a941bf51ad81f5d5c31d4e65db028d337556fd5271,ignored,vendor_only_no_exact_public_file,documented_local_only
vendor/bcdatamapper/datascrapers/bc/early-learning-boundaries/cache/mcfd_regions.geojson,1199730,14b78ce8b6828842d3115f5e1a74ed1a2afa128594b2a7d3a0e11c6d472d3074,ignored,vendor_only_no_exact_public_file,documented_local_only
vendor/bcdatamapper/datascrapers/bc/early-learning-boundaries/cache/mcfd_service_delivery_areas.geojson,1475739,07831f63f98d2ecf92d52abe90a256f198e130cfb93c45ad1e0c8cd4f340e809,ignored,vendor_only_no_exact_public_file,documented_local_only
vendor/bcdatamapper/datascrapers/bc/early-learning/cache/captures/2026-09-22/boundaries/CHSA.geojson,1986531,25a68ccec9c92cb510ae95ec72ab6c1116fcca6949873a9bcf2a5cae8acd80ae,ignored,vendor_only_no_exact_public_file,documented_local_only
vendor/bcdatamapper/datascrapers/bc/early-learning/cache/captures/2026-09-22/boundaries/GEOSD.geojson,2272923,24a185e5f461d8acdea05af362a59988748f7573f94e43e59995f8aa3e043657,ignored,vendor_only_no_exact_public_file,documented_local_only
vendor/bcdatamapper/datascrapers/bc/early-learning/cache/captures/2026-09-22/boundaries/HA.geojson,347907,702ca2a246a73f0cf0981fcc1c7b85519d287c919f987e96537d4154961bf3a4,ignored,vendor_only_no_exact_public_file,documented_local_only
vendor/bcdatamapper/datascrapers/bc/early-learning/cache/captures/2026-09-22/boundaries/HSDA.geojson,771672,1391b200042ba501109579995903fba8b865ea79491509b3b99423b64b889ef7,ignored,vendor_only_no_exact_public_file,documented_local_only
vendor/bcdatamapper/datascrapers/bc/early-learning/cache/captures/2026-09-22/boundaries/LHA.geojson,2117156,13d6fe2c472c362fcf8b05195b53a92e0b2757b9e54233e0f355165e0a610147,ignored,vendor_only_no_exact_public_file,documented_local_only
vendor/bcdatamapper/datascrapers/bc/early-learning/cache/captures/2026-09-22/boundaries/LSA.geojson,3706236,30c067632600021305573f7fd3a812379afcc33f0e0200a48aff9f2d4321dd7d,ignored,vendor_only_no_exact_public_file,documented_local_only
vendor/bcdatamapper/datascrapers/bc/early-learning/cache/captures/2026-09-22/boundaries/MCFD.geojson,3219523,e472d8bd83db6d27eb463abd77ce085616e1131a38f13272410dfc9b305d5785,ignored,vendor_only_no_exact_public_file,documented_local_only
vendor/bcdatamapper/datascrapers/bc/early-learning/cache/captures/2026-09-22/boundaries/NH.geojson,4680846,62775065fe12f11e498754ca92b2e689c094d95f2590d59197f65629355a06a0,ignored,vendor_only_no_exact_public_file,documented_local_only
vendor/bcdatamapper/datascrapers/bc/early-learning/cache/captures/2026-09-22/boundaries/SDA.geojson,2307776,d67b47adcdb140f4b7815342b8b009bdca3fe68891a51284bebfc9252db71733,ignored,vendor_only_no_exact_public_file,documented_local_only
vendor/bcdatamapper/datascrapers/bc/early-learning/cache/captures/2026-09-22/capture.json,303,afb9357a703b316c6d52814130b18565ec7f89b88e383fdc9d888e1f292cf620,ignored,vendor_only_no_exact_public_file,documented_local_only
vendor/bcdatamapper/datascrapers/bc/early-learning/cache/captures/2026-09-22/capture.json.gz,232,42a63b02525613ffbf24d24e1f676d39da6c1dd80832438e3b9e0dff1bf198c7,ignored,vendor_only_no_exact_public_file,documented_local_only
vendor/bcdatamapper/datascrapers/bc/early-learning/cache/captures/2026-09-22/regions.json,67313,66ab8ee312b1ea7c80aefaaa8a7d6225a49f680aec377942bda5c7d125160284,ignored,vendor_only_no_exact_public_file,documented_local_only
vendor/bcdatamapper/datascrapers/bc/early-learning/cache/captures/2026-09-22/regions/CHSA_1110.json,27501,b6969a38a3a3e22bd916c923e8a18824b7572de4a81abd8d6373c732e9e464e8,ignored,vendor_only_no_exact_public_file,documented_local_only
vendor/bcdatamapper/datascrapers/bc/early-learning/cache/captures/2026-09-22/regions/CHSA_1120.json,27957,380380b5fc0bb27ee5bc6c81218e8d3098a4878a919e781beb349444ebbd456a,ignored,vendor_only_no_exact_public_file,documented_local_only
vendor/bcdatamapper/datascrapers/bc/early-learning/cache/captures/2026-09-22/regions/CHSA_1130.json,27963,7ce3ab79cbc52e925c94d4ccf78724bf0c363dbd3eb1d333881b86a8c13b3bf4,ignored,vendor_only_no_exact_public_file,documented_local_only
vendor/bcdatamapper/datascrapers/bc/early-learning/cache/captures/2026-09-22/regions/CHSA_1140.json,28022,26067f96853d078466082f64e806cdea586aa482596a9e332d19732414f483a0,ignored,vendor_only_no_exact_public_file,documented_local_only
vendor/bcdatamapper/datascrapers/bc/early-learning/cache/captures/2026-09-22/regions/CHSA_1150.json,27616,0f1224f0176de9c011a9a7df7a2e40f97b10e0af720a6f7de2e2069653c3c526,ignored,vendor_only_no_exact_public_file,documented_local_only
vendor/bcdatamapper/datascrapers/bc/early-learning/cache/captures/2026-09-22/regions/CHSA_1160.json,27556,5e4c9f663593e1dfcc3d91eba653d146bef662b43a09266b37a8a7570c17fdc4,ignored,vendor_only_no_exact_public_file,documented_local_only
vendor/bcdatamapper/datascrapers/bc/early-learning/cache/captures/2026-09-22/regions/CHSA_1210.json,22410,a52642ec133c236462db86a10697949d703222d8a42e30380fe617c6cfe01bc8,ignored,vendor_only_no_exact_public_file,documented_local_only
vendor/bcdatamapper/datascrapers/bc/early-learning/cache/captures/2026-09-22/regions/CHSA_1220.json,27584,98d1aaef7912f210bed60a83f4497e993a02e9ae65f4761fe4424367cd77f08c,ignored,vendor_only_no_exact_public_file,documented_local_only
vendor/bcdatamapper/datascrapers/bc/early-learning/cache/captures/2026-09-22/regions/CHSA_1230.json,28011,b49d72c5a445de9b1f722f858676d8577ea56627261b697d41393e7e8a664514,ignored,vendor_only_no_exact_public_file,documented_local_only
vendor/bcdatamapper/datascrapers/bc/early-learning/cache/captures/2026-09-22/regions/CHSA_1240.json,28113,13a12a3714212a4a03426b5b7bc26d3a7768125b019c10469c4ad50613588595,ignored,vendor_only_no_exact_public_file,documented_local_only
vendor/bcdatamapper/datascrapers/bc/early-learning/cache/captures/2026-09-22/regions/CHSA_1250.json,27453,bf30c3b66b3b73f82d4534b6d772bee1f320368107f4a6214c3866a4eff5bd06,ignored,vendor_only_no_exact_public_file,documented_local_only
vendor/bcdatamapper/datascrapers/bc/early-learning/cache/captures/2026-09-22/regions/CHSA_1260.json,28134,08faffec036ade34bc305e5fa848358ac6c22ac96932e3a1b3b5a4261052a781,ignored,vendor_only_no_exact_public_file,documented_local_only
vendor/bcdatamapper/datascrapers/bc/early-learning/cache/captures/2026-09-22/regions/CHSA_1270.json,28363,e74d34721850afcb2b86512d11ebce76a9badc67cbc94dcb81488caf11f60277,ignored,vendor_only_no_exact_public_file,documented_local_only
vendor/bcdatamapper/datascrapers/bc/early-learning/cache/captures/2026-09-22/regions/CHSA_1310.json,28925,0a11f9b9dfe18e0b63ba7ce2ab0085424970021e9cf0492787406b69b9addf5b,ignored,vendor_only_no_exact_public_file,documented_local_only
vendor/bcdatamapper/datascrapers/bc/early-learning/cache/captures/2026-09-22/regions/CHSA_1320.json,27973,9f0a0fd44e23b13142a9ecdd76407d4b37d1153ba618b193db4f22d0731e39de,ignored,vendor_only_no_exact_public_file,documented_local_only
vendor/bcdatamapper/datascrapers/bc/early-learning/cache/captures/2026-09-22/regions/CHSA_1330.json,27819,ced7f4f6b6b3c60e79c87f9dcb5293004774cdd331c0e1af7f6701f29189d85a,ignored,vendor_only_no_exact_public_file,documented_local_only
vendor/bcdatamapper/datascrapers/bc/early-learning/cache/captures/2026-09-22/regions/CHSA_1340.json,24884,8ca2ae8975cc84124caec0bd0411a82636c1696ffa378cabe7960eef52d6f0a6,ignored,vendor_only_no_exact_public_file,documented_local_only
vendor/bcdatamapper/datascrapers/bc/early-learning/cache/captures/2026-09-22/regions/CHSA_1350.json,29491,2655d2391d807ac5feb7b7cd44bcd70fec6da6d8d7b489a819535aa15042f14a,ignored,vendor_only_no_exact_public_file,documented_local_only
vendor/bcdatamapper/datascrapers/bc/early-learning/cache/captures/2026-09-22/regions/CHSA_1361.json,29692,2ac8e855ea02d177ce99823e2b4eb62c2855a2ef4b3cad830da821ae99039158,ignored,vendor_only_no_exact_public_file,documented_local_only
vendor/bcdatamapper/datascrapers/bc/early-learning/cache/captures/2026-09-22/regions/CHSA_1362.json,29215,737018e3bccb8d166e318505c8c0670be846faaddb9478b73d8995e89d0f13df,ignored,vendor_only_no_exact_public_file,documented_local_only
vendor/bcdatamapper/datascrapers/bc/early-learning/cache/captures/2026-09-22/regions/CHSA_1371.json,26102,66cc79d1cbf7738d88e278b182bcd63308788c7c8c4c10e6cef38722f1c460fa,ignored,vendor_only_no_exact_public_file,documented_local_only
vendor/bcdatamapper/datascrapers/bc/early-learning/cache/captures/2026-09-22/regions/CHSA_1372.json,28282,da6f033f7c7b181e64e287e1f822cf0574c360fc3d0b78da37d66f3439a8b1d8,ignored,vendor_only_no_exact_public_file,documented_local_only
vendor/bcdatamapper/datascrapers/bc/early-learning/cache/captures/2026-09-22/regions/CHSA_1373.json,28328,20c33b086c70d137b1da332eee69c72e7b771343fb3af49fda8b06964d3dd5e9,ignored,vendor_only_no_exact_public_file,documented_local_only
vendor/bcdatamapper/datascrapers/bc/early-learning/cache/captures/2026-09-22/regions/CHSA_1374.json,27838,6d0eb611b22b2bdff877201d4c10f1985418468b8ec787d27c69454ef7df41a9,ignored,vendor_only_no_exact_public_file,documented_local_only
vendor/bcdatamapper/datascrapers/bc/early-learning/cache/captures/2026-09-22/regions/CHSA_1375.json,28744,afef5a0cfd80e7c5ae7adafe47c3f5f0231bc32eb6fb5777fe62fcbc7a6e16c3,ignored,vendor_only_no_exact_public_file,documented_local_only
vendor/bcdatamapper/datascrapers/bc/early-learning/cache/captures/2026-09-22/regions/CHSA_1376.json,27789,e81fe7983b3d617faf9cc638961798b05c7be6a9c282536f57f180cdfe0d405b,ignored,vendor_only_no_exact_public_file,documented_local_only
vendor/bcdatamapper/datascrapers/bc/early-learning/cache/captures/2026-09-22/regions/CHSA_1377.json,28636,24e72874048fff2af811da9dc6a772f798ca9ba3e4e12911049fbb19ab474be9,ignored,vendor_only_no_exact_public_file,documented_local_only
vendor/bcdatamapper/datascrapers/bc/early-learning/cache/captures/2026-09-22/regions/CHSA_1380.json,28061,a86e00cd7d3120af28bb503891e20618cc031f25dc3cab17ec44c1dc16aad830,ignored,vendor_only_no_exact_public_file,documented_local_only
vendor/bcdatamapper/datascrapers/bc/early-learning/cache/captures/2026-09-22/regions/CHSA_1390.json,27701,7abb5878d6478cc54536bf59ce360a15b90dbab36ad181fcfb1889cea2f13da4,ignored,vendor_only_no_exact_public_file,documented_local_only
vendor/bcdatamapper/datascrapers/bc/early-learning/cache/captures/2026-09-22/regions/CHSA_1410.json,27986,21a6e99692635f3737529d63f220e5ac7f3de5ced9359e42cef3d3b13b276c69,ignored,vendor_only_no_exact_public_file,documented_local_only
vendor/bcdatamapper/datascrapers/bc/early-learning/cache/captures/2026-09-22/regions/CHSA_1420.json,28058,7ba06db45b69b094f1b88cd2e84f2e23c99b5ca9bf26340a28897b0449cb9ba3,ignored,vendor_only_no_exact_public_file,documented_local_only
vendor/bcdatamapper/datascrapers/bc/early-learning/cache/captures/2026-09-22/regions/CHSA_1431.json,29412,831017c3cc41104a581c795c53c1fdbe5f35e03c8ed99b4d13d0c1c7f130dc8f,ignored,vendor_only_no_exact_public_file,documented_local_only
vendor/bcdatamapper/datascrapers/bc/early-learning/cache/captures/2026-09-22/regions/CHSA_1432.json,29344,fc0005f6564491e8fda09a02e183a29f3441677640990c86c78f1ac508ea7e11,ignored,vendor_only_no_exact_public_file,documented_local_only
vendor/bcdatamapper/datascrapers/bc/early-learning/cache/captures/2026-09-22/regions/CHSA_1433.json,28514,2aec92899799762a6bbabe4762b5200453bcf58dd12f40bc5ec479960034d92a,ignored,vendor_only_no_exact_public_file,documented_local_only
vendor/bcdatamapper/datascrapers/bc/early-learning/cache/captures/2026-09-22/regions/CHSA_1440.json,28506,857e026bae2b1e10da61e78a550439f9985fb727677d8c97cf07e3a44018c8b1,ignored,vendor_only_no_exact_public_file,documented_local_only
vendor/bcdatamapper/datascrapers/bc/early-learning/cache/captures/2026-09-22/regions/CHSA_1450.json,25679,118e5f08f8b58e5275aaa347a686ca0f974f551b5b84946590eeeed521af127f,ignored,vendor_only_no_exact_public_file,documented_local_only
vendor/bcdatamapper/datascrapers/bc/early-learning/cache/captures/2026-09-22/regions/CHSA_1461.json,15017,d72011913d8287aef68c632aaa5b9f201e71f95ada7274c0d06e973fe20f80dc,ignored,vendor_only_no_exact_public_file,documented_local_only
vendor/bcdatamapper/datascrapers/bc/early-learning/cache/captures/2026-09-22/regions/CHSA_1462.json,30020,4d66c2b3acfaa4418bf3cfab78f41f5f0d0f06e315fd04a331a62ca991da06b4,ignored,vendor_only_no_exact_public_file,documented_local_only
vendor/bcdatamapper/datascrapers/bc/early-learning/cache/captures/2026-09-22/regions/CHSA_1470.json,20955,3f24cf5092dd62f9b2f4eee9687cc7b9184e90c4e7c96aa34f84b5a383feb812,ignored,vendor_only_no_exact_public_file,documented_local_only
vendor/bcdatamapper/datascrapers/bc/early-learning/cache/captures/2026-09-22/regions/CHSA_1480.json,15442,dfbea461d5d9f90f5fc34d7fc23a992bc706b1fbae720b2ef9014c03d74d7f2f,ignored,vendor_only_no_exact_public_file,documented_local_only
vendor/bcdatamapper/datascrapers/bc/early-learning/cache/captures/2026-09-22/regions/CHSA_1490.json,27692,e70800dfe08460b26914ec2dfc2dcbf8fa1e6ee411444679c30a72c8b2c80bc2,ignored,vendor_only_no_exact_public_file,documented_local_only
vendor/bcdatamapper/datascrapers/bc/early-learning/cache/captures/2026-09-22/regions/CHSA_2110.json,27267,af0b45f9760da91da13deb058475ded1fbdeb939d43d4fc41bcc3c075625daf6,ignored,vendor_only_no_exact_public_file,documented_local_only
vendor/bcdatamapper/datascrapers/bc/early-learning/cache/captures/2026-09-22/regions/CHSA_2121.json,28654,b2fe751ef81aef90d6c44ad658c941a15c1908af122ab048d4b4e2f0dd28ee5e,ignored,vendor_only_no_exact_public_file,documented_local_only
vendor/bcdatamapper/datascrapers/bc/early-learning/cache/captures/2026-09-22/regions/CHSA_2122.json,28660,3283d340628485caa91f192a11d038708c2d8743325e95d6eb18101cc98d5ff6,ignored,vendor_only_no_exact_public_file,documented_local_only
vendor/bcdatamapper/datascrapers/bc/early-learning/cache/captures/2026-09-22/regions/CHSA_2131.json,28911,1323e91608c8836819e473ef3a31ce8317e0e9c9e3f3436cb933c44bb068991c,ignored,vendor_only_no_exact_public_file,documented_local_only
vendor/bcdatamapper/datascrapers/bc/early-learning/cache/captures/2026-09-22/regions/CHSA_2132.json,28545,a69a610b41f2775b8d5df792893ad1343b1342b777c12db403dfdf7af156c55e,ignored,vendor_only_no_exact_public_file,documented_local_only
vendor/bcdatamapper/datascrapers/bc/early-learning/cache/captures/2026-09-22/regions/CHSA_2133.json,28561,bb0cea71422343e62e1c8a815c8c74cc01287e0ea48a6cca00cc55751d0b3689,ignored,vendor_only_no_exact_public_file,documented_local_only
vendor/bcdatamapper/datascrapers/bc/early-learning/cache/captures/2026-09-22/regions/CHSA_2134.json,28635,8e2102ab9fe109b267c952e3f49f2fffc9579b3cb376f4ff2345b7e18aef11a9,ignored,vendor_only_no_exact_public_file,documented_local_only
vendor/bcdatamapper/datascrapers/bc/early-learning/cache/captures/2026-09-22/regions/CHSA_2141.json,28334,283674597e8f09437fece19b89a1097fa73ec78b53b659c7f8a2466505023653,ignored,vendor_only_no_exact_public_file,documented_local_only
vendor/bcdatamapper/datascrapers/bc/early-learning/cache/captures/2026-09-22/regions/CHSA_2142.json,28290,a08e7bdcb4f0d3883f85d15fafafa7cbb4687a3fbf2b8b7b20b83113bca12b84,ignored,vendor_only_no_exact_public_file,documented_local_only
vendor/bcdatamapper/datascrapers/bc/early-learning/cache/captures/2026-09-22/regions/CHSA_2150.json,25466,1b3578e2eac0608714fc36d0d6ad182bdb34d082609bc07c70b4254615175355,ignored,vendor_only_no_exact_public_file,documented_local_only
vendor/bcdatamapper/datascrapers/bc/early-learning/cache/captures/2026-09-22/regions/CHSA_2210.json,27570,54c8468b41b24ee972a0103fbd010b91240ed6afbce4b482357b4ed682b3f9b3,ignored,vendor_only_no_exact_public_file,documented_local_only
vendor/bcdatamapper/datascrapers/bc/early-learning/cache/captures/2026-09-22/regions/CHSA_2221.json,28764,5263817a00fab15d18fb778e9ea1ebae7d29e55bd139c9d2396ecac24dc17bff,ignored,vendor_only_no_exact_public_file,documented_local_only
vendor/bcdatamapper/datascrapers/bc/early-learning/cache/captures/2026-09-22/regions/CHSA_2222.json,28733,7a0e1e7cf4b72e27687d58a4b206ea37d658f8553abc212a5e5d08329fdfb24c,ignored,vendor_only_no_exact_public_file,documented_local_only
vendor/bcdatamapper/datascrapers/bc/early-learning/cache/captures/2026-09-22/regions/CHSA_2223.json,28773,cab7918582b64dd2b33ad91853a358d0ca471b92e8c442e09ae8acd87c19907e,ignored,vendor_only_no_exact_public_file,documented_local_only
vendor/bcdatamapper/datascrapers/bc/early-learning/cache/captures/2026-09-22/regions/CHSA_2224.json,28799,38597125ddebcce6403ff8de0ed8e05e8bcdf8345a284cf47068164f41bbf8d9,ignored,vendor_only_no_exact_public_file,documented_local_only
vendor/bcdatamapper/datascrapers/bc/early-learning/cache/captures/2026-09-22/regions/CHSA_2231.json,27361,86b052f78e57ddf48076ea8d7a24d415fdcf616ff724ad4e484984527c41af5a,ignored,vendor_only_no_exact_public_file,documented_local_only
vendor/bcdatamapper/datascrapers/bc/early-learning/cache/captures/2026-09-22/regions/CHSA_2232.json,28195,b0cf5c1eeb2b46739287c06214e6212e73914ddaeb4fa480c8e173d220116767,ignored,vendor_only_no_exact_public_file,documented_local_only
vendor/bcdatamapper/datascrapers/bc/early-learning/cache/captures/2026-09-22/regions/CHSA_2233.json,28829,ae5934f254f5f68749066a0c33429c05e335ce763d43432e267254550bfb018f,ignored,vendor_only_no_exact_public_file,documented_local_only
vendor/bcdatamapper/datascrapers/bc/early-learning/cache/captures/2026-09-22/regions/CHSA_2241.json,28499,798dbbd888353a100d1fcdcda64dcc9d8f2dc9ca68af31090ef456b11a7f7aba,ignored,vendor_only_no_exact_public_file,documented_local_only
vendor/bcdatamapper/datascrapers/bc/early-learning/cache/captures/2026-09-22/regions/CHSA_2242.json,29026,3b6c1942892d2de40f5a08d8b545c4efbe923ba66fea72e364f129125982e4be,ignored,vendor_only_no_exact_public_file,documented_local_only
vendor/bcdatamapper/datascrapers/bc/early-learning/cache/captures/2026-09-22/regions/CHSA_2243.json,28964,fdda02740fdd92661f8b1ea4cd80c8108bd6dbf5bd463888f87f0e4623106978,ignored,vendor_only_no_exact_public_file,documented_local_only
vendor/bcdatamapper/datascrapers/bc/early-learning/cache/captures/2026-09-22/regions/CHSA_2244.json,28418,5b17ec75ae89f5dbdb7b58c2450f59e56a1cb7704ebecc8f7227cf9774ce9d1d,ignored,vendor_only_no_exact_public_file,documented_local_only
vendor/bcdatamapper/datascrapers/bc/early-learning/cache/captures/2026-09-22/regions/CHSA_2245.json,29839,24811aa42604faa73944591032332bd878d2b3b9ddba9ee0656718ae4ac942c3,ignored,vendor_only_no_exact_public_file,documented_local_only
vendor/bcdatamapper/datascrapers/bc/early-learning/cache/captures/2026-09-22/regions/CHSA_2311.json,28568,8e7b1864b328d158206aa6fea399c8e695af0ce3bc9f31c1062fe6a07058bab3,ignored,vendor_only_no_exact_public_file,documented_local_only
vendor/bcdatamapper/datascrapers/bc/early-learning/cache/captures/2026-09-22/regions/CHSA_2312.json,29686,f30d32d8b4dc14dc15ce7765b18ad63e09cea6738afacc3bfbda07e17b54a776,ignored,vendor_only_no_exact_public_file,documented_local_only
vendor/bcdatamapper/datascrapers/bc/early-learning/cache/captures/2026-09-22/regions/CHSA_2313.json,27980,3453d52350d9a55314166f17502bf0e1c8cfe52ee38e5958d14a236d8c4d212b,ignored,vendor_only_no_exact_public_file,documented_local_only
vendor/bcdatamapper/datascrapers/bc/early-learning/cache/captures/2026-09-22/regions/CHSA_2314.json,29351,6889d28db3678d06be107ce0045c6c4c805bf7c608039977e374ddbba9601c17,ignored,vendor_only_no_exact_public_file,documented_local_only
vendor/bcdatamapper/datascrapers/bc/early-learning/cache/captures/2026-09-22/regions/CHSA_2315.json,28658,276ba55bae9178335ad0d6b8199c9ff82dc425d48b7899ad2afdcdd8531b3421,ignored,vendor_only_no_exact_public_file,documented_local_only
vendor/bcdatamapper/datascrapers/bc/early-learning/cache/captures/2026-09-22/regions/CHSA_2316.json,29295,d8f9a93ca4cf37a39d7a0be366ae79f4d3147ec2748f7973bb6bd8e4db1522ac,ignored,vendor_only_no_exact_public_file,documented_local_only
vendor/bcdatamapper/datascrapers/bc/early-learning/cache/captures/2026-09-22/regions/CHSA_2317.json,26021,6b21b63aabc27969d3be885d878e9f05481b40524443fd0c033bb81595e4bbc9,ignored,vendor_only_no_exact_public_file,documented_local_only
vendor/bcdatamapper/datascrapers/bc/early-learning/cache/captures/2026-09-22/regions/CHSA_2321.json,28087,f801d349453f9a689b26414bd42aafbb22675f157f0979f02879413d0f055105,ignored,vendor_only_no_exact_public_file,documented_local_only
vendor/bcdatamapper/datascrapers/bc/early-learning/cache/captures/2026-09-22/regions/CHSA_2322.json,27403,6411e68960756f6dd99120ba7f1df447c9b6d6d0f84ab8114cbf43c77b4948c1,ignored,vendor_only_no_exact_public_file,documented_local_only
vendor/bcdatamapper/datascrapers/bc/early-learning/cache/captures/2026-09-22/regions/CHSA_2323.json,27857,9611f7bd4232c68efadc83733f641153ee3d675a401b655622c99c5a2f31205d,ignored,vendor_only_no_exact_public_file,documented_local_only
vendor/bcdatamapper/datascrapers/bc/early-learning/cache/captures/2026-09-22/regions/CHSA_2331.json,27694,637e9ed86ac284be17ecfc9c9707fdcff89a9f330130b1acd779506da1cfd763,ignored,vendor_only_no_exact_public_file,documented_local_only
vendor/bcdatamapper/datascrapers/bc/early-learning/cache/captures/2026-09-22/regions/CHSA_2332.json,28239,aa3bce046093a4551bef93a500f8d29bc7afefdc718619b0f263e41f6cc2397f,ignored,vendor_only_no_exact_public_file,documented_local_only
vendor/bcdatamapper/datascrapers/bc/early-learning/cache/captures/2026-09-22/regions/CHSA_2333.json,28033,0c6cab75ca70525ff5bad0bb544703d5c3c622e64c34a807164f66869069d89a,ignored,vendor_only_no_exact_public_file,documented_local_only
vendor/bcdatamapper/datascrapers/bc/early-learning/cache/captures/2026-09-22/regions/CHSA_2334.json,27687,e599016d7f4d8d28aa966808b0260ade56caabb1bf3000c5934e69a29383e9aa,ignored,vendor_only_no_exact_public_file,documented_local_only
vendor/bcdatamapper/datascrapers/bc/early-learning/cache/captures/2026-09-22/regions/CHSA_2335.json,28077,39e918a009a8e2e35ac43b8169104218544e5a1d7f3c9f02243d7f653b654166,ignored,vendor_only_no_exact_public_file,documented_local_only
vendor/bcdatamapper/datascrapers/bc/early-learning/cache/captures/2026-09-22/regions/CHSA_2336.json,27880,25395d5325b596747c3c147feecbe296b7f3234f824398fbb28466588898e3d1,ignored,vendor_only_no_exact_public_file,documented_local_only
vendor/bcdatamapper/datascrapers/bc/early-learning/cache/captures/2026-09-22/regions/CHSA_2337.json,27882,e6dbe4c69b17252cd2d0d54d8e2bc091965202a4ee14dad2d178f68f3dae8ce5,ignored,vendor_only_no_exact_public_file,documented_local_only
vendor/bcdatamapper/datascrapers/bc/early-learning/cache/captures/2026-09-22/regions/CHSA_2338.json,28105,b9b4300d510945b7a036450479f67cc1aa2c2254a0e43813515e6b73379e0e10,ignored,vendor_only_no_exact_public_file,documented_local_only
vendor/bcdatamapper/datascrapers/bc/early-learning/cache/captures/2026-09-22/regions/CHSA_2341.json,28132,5ae67db31725afff28b02dba958c793e9b4cd17c819d8b6b8b4c8c7412bf6757,ignored,vendor_only_no_exact_public_file,documented_local_only
vendor/bcdatamapper/datascrapers/bc/early-learning/cache/captures/2026-09-22/regions/CHSA_2342.json,27905,b8a028d0ee34af7348d87b9098e424cb4e032f91c9acc028c449420184074670,ignored,vendor_only_no_exact_public_file,documented_local_only
vendor/bcdatamapper/datascrapers/bc/early-learning/cache/captures/2026-09-22/regions/CHSA_3111.json,29945,ed351776651b97506d9bc2642f09c15b0538442a26e76db8f11f0386abaf5dbf,ignored,vendor_only_no_exact_public_file,documented_local_only
vendor/bcdatamapper/datascrapers/bc/early-learning/cache/captures/2026-09-22/regions/CHSA_3112.json,28488,e9ed229fb64856910efd6ce1bdb30815d7d53ae1a445255a8dbfcf1772668fa6,ignored,vendor_only_no_exact_public_file,documented_local_only
vendor/bcdatamapper/datascrapers/bc/early-learning/cache/captures/2026-09-22/regions/CHSA_3113.json,28607,2d673e3b8a105d1f1e876acc4e8b7e4ce9c8bf76c8ad565b49140edc4c6a66a0,ignored,vendor_only_no_exact_public_file,documented_local_only
vendor/bcdatamapper/datascrapers/bc/early-learning/cache/captures/2026-09-22/regions/CHSA_3114.json,29403,83ac3a438244dd81e87d658c04b0e8bb87524a3007103c06c7219936d009b854,ignored,vendor_only_no_exact_public_file,documented_local_only
vendor/bcdatamapper/datascrapers/bc/early-learning/cache/captures/2026-09-22/regions/CHSA_3115.json,28618,2f135c704cc72c5999dc3c79eb662cdd1f5a933085ff9dbc322964fb3fc236d0,ignored,vendor_only_no_exact_public_file,documented_local_only
vendor/bcdatamapper/datascrapers/bc/early-learning/cache/captures/2026-09-22/regions/CHSA_3116.json,31213,4904ade44968bf195260edc32620300875028fe00f22b5fe65a8653ce60cb779,ignored,vendor_only_no_exact_public_file,documented_local_only
vendor/bcdatamapper/datascrapers/bc/early-learning/cache/captures/2026-09-22/regions/CHSA_3117.json,31231,6212f129059ab0db446c98295041dd1ea9b744021dbfd3fbfb4d54cdee54c218,ignored,vendor_only_no_exact_public_file,documented_local_only
vendor/bcdatamapper/datascrapers/bc/early-learning/cache/captures/2026-09-22/regions/CHSA_3211.json,29629,f14c22421adca39110d22d05afb0dd71132e21a528ef7b3a5c21028dbef7f195,ignored,vendor_only_no_exact_public_file,documented_local_only
vendor/bcdatamapper/datascrapers/bc/early-learning/cache/captures/2026-09-22/regions/CHSA_3212.json,28485,2e3dc940fdf6826bb3fd617c3843d6c11b318044014f5f4f56e89b192d67dc5d,ignored,vendor_only_no_exact_public_file,documented_local_only
vendor/bcdatamapper/datascrapers/bc/early-learning/cache/captures/2026-09-22/regions/CHSA_3213.json,28416,dc77fcfd92654e60992d901c503109c50424bc8e0211d12dfd34812bfd4dd5f3,ignored,vendor_only_no_exact_public_file,documented_local_only
vendor/bcdatamapper/datascrapers/bc/early-learning/cache/captures/2026-09-22/regions/CHSA_3221.json,23428,8c1e0bed55db57b92ce87de3dd46e54e1c78f00956c72548026ecd35231a7724,ignored,vendor_only_no_exact_public_file,documented_local_only
vendor/bcdatamapper/datascrapers/bc/early-learning/cache/captures/2026-09-22/regions/CHSA_3222.json,26685,249e0358a5e2152ab6f97843e026111ddb968861e6a577ee61ad717cbd84e0ae,ignored,vendor_only_no_exact_public_file,documented_local_only
vendor/bcdatamapper/datascrapers/bc/early-learning/cache/captures/2026-09-22/regions/CHSA_3223.json,29634,3506e9db13ebd35db45e2906acc1511eab32c67fc03c8c7f15003fb25045f44c,ignored,vendor_only_no_exact_public_file,documented_local_only
vendor/bcdatamapper/datascrapers/bc/early-learning/cache/captures/2026-09-22/regions/CHSA_3231.json,29046,7e70a93930c1c8b9b4960bf49eaa4de933c48b809b89a2eb5427be4d3165d5aa,ignored,vendor_only_no_exact_public_file,documented_local_only
vendor/bcdatamapper/datascrapers/bc/early-learning/cache/captures/2026-09-22/regions/CHSA_3232.json,29396,12d0d56c2cb16318d7270deca06a26aeb148a11e0d61715299c8b95817ddea7a,ignored,vendor_only_no_exact_public_file,documented_local_only
vendor/bcdatamapper/datascrapers/bc/early-learning/cache/captures/2026-09-22/regions/CHSA_3233.json,29772,9e4fcaf1bc2fd54d794d5a63d03c2d2ec71fe7427467f6a07d7403a7e27a1747,ignored,vendor_only_no_exact_public_file,documented_local_only
vendor/bcdatamapper/datascrapers/bc/early-learning/cache/captures/2026-09-22/regions/CHSA_3241.json,31774,02cba789608faf9712d6e2c0740f4773f945f4bb793732f3b45d5af9dcc434ec,ignored,vendor_only_no_exact_public_file,documented_local_only
vendor/bcdatamapper/datascrapers/bc/early-learning/cache/captures/2026-09-22/regions/CHSA_3242.json,31436,02545caa4f79ef37b7f4f0a1c5455b4ba88f6b28cad1fce19f39d8f8634fd3a8,ignored,vendor_only_no_exact_public_file,documented_local_only
vendor/bcdatamapper/datascrapers/bc/early-learning/cache/captures/2026-09-22/regions/CHSA_3243.json,31051,8af536a3044ee2e9eb9bb712505494b96b428c4c31af02ae1291dbb3b9aec0cb,ignored,vendor_only_no_exact_public_file,documented_local_only
vendor/bcdatamapper/datascrapers/bc/early-learning/cache/captures/2026-09-22/regions/CHSA_3244.json,28540,d54a479fd12668370a0448e5fecb5c64584cc629dc555ef525c0466421dfa317,ignored,vendor_only_no_exact_public_file,documented_local_only
vendor/bcdatamapper/datascrapers/bc/early-learning/cache/captures/2026-09-22/regions/CHSA_3251.json,28728,20de33d3fa45b30b3d83a9bcb9e233d242ba4c0f5f9b7069b3ea24bb0f8ee8b6,ignored,vendor_only_no_exact_public_file,documented_local_only
vendor/bcdatamapper/datascrapers/bc/early-learning/cache/captures/2026-09-22/regions/CHSA_3252.json,29181,f6f2bc53fcf310218df05ba027d6872de0a6c0cd875e6568918889a4fbe5a871,ignored,vendor_only_no_exact_public_file,documented_local_only
vendor/bcdatamapper/datascrapers/bc/early-learning/cache/captures/2026-09-22/regions/CHSA_3253.json,30246,52f4af5d1cdfab2468d119ab81936db5bd0611f8ed4203b8f2d1a2cb40170f08,ignored,vendor_only_no_exact_public_file,documented_local_only
vendor/bcdatamapper/datascrapers/bc/early-learning/cache/captures/2026-09-22/regions/CHSA_3261.json,28597,94d8c7f272ae9462b75515ed3d8a2c0589c8632fe131a49d6ffaa2916401e7ef,ignored,vendor_only_no_exact_public_file,documented_local_only
vendor/bcdatamapper/datascrapers/bc/early-learning/cache/captures/2026-09-22/regions/CHSA_3262.json,29454,7eb25bfc9eadb0d19f06249f5ab484576e2fc97a5d11f57db7637777173994ab,ignored,vendor_only_no_exact_public_file,documented_local_only
vendor/bcdatamapper/datascrapers/bc/early-learning/cache/captures/2026-09-22/regions/CHSA_3263.json,28326,b9804fbd2de35446fce0d96fa78218db177443620d1c66d76b8c140787a36ab2,ignored,vendor_only_no_exact_public_file,documented_local_only
vendor/bcdatamapper/datascrapers/bc/early-learning/cache/captures/2026-09-22/regions/CHSA_3264.json,29768,4a2b2d6d4eb5f382958c87290a5d70ce019748142b497ac5b77f640905e0910c,ignored,vendor_only_no_exact_public_file,documented_local_only
vendor/bcdatamapper/datascrapers/bc/early-learning/cache/captures/2026-09-22/regions/CHSA_3311.json,30669,7974963c48e596cfc49f7af233b65d8922345db2182f19a5c98e7eb5b4979b36,ignored,vendor_only_no_exact_public_file,documented_local_only
vendor/bcdatamapper/datascrapers/bc/early-learning/cache/captures/2026-09-22/regions/CHSA_3312.json,30765,6f08a0c99459d4ce8dd2e4730def4eb83a2926dede7395c48e510de9a2326d4c,ignored,vendor_only_no_exact_public_file,documented_local_only
vendor/bcdatamapper/datascrapers/bc/early-learning/cache/captures/2026-09-22/regions/CHSA_3313.json,30873,1ff337c9beb6239a108d8424b7b1efd10adb38ce51778502f37d49a65c8d2c61,ignored,vendor_only_no_exact_public_file,documented_local_only
vendor/bcdatamapper/datascrapers/bc/early-learning/cache/captures/2026-09-22/regions/CHSA_3314.json,30439,7ce5b351573372fce6339fb99a27ff9ee0cab31d821aa74c84452d621a03d52a,ignored,vendor_only_no_exact_public_file,documented_local_only
vendor/bcdatamapper/datascrapers/bc/early-learning/cache/captures/2026-09-22/regions/CHSA_3315.json,30485,9b719f807ab42a80636a8ea7ed0123f3dc87a3dc1c5b4bea8bcc69fb0633df68,ignored,vendor_only_no_exact_public_file,documented_local_only
vendor/bcdatamapper/datascrapers/bc/early-learning/cache/captures/2026-09-22/regions/CHSA_3321.json,30127,c4c509118a68b9059dea02372f80bf09bab57781164ff2cd8d31a69cddc09787,ignored,vendor_only_no_exact_public_file,documented_local_only
vendor/bcdatamapper/datascrapers/bc/early-learning/cache/captures/2026-09-22/regions/CHSA_3322.json,30107,c825fa964d4746c7f0f5ab9003c27302a482763bf0a629a2e07b638dbbf6ca15,ignored,vendor_only_no_exact_public_file,documented_local_only
vendor/bcdatamapper/datascrapers/bc/early-learning/cache/captures/2026-09-22/regions/CHSA_3323.json,26807,fe124b4b40c178bb5acb932bbf837f652e472a2aeec463bec8903519f29ecad9,ignored,vendor_only_no_exact_public_file,documented_local_only
vendor/bcdatamapper/datascrapers/bc/early-learning/cache/captures/2026-09-22/regions/CHSA_3331.json,25369,315cc3277892be3df8f4b76808f151a546c2fbc5d7a600e54e3627e11322f275,ignored,vendor_only_no_exact_public_file,documented_local_only
vendor/bcdatamapper/datascrapers/bc/early-learning/cache/captures/2026-09-22/regions/CHSA_3332.json,28372,2bd225495c8dda34a3e9e1d808151ad3ef21d6d30a0df5d971a6ca47b86b1242,ignored,vendor_only_no_exact_public_file,documented_local_only
vendor/bcdatamapper/datascrapers/bc/early-learning/cache/captures/2026-09-22/regions/CHSA_3333.json,29910,69498de741845b7895384764cf5cbead55bcd17e034f9feb0a366d7fa6073212,ignored,vendor_only_no_exact_public_file,documented_local_only
vendor/bcdatamapper/datascrapers/bc/early-learning/cache/captures/2026-09-22/regions/CHSA_3341.json,29536,38a4cf28fa33fa79331365e3b81c18f320c7e45f15719f1c9b2c9a619e94280e,ignored,vendor_only_no_exact_public_file,documented_local_only
vendor/bcdatamapper/datascrapers/bc/early-learning/cache/captures/2026-09-22/regions/CHSA_3342.json,28905,40ffb929ca84c1dd8acc80cc22088cec7ff8315b0e19f275d83667666d951dbd,ignored,vendor_only_no_exact_public_file,documented_local_only
vendor/bcdatamapper/datascrapers/bc/early-learning/cache/captures/2026-09-22/regions/CHSA_3351.json,28530,c6196a53c9034578735bac84df2cb13c6c245c451f0c24c1ac18c7d4554a8618,ignored,vendor_only_no_exact_public_file,documented_local_only
vendor/bcdatamapper/datascrapers/bc/early-learning/cache/captures/2026-09-22/regions/CHSA_3352.json,28434,fb365caead551d411f298011237bfb32cc898745180daf315c036dc44496bd42,ignored,vendor_only_no_exact_public_file,documented_local_only
vendor/bcdatamapper/datascrapers/bc/early-learning/cache/captures/2026-09-22/regions/CHSA_3353.json,29386,1bdf426f8438bf266318c6cea427d6ac0f8144612dcaa6d6dd075ba5926ec596,ignored,vendor_only_no_exact_public_file,documented_local_only
vendor/bcdatamapper/datascrapers/bc/early-learning/cache/captures/2026-09-22/regions/CHSA_3360.json,29658,2544ceda2a8c8a807b5e535ce3b8f1c5905ff441c7335057fed38738f435b441,ignored,vendor_only_no_exact_public_file,documented_local_only
vendor/bcdatamapper/datascrapers/bc/early-learning/cache/captures/2026-09-22/regions/CHSA_4111.json,27113,5107309b89246a7482c59e3e5a182b8643d907872c861573de8f2716ef53e0ab,ignored,vendor_only_no_exact_public_file,documented_local_only
vendor/bcdatamapper/datascrapers/bc/early-learning/cache/captures/2026-09-22/regions/CHSA_4112.json,25798,34ab2353132d91a25a28940f44b1c400eba322c1f52960adfbbcb5b1ff7342f3,ignored,vendor_only_no_exact_public_file,documented_local_only
vendor/bcdatamapper/datascrapers/bc/early-learning/cache/captures/2026-09-22/regions/CHSA_4113.json,26207,af7ec5657bd1ec7e38c8945c8e8bef94e6a369965785d823d6611396f887af5a,ignored,vendor_only_no_exact_public_file,documented_local_only
vendor/bcdatamapper/datascrapers/bc/early-learning/cache/captures/2026-09-22/regions/CHSA_4114.json,25222,a9116e62b346cca2e6752d42f1b9b6ff07ff660fd019f1c84d55c1dc5cac97d4,ignored,vendor_only_no_exact_public_file,documented_local_only
vendor/bcdatamapper/datascrapers/bc/early-learning/cache/captures/2026-09-22/regions/CHSA_4115.json,26674,affbb7810db68175df14b64e9fca66ddc80affb7161115e8d27feb51956e1e60,ignored,vendor_only_no_exact_public_file,documented_local_only
vendor/bcdatamapper/datascrapers/bc/early-learning/cache/captures/2026-09-22/regions/CHSA_4116.json,26120,fa3e63d21ba5e62666165a8457e8f044517e17990a4b0b041f66989e4f9b071e,ignored,vendor_only_no_exact_public_file,documented_local_only
vendor/bcdatamapper/datascrapers/bc/early-learning/cache/captures/2026-09-22/regions/CHSA_4117.json,23474,aa4dd23abba424d51581cb31cd7dbe4230ea8c3a553b28211ac5257d99c07456,ignored,vendor_only_no_exact_public_file,documented_local_only
vendor/bcdatamapper/datascrapers/bc/early-learning/cache/captures/2026-09-22/regions/CHSA_4118.json,22783,de012c375d72351b7ffe1ab6838ec2b28b9b81068318ca3ec42bf5e55b903176,ignored,vendor_only_no_exact_public_file,documented_local_only
vendor/bcdatamapper/datascrapers/bc/early-learning/cache/captures/2026-09-22/regions/CHSA_4119.json,25444,98104ed65e7f2f46a4c672a9d15d01d63568b438241aa8159d4088927504180f,ignored,vendor_only_no_exact_public_file,documented_local_only
vendor/bcdatamapper/datascrapers/bc/early-learning/cache/captures/2026-09-22/regions/CHSA_4121.json,28255,a45a9ff17647041c38c206383b5902576e00c99700251426b367d4de1ddb30a2,ignored,vendor_only_no_exact_public_file,documented_local_only
vendor/bcdatamapper/datascrapers/bc/early-learning/cache/captures/2026-09-22/regions/CHSA_4122.json,25413,fe4c438d1c5c9a3e60743df25901996ec0de4c8bed4b872a365dbc4fc8963ec2,ignored,vendor_only_no_exact_public_file,documented_local_only
vendor/bcdatamapper/datascrapers/bc/early-learning/cache/captures/2026-09-22/regions/CHSA_4123.json,29599,7647def16dd831ecb1df10ba4bee662e476ca8c216507db4b960364e6c9ee70b,ignored,vendor_only_no_exact_public_file,documented_local_only
vendor/bcdatamapper/datascrapers/bc/early-learning/cache/captures/2026-09-22/regions/CHSA_4124.json,28046,5aa08451705b9a9e96ad2a9789b8f37695633f16dfeab65f306762c2f6ad1361,ignored,vendor_only_no_exact_public_file,documented_local_only
vendor/bcdatamapper/datascrapers/bc/early-learning/cache/captures/2026-09-22/regions/CHSA_4125.json,16119,7265a9ff323c519e004394f283446d6fc6c22607780426577d1cce3e564ac13f,ignored,vendor_only_no_exact_public_file,documented_local_only
vendor/bcdatamapper/datascrapers/bc/early-learning/cache/captures/2026-09-22/regions/CHSA_4131.json,30879,0dcafbaa507644425b8a792bc7f6bc157835df5ac1af1f1905f1baf85025db40,ignored,vendor_only_no_exact_public_file,documented_local_only
vendor/bcdatamapper/datascrapers/bc/early-learning/cache/captures/2026-09-22/regions/CHSA_4132.json,29190,9f13700454529f3b3a99bdccecea499faecee5e72b20302a1c41218f4e80a765,ignored,vendor_only_no_exact_public_file,documented_local_only
vendor/bcdatamapper/datascrapers/bc/early-learning/cache/captures/2026-09-22/regions/CHSA_4133.json,28976,52c0ab49944fddef885e220d08f4daa0d68d795a5c1f647461b456d4f37d00c7,ignored,vendor_only_no_exact_public_file,documented_local_only
vendor/bcdatamapper/datascrapers/bc/early-learning/cache/captures/2026-09-22/regions/CHSA_4134.json,28067,b9b26ce2306b1caef00de7205e37554a44c94594fd376b516eb6172baad4a2e8,ignored,vendor_only_no_exact_public_file,documented_local_only
vendor/bcdatamapper/datascrapers/bc/early-learning/cache/captures/2026-09-22/regions/CHSA_4141.json,29490,248d5df610d9aabdd0bac5c3ed6cf2731a3f1a2dcff2c72d891b250ef0287785,ignored,vendor_only_no_exact_public_file,documented_local_only
vendor/bcdatamapper/datascrapers/bc/early-learning/cache/captures/2026-09-22/regions/CHSA_4142.json,30677,fad443ff3fc882ada1c02102bde4e81ffffae67a55f2a1dcc4b1061b31b487bf,ignored,vendor_only_no_exact_public_file,documented_local_only
vendor/bcdatamapper/datascrapers/bc/early-learning/cache/captures/2026-09-22/regions/CHSA_4211.json,29124,f64894cb0b819057951fcd1cb9eb240bd742ab108f7d76aeda82d47e28b6edf7,ignored,vendor_only_no_exact_public_file,documented_local_only
vendor/bcdatamapper/datascrapers/bc/early-learning/cache/captures/2026-09-22/regions/CHSA_4212.json,29346,fbc43b581a3a79298550f3fc0df0e3bbafdc798c8274eb4f139e716a23913ba0,ignored,vendor_only_no_exact_public_file,documented_local_only
vendor/bcdatamapper/datascrapers/bc/early-learning/cache/captures/2026-09-22/regions/CHSA_4220.json,29680,eebf6c6f53c45c33182d5a9d3cbbb316433f882e9a5da846f10ab3e24a73170c,ignored,vendor_only_no_exact_public_file,documented_local_only
vendor/bcdatamapper/datascrapers/bc/early-learning/cache/captures/2026-09-22/regions/CHSA_4231.json,25450,1d4a8724f5aa8325eb306718f936af639bbc7c482d1ee3abed6e71a5fd6103ed,ignored,vendor_only_no_exact_public_file,documented_local_only
vendor/bcdatamapper/datascrapers/bc/early-learning/cache/captures/2026-09-22/regions/CHSA_4232.json,16050,c40c6fc47cbb1f74edc7c5e1d69547d844263f46c4de00b82b1c0739e94c16c6,ignored,vendor_only_no_exact_public_file,documented_local_only
vendor/bcdatamapper/datascrapers/bc/early-learning/cache/captures/2026-09-22/regions/CHSA_4233.json,25432,4ffa4a215771ad66b6dd4b52aaf64f42b3f06dcf68cbe26dc658fce99e7064be,ignored,vendor_only_no_exact_public_file,documented_local_only
vendor/bcdatamapper/datascrapers/bc/early-learning/cache/captures/2026-09-22/regions/CHSA_4234.json,15709,83741bd974336a7db00dd0622eb72e807a2b1a18a32420f465fa7691564e6dfe,ignored,vendor_only_no_exact_public_file,documented_local_only
vendor/bcdatamapper/datascrapers/bc/early-learning/cache/captures/2026-09-22/regions/CHSA_4241.json,29312,481e792f3e2f39b1df126483a2fcc2760640a32543930e7b04e5918ca1c22de4,ignored,vendor_only_no_exact_public_file,documented_local_only
vendor/bcdatamapper/datascrapers/bc/early-learning/cache/captures/2026-09-22/regions/CHSA_4242.json,28976,a2c05112fe32724181c4b21ce9da8a0f4c823b247a41b9a769c7be25536106af,ignored,vendor_only_no_exact_public_file,documented_local_only
vendor/bcdatamapper/datascrapers/bc/early-learning/cache/captures/2026-09-22/regions/CHSA_4243.json,30250,6c2677a590fac8144567eeaa3ce6bdc4ee731c023c185891cbca74dabb97322f,ignored,vendor_only_no_exact_public_file,documented_local_only
vendor/bcdatamapper/datascrapers/bc/early-learning/cache/captures/2026-09-22/regions/CHSA_4244.json,28949,79c207911640905ab21b8ea2ae4189d861f285a29b79ad9cd3877f6e6cd15b7e,ignored,vendor_only_no_exact_public_file,documented_local_only
vendor/bcdatamapper/datascrapers/bc/early-learning/cache/captures/2026-09-22/regions/CHSA_4245.json,26292,37734d830dbd1b521ca78f5639e9a1df3588cee3132a035ec117d25fbb37c22a,ignored,vendor_only_no_exact_public_file,documented_local_only
vendor/bcdatamapper/datascrapers/bc/early-learning/cache/captures/2026-09-22/regions/CHSA_4246.json,29328,5c1d223fc584bb2e5b5c51bb887b7c6ec1be19fb2c2eaddbba4d9a1497f8fd90,ignored,vendor_only_no_exact_public_file,documented_local_only
vendor/bcdatamapper/datascrapers/bc/early-learning/cache/captures/2026-09-22/regions/CHSA_4247.json,16050,acb2c9150ec60ae33d21d9293b3319b28e6560d16b7412abcdbac0f223475437,ignored,vendor_only_no_exact_public_file,documented_local_only
vendor/bcdatamapper/datascrapers/bc/early-learning/cache/captures/2026-09-22/regions/CHSA_4251.json,25001,ee25b5b5fb0c7d42c4d2cceea71cd9c0a7ca53f9e2fc382ed56de6a47f6b9182,ignored,vendor_only_no_exact_public_file,documented_local_only
vendor/bcdatamapper/datascrapers/bc/early-learning/cache/captures/2026-09-22/regions/CHSA_4252.json,25332,915e0b316cb34ce35e6bfe063eccd13fc1dae8536bf1232d482ce594c6dd931f,ignored,vendor_only_no_exact_public_file,documented_local_only
vendor/bcdatamapper/datascrapers/bc/early-learning/cache/captures/2026-09-22/regions/CHSA_4253.json,29207,4b0356f2481745e110872ee3cf4ede1c2f3e993b94b40b04a3c7fe2c43a70886,ignored,vendor_only_no_exact_public_file,documented_local_only
vendor/bcdatamapper/datascrapers/bc/early-learning/cache/captures/2026-09-22/regions/CHSA_4261.json,28899,66a6405f6a30f71b115e5c39cd596046e470dca8c46c3606dab855eaaf481ff7,ignored,vendor_only_no_exact_public_file,documented_local_only
vendor/bcdatamapper/datascrapers/bc/early-learning/cache/captures/2026-09-22/regions/CHSA_4262.json,30003,e724f72bc9dfddbe9903f90e5fbf37d2affe11125cc4b28b40223a6db1167890,ignored,vendor_only_no_exact_public_file,documented_local_only
vendor/bcdatamapper/datascrapers/bc/early-learning/cache/captures/2026-09-22/regions/CHSA_4263.json,28597,8617f036f830a0009cf7b2017358b2c0e30d0069237496809b19fcb52e1368a3,ignored,vendor_only_no_exact_public_file,documented_local_only
vendor/bcdatamapper/datascrapers/bc/early-learning/cache/captures/2026-09-22/regions/CHSA_4311.json,28005,c5a7943084ce88548a5ebc3d6bb537474a6401a417294864dc332e94c5195cfb,ignored,vendor_only_no_exact_public_file,documented_local_only
vendor/bcdatamapper/datascrapers/bc/early-learning/cache/captures/2026-09-22/regions/CHSA_4312.json,29560,ce74f5690dd5696dac11b918e05da562b5fd9ca8ad5851b6b0b52909d4f0e796,ignored,vendor_only_no_exact_public_file,documented_local_only
vendor/bcdatamapper/datascrapers/bc/early-learning/cache/captures/2026-09-22/regions/CHSA_4313.json,28516,7eed61bc6fb1f7510564cc80d1f7e8336c4d96ae9af7787e4c05cf5bd3a7e456,ignored,vendor_only_no_exact_public_file,documented_local_only
vendor/bcdatamapper/datascrapers/bc/early-learning/cache/captures/2026-09-22/regions/CHSA_4321.json,29145,fb3729246ac1f25f877b76c630ae64ede4232c3fb8b09c3b827218c01c8b4f30,ignored,vendor_only_no_exact_public_file,documented_local_only
vendor/bcdatamapper/datascrapers/bc/early-learning/cache/captures/2026-09-22/regions/CHSA_4322.json,29727,e7697c1c04c3b7d8204c737dce63ce0ecf557d9ab4229cc9080aad4d8e2c5ea9,ignored,vendor_only_no_exact_public_file,documented_local_only
vendor/bcdatamapper/datascrapers/bc/early-learning/cache/captures/2026-09-22/regions/CHSA_4330.json,29877,f0b3090f46767c813e10d85eb7426c195af720abcaa9356cfa722f8db7c2a201,ignored,vendor_only_no_exact_public_file,documented_local_only
vendor/bcdatamapper/datascrapers/bc/early-learning/cache/captures/2026-09-22/regions/CHSA_4341.json,26617,795e13969952fa936f607842faa5ddd95d58604cba21313ff1758c6cb3203893,ignored,vendor_only_no_exact_public_file,documented_local_only
vendor/bcdatamapper/datascrapers/bc/early-learning/cache/captures/2026-09-22/regions/CHSA_4342.json,15583,385e5683de28f2bd32292fa541b2bd74e309b11cbe0135c5adb7dcb667eb09e5,ignored,vendor_only_no_exact_public_file,documented_local_only
vendor/bcdatamapper/datascrapers/bc/early-learning/cache/captures/2026-09-22/regions/CHSA_4343.json,24228,c24995d800c7acb18e55e604b6e3e81c14f97da28ba1d6f438274c6601dbf1b5,ignored,vendor_only_no_exact_public_file,documented_local_only
vendor/bcdatamapper/datascrapers/bc/early-learning/cache/captures/2026-09-22/regions/CHSA_5101.json,28875,5658817ec7c45d24017d35e2910f58b5b16d890d8f923306dbbb9a8b3d464d3b,ignored,vendor_only_no_exact_public_file,documented_local_only
vendor/bcdatamapper/datascrapers/bc/early-learning/cache/captures/2026-09-22/regions/CHSA_5102.json,22709,4700a2dc64a98debd1b872433dac1510d6d288ec90aaafad831da4c6630187cc,ignored,vendor_only_no_exact_public_file,documented_local_only
vendor/bcdatamapper/datascrapers/bc/early-learning/cache/captures/2026-09-22/regions/CHSA_5110.json,14833,5a713646aa2ff5b992c723c1dc2feb37c49adb7b542951b3403aefc97fac9a0e,ignored,vendor_only_no_exact_public_file,documented_local_only
vendor/bcdatamapper/datascrapers/bc/early-learning/cache/captures/2026-09-22/regions/CHSA_5121.json,29860,18118c2775c3cef240361406522411fcb92e1aad25d82e0a94f41c3e1c31735b,ignored,vendor_only_no_exact_public_file,documented_local_only
vendor/bcdatamapper/datascrapers/bc/early-learning/cache/captures/2026-09-22/regions/CHSA_5122.json,22866,66f2054b3251992667d08c635b54dfc3b3bccd04628b01b032139d185e02841c,ignored,vendor_only_no_exact_public_file,documented_local_only
vendor/bcdatamapper/datascrapers/bc/early-learning/cache/captures/2026-09-22/regions/CHSA_5130.json,25115,692398e52b46696a286345260d999d23716f131413adf4c5aa074d2eb1639d63,ignored,vendor_only_no_exact_public_file,documented_local_only
vendor/bcdatamapper/datascrapers/bc/early-learning/cache/captures/2026-09-22/regions/CHSA_5141.json,22938,a9f4104f71155bd5df1b6fe67b655b761c5792b6abf619940bf668bb7b241141,ignored,vendor_only_no_exact_public_file,documented_local_only
vendor/bcdatamapper/datascrapers/bc/early-learning/cache/captures/2026-09-22/regions/CHSA_5142.json,28536,4be91d17575a51cf29da8a7e2848b36e4b2958ef8b10e07844f1c02ba2efd4aa,ignored,vendor_only_no_exact_public_file,documented_local_only
vendor/bcdatamapper/datascrapers/bc/early-learning/cache/captures/2026-09-22/regions/CHSA_5143.json,24670,f9613643a38dd00bce974d4bf789e7f7587fed089893afef02e80adc157d46c9,ignored,vendor_only_no_exact_public_file,documented_local_only
vendor/bcdatamapper/datascrapers/bc/early-learning/cache/captures/2026-09-22/regions/CHSA_5150.json,24696,fabfaadf6ca1c91993c225b38d2adac6c23e911c80cabd03c3b022966f2f0141,ignored,vendor_only_no_exact_public_file,documented_local_only
vendor/bcdatamapper/datascrapers/bc/early-learning/cache/captures/2026-09-22/regions/CHSA_5171.json,29142,65f937d8e487508531a0e22c59b3cdb10140d0b1db9020a470bcfc6c3ab09c73,ignored,vendor_only_no_exact_public_file,documented_local_only
vendor/bcdatamapper/datascrapers/bc/early-learning/cache/captures/2026-09-22/regions/CHSA_5172.json,28320,6ef305db0caa905b18187f0fc87ca875bc1f4ef227b21e4cfb0e476c9f6000e3,ignored,vendor_only_no_exact_public_file,documented_local_only
vendor/bcdatamapper/datascrapers/bc/early-learning/cache/captures/2026-09-22/regions/CHSA_5180.json,27653,0e4484469dbea99515f21703ffd8a7f086f0a18262f9272c956ab8e445c40ddb,ignored,vendor_only_no_exact_public_file,documented_local_only
vendor/bcdatamapper/datascrapers/bc/early-learning/cache/captures/2026-09-22/regions/CHSA_5211.json,25841,40fded4592871de3ff3da92c854e0a5d72c8fc7a93e56b1d73211e1d66f615f5,ignored,vendor_only_no_exact_public_file,documented_local_only
vendor/bcdatamapper/datascrapers/bc/early-learning/cache/captures/2026-09-22/regions/CHSA_5212.json,28437,7429ee8dc1aa131db4a67951adc10504fa5b5fc979b58546fc73111643de6c48,ignored,vendor_only_no_exact_public_file,documented_local_only
vendor/bcdatamapper/datascrapers/bc/early-learning/cache/captures/2026-09-22/regions/CHSA_5221.json,15083,5edf2f806aa89f70e85bd0718bf0456797933b9bf733e093a576ce1ca2a981b1,ignored,vendor_only_no_exact_public_file,documented_local_only
vendor/bcdatamapper/datascrapers/bc/early-learning/cache/captures/2026-09-22/regions/CHSA_5222.json,22607,6a1bf36566cf1ce9387447616b447f78d6a79198e448b0633d406140ef80e5aa,ignored,vendor_only_no_exact_public_file,documented_local_only
vendor/bcdatamapper/datascrapers/bc/early-learning/cache/captures/2026-09-22/regions/CHSA_5223.json,22650,f753ac96a6a7e2456bb70ad6e515d0b86ff75150a30415bae182d37fd9d8a8f6,ignored,vendor_only_no_exact_public_file,documented_local_only
vendor/bcdatamapper/datascrapers/bc/early-learning/cache/captures/2026-09-22/regions/CHSA_5231.json,27959,be79162058d2c7aec4eccbe2ec83dfe9e2e3bf055b5b03d18012dbcce1be3869,ignored,vendor_only_no_exact_public_file,documented_local_only
vendor/bcdatamapper/datascrapers/bc/early-learning/cache/captures/2026-09-22/regions/CHSA_5232.json,22596,55d78855ee6fca0752c158c08e056773c38e36edbd64d4c9544036d9d482bcec,ignored,vendor_only_no_exact_public_file,documented_local_only
vendor/bcdatamapper/datascrapers/bc/early-learning/cache/captures/2026-09-22/regions/CHSA_5233.json,25915,13944433cc39d4a4d60c0379b9702b33eedeeac9414b73d6942c9b10ea501bd9,ignored,vendor_only_no_exact_public_file,documented_local_only
vendor/bcdatamapper/datascrapers/bc/early-learning/cache/captures/2026-09-22/regions/CHSA_5234.json,25011,c0858bf6a699903070d01693785447323458ef06c8896606c0839ba0ffa47aa8,ignored,vendor_only_no_exact_public_file,documented_local_only
vendor/bcdatamapper/datascrapers/bc/early-learning/cache/captures/2026-09-22/regions/CHSA_5241.json,29914,f78fb98d18f14a0c2722c04f849f1273fbb4fc5dd04f056021c658e8b4f4f94d,ignored,vendor_only_no_exact_public_file,documented_local_only
vendor/bcdatamapper/datascrapers/bc/early-learning/cache/captures/2026-09-22/regions/CHSA_5242.json,30156,be6dc68c0e46a65a4fc1adadd9acfe89cc7087d0636e2d0814ed8b1c02a678f6,ignored,vendor_only_no_exact_public_file,documented_local_only
vendor/bcdatamapper/datascrapers/bc/early-learning/cache/captures/2026-09-22/regions/CHSA_5243.json,30440,4b104fb333728784804d72a6552f7d8a702947db9feeb1b18166f48500f39dc8,ignored,vendor_only_no_exact_public_file,documented_local_only
vendor/bcdatamapper/datascrapers/bc/early-learning/cache/captures/2026-09-22/regions/CHSA_5244.json,30208,09110e903b9877f29dffaa357121e053ac225430e06d108c09d624234b50ee59,ignored,vendor_only_no_exact_public_file,documented_local_only
vendor/bcdatamapper/datascrapers/bc/early-learning/cache/captures/2026-09-22/regions/CHSA_5245.json,30546,c61d224b1c3928ad9096a603c5c153dcf78cd3f8c05f6659260d51b635a64bd4,ignored,vendor_only_no_exact_public_file,documented_local_only
vendor/bcdatamapper/datascrapers/bc/early-learning/cache/captures/2026-09-22/regions/CHSA_5246.json,15508,44383e30afb779837fa193260bf807a1b91ab3518788fd7c58f1763aa7e6dbdc,ignored,vendor_only_no_exact_public_file,documented_local_only
vendor/bcdatamapper/datascrapers/bc/early-learning/cache/captures/2026-09-22/regions/CHSA_5247.json,25259,62dd1125d860dbc284ff4c176a8c2570b1bd36865f12deb97b8f4089c08238a0,ignored,vendor_only_no_exact_public_file,documented_local_only
vendor/bcdatamapper/datascrapers/bc/early-learning/cache/captures/2026-09-22/regions/CHSA_5311.json,28232,5e402a555e2dcf0cefd9127be5fc9718a5bb0b4f482811ec14782f94fdff2d34,ignored,vendor_only_no_exact_public_file,documented_local_only
vendor/bcdatamapper/datascrapers/bc/early-learning/cache/captures/2026-09-22/regions/CHSA_5312.json,27713,817b08af5c43984ba4114c8ff07231c25be009544f489aac64bcb2e28af790c7,ignored,vendor_only_no_exact_public_file,documented_local_only
vendor/bcdatamapper/datascrapers/bc/early-learning/cache/captures/2026-09-22/regions/CHSA_5313.json,21824,ab3a170d3bc842d31d966a3081747d65044e665294bea8353c021bcc535874d6,ignored,vendor_only_no_exact_public_file,documented_local_only
vendor/bcdatamapper/datascrapers/bc/early-learning/cache/captures/2026-09-22/regions/CHSA_5314.json,29476,21da33135605d79223fd880f6ce45902f8c41ce2bec630317c8b607f1af5c8ce,ignored,vendor_only_no_exact_public_file,documented_local_only
vendor/bcdatamapper/datascrapers/bc/early-learning/cache/captures/2026-09-22/regions/CHSA_5321.json,28247,aa035fd93f9568b485b553e49c42fa9c2f3f0e2c8afed6a755ee3afe72fef6d5,ignored,vendor_only_no_exact_public_file,documented_local_only
vendor/bcdatamapper/datascrapers/bc/early-learning/cache/captures/2026-09-22/regions/CHSA_5322.json,15416,095b87ff88fbee436c921f683e2023d203ad03ff5197e092b1b2b9fd3c861b31,ignored,vendor_only_no_exact_public_file,documented_local_only
vendor/bcdatamapper/datascrapers/bc/early-learning/cache/captures/2026-09-22/regions/CHSA_5323.json,29574,6476f3699133e23d9fb45ea47cb35dc6c44031a1fc723bf50817ca6ada159ded,ignored,vendor_only_no_exact_public_file,documented_local_only
vendor/bcdatamapper/datascrapers/bc/early-learning/cache/captures/2026-09-22/regions/CHSA_5331.json,30286,14289206a0b4fed216a77dbe11ac37033f2514af0a297a6df556863c47a2c29e,ignored,vendor_only_no_exact_public_file,documented_local_only
vendor/bcdatamapper/datascrapers/bc/early-learning/cache/captures/2026-09-22/regions/CHSA_ALL.json,25269,557524c6bcc871e5a03458a9e1ead1f4a4dabfd2acb2f3c53bb25cb87bf17d54,ignored,vendor_only_no_exact_public_file,documented_local_only
vendor/bcdatamapper/datascrapers/bc/early-learning/cache/captures/2026-09-22/regions/GEOSD_10.json,45180,054b4af916b7224e6f656ce7b0feee54c84b7007a79d49585df5f1856541d444,ignored,vendor_only_no_exact_public_file,documented_local_only
vendor/bcdatamapper/datascrapers/bc/early-learning/cache/captures/2026-09-22/regions/GEOSD_19.json,44906,bf357e043227979d133f615b45d2b4508375630b98f766ceb4c403a72c63a7ae,ignored,vendor_only_no_exact_public_file,documented_local_only
vendor/bcdatamapper/datascrapers/bc/early-learning/cache/captures/2026-09-22/regions/GEOSD_20.json,47395,e7b72de8ae8ffcff9e597664e07b6ea34449d396b3038ef4f84700ab97f7f1f4,ignored,vendor_only_no_exact_public_file,documented_local_only
vendor/bcdatamapper/datascrapers/bc/early-learning/cache/captures/2026-09-22/regions/GEOSD_22.json,44156,a550add0fead232a8aa91facc4ab080e133dcdc875666a0dde0e85f514ab48c2,ignored,vendor_only_no_exact_public_file,documented_local_only
vendor/bcdatamapper/datascrapers/bc/early-learning/cache/captures/2026-09-22/regions/GEOSD_23.json,46764,e0cfab46cc510dfd3444e745ecb3f1c38f0ca8bf0421d6dbbc10ab83ffda82ed,ignored,vendor_only_no_exact_public_file,documented_local_only
vendor/bcdatamapper/datascrapers/bc/early-learning/cache/captures/2026-09-22/regions/GEOSD_27.json,47463,63d1974e8e3ffa7cd3ede480311e19432246a3d3d3b6ddc9776ead6f3057d9ac,ignored,vendor_only_no_exact_public_file,documented_local_only
vendor/bcdatamapper/datascrapers/bc/early-learning/cache/captures/2026-09-22/regions/GEOSD_28.json,44360,35e5f540a0a47cca664cb4b1acc233ed6be90e7574aba817f8e31d264cd54403,ignored,vendor_only_no_exact_public_file,documented_local_only
vendor/bcdatamapper/datascrapers/bc/early-learning/cache/captures/2026-09-22/regions/GEOSD_33.json,45265,0d4e610781a5461fc690d47fb24be434a79d19b52da3da9c6c0b65a2704167f9,ignored,vendor_only_no_exact_public_file,documented_local_only
vendor/bcdatamapper/datascrapers/bc/early-learning/cache/captures/2026-09-22/regions/GEOSD_34.json,42978,1b4773748ff4071d12ccf58dfd43da57009e549eb2fa2a49964349ea9428f962,ignored,vendor_only_no_exact_public_file,documented_local_only
vendor/bcdatamapper/datascrapers/bc/early-learning/cache/captures/2026-09-22/regions/GEOSD_35.json,44508,f7afea52cb38649752d67503191c73b0f432e44900cd6f9248da3da35d405ab2,ignored,vendor_only_no_exact_public_file,documented_local_only
vendor/bcdatamapper/datascrapers/bc/early-learning/cache/captures/2026-09-22/regions/GEOSD_36.json,44336,8001e4d555d281401043bf58b10b928132c7accaefadccaf5b65d7148d0ad6fb,ignored,vendor_only_no_exact_public_file,documented_local_only
vendor/bcdatamapper/datascrapers/bc/early-learning/cache/captures/2026-09-22/regions/GEOSD_37.json,43987,14b86c216544de2d826ff32b87e1120cc6aca57c9cccd199dfee407bc1086cd5,ignored,vendor_only_no_exact_public_file,documented_local_only
vendor/bcdatamapper/datascrapers/bc/early-learning/cache/captures/2026-09-22/regions/GEOSD_38.json,44718,b59f2c50ab672180efce6f2f3a881f5a55053880793d0dbcba01f741fdfb3020,ignored,vendor_only_no_exact_public_file,documented_local_only
vendor/bcdatamapper/datascrapers/bc/early-learning/cache/captures/2026-09-22/regions/GEOSD_39.json,45002,83973f2d67ca998299d122c90db5a168701020a3143e764b182c78aba319b973,ignored,vendor_only_no_exact_public_file,documented_local_only
vendor/bcdatamapper/datascrapers/bc/early-learning/cache/captures/2026-09-22/regions/GEOSD_40.json,46357,3f24699f1c06f783a5d51515929091c599427f6a8ef0cf1c35de6525f9e93a56,ignored,vendor_only_no_exact_public_file,documented_local_only
vendor/bcdatamapper/datascrapers/bc/early-learning/cache/captures/2026-09-22/regions/GEOSD_41.json,44506,6484a9b5a47d80dba454d8cc703c23a0511f478080ccc93605253ac483dbdcc0,ignored,vendor_only_no_exact_public_file,documented_local_only
vendor/bcdatamapper/datascrapers/bc/early-learning/cache/captures/2026-09-22/regions/GEOSD_42.json,49229,251ba4504663ace286d47c6d8ffe55b7fb394fd828fd0a602d54e4ee5bc9e8a0,ignored,vendor_only_no_exact_public_file,documented_local_only
vendor/bcdatamapper/datascrapers/bc/early-learning/cache/captures/2026-09-22/regions/GEOSD_43.json,45001,2be9c48d2db1d5a42ffeaf8ab4658811f63605e007e805f51c5ade778229d19b,ignored,vendor_only_no_exact_public_file,documented_local_only
vendor/bcdatamapper/datascrapers/bc/early-learning/cache/captures/2026-09-22/regions/GEOSD_44.json,43201,46a0f81e81f11987f2ff8a357073776963bc965a5aabce14dbdc826fabc482b6,ignored,vendor_only_no_exact_public_file,documented_local_only
vendor/bcdatamapper/datascrapers/bc/early-learning/cache/captures/2026-09-22/regions/GEOSD_45.json,46074,a34e620928ef5533488dd85b334c41b6f4ede60c3cef29356c1ed4d4c541df5e,ignored,vendor_only_no_exact_public_file,documented_local_only
vendor/bcdatamapper/datascrapers/bc/early-learning/cache/captures/2026-09-22/regions/GEOSD_46.json,42348,eee260dd8f58eae2a88e6bb2e52d6d6596a9af59a591e914223bf479222b9fa2,ignored,vendor_only_no_exact_public_file,documented_local_only
vendor/bcdatamapper/datascrapers/bc/early-learning/cache/captures/2026-09-22/regions/GEOSD_47.json,44018,6c3b774ee8bb3f50df8ec08c6eb5808b93bbef197e15b971e3d466c086349878,ignored,vendor_only_no_exact_public_file,documented_local_only
vendor/bcdatamapper/datascrapers/bc/early-learning/cache/captures/2026-09-22/regions/GEOSD_48.json,45123,f695eb3d06f993ef0c3b24cf9146d75b93aad10d6290bb9766954f32d6ee1765,ignored,vendor_only_no_exact_public_file,documented_local_only
vendor/bcdatamapper/datascrapers/bc/early-learning/cache/captures/2026-09-22/regions/GEOSD_49.json,32592,71092685002dc43afc4003fa33985563c2b9ac45e06bc8c447708f3fece328d8,ignored,vendor_only_no_exact_public_file,documented_local_only
vendor/bcdatamapper/datascrapers/bc/early-learning/cache/captures/2026-09-22/regions/GEOSD_5.json,47088,fe5a1cedf69d5313c1a1c1df4648d2207917b17c180566098693b458f1019c68,ignored,vendor_only_no_exact_public_file,documented_local_only
vendor/bcdatamapper/datascrapers/bc/early-learning/cache/captures/2026-09-22/regions/GEOSD_50.json,45356,3cb3ec61581e4a3388682ec0e213961b883a614ea2ece941de123796e0baf5b1,ignored,vendor_only_no_exact_public_file,documented_local_only
vendor/bcdatamapper/datascrapers/bc/early-learning/cache/captures/2026-09-22/regions/GEOSD_51.json,44614,7a2762d4993d481d7c42b7863981c3a5f5f501c39b5f7e7181fa5a97ee466fd4,ignored,vendor_only_no_exact_public_file,documented_local_only
vendor/bcdatamapper/datascrapers/bc/early-learning/cache/captures/2026-09-22/regions/GEOSD_52.json,45977,f93a6af0f687b0df6932f55c0824435b7933c124dc51f5d95cad6709019eb057,ignored,vendor_only_no_exact_public_file,documented_local_only
vendor/bcdatamapper/datascrapers/bc/early-learning/cache/captures/2026-09-22/regions/GEOSD_53.json,48149,41c2a969b0bb0cc1b946b3fe6a03b96eac876b00b3d795c6aebf2a9856e605df,ignored,vendor_only_no_exact_public_file,documented_local_only
vendor/bcdatamapper/datascrapers/bc/early-learning/cache/captures/2026-09-22/regions/GEOSD_54.json,46135,4de264ce32d47389440857d2a3120553c12abc27868d24faffef222e5fb6d799,ignored,vendor_only_no_exact_public_file,documented_local_only
vendor/bcdatamapper/datascrapers/bc/early-learning/cache/captures/2026-09-22/regions/GEOSD_57.json,45988,5a1e26a9d985e9b956ddee898acae9f13db1729981f2cd49d9b63965918013dd,ignored,vendor_only_no_exact_public_file,documented_local_only
vendor/bcdatamapper/datascrapers/bc/early-learning/cache/captures/2026-09-22/regions/GEOSD_58.json,47538,5fc3578bdd3f59492178496a3b5d0f843bc1a73a698265849eebe895867e68b2,ignored,vendor_only_no_exact_public_file,documented_local_only
vendor/bcdatamapper/datascrapers/bc/early-learning/cache/captures/2026-09-22/regions/GEOSD_59.json,46800,a8e32bb872d235174964b50198429a9d83801b6ebe5f03a88fcf3e57e3f7ef64,ignored,vendor_only_no_exact_public_file,documented_local_only
vendor/bcdatamapper/datascrapers/bc/early-learning/cache/captures/2026-09-22/regions/GEOSD_6.json,46048,9fda5c6edd73f3bbd551a5bd775c9d02cbe7b791b47d77e7ca92be8256dea2a2,ignored,vendor_only_no_exact_public_file,documented_local_only
vendor/bcdatamapper/datascrapers/bc/early-learning/cache/captures/2026-09-22/regions/GEOSD_60.json,46843,82c9524592628b20e545ec3d8e52229887303a931607bd950b24fb25ee663720,ignored,vendor_only_no_exact_public_file,documented_local_only
vendor/bcdatamapper/datascrapers/bc/early-learning/cache/captures/2026-09-22/regions/GEOSD_61.json,37899,2f6fff8777a142c745185a02f2b0ae96ed65bad76e6747f7cc751f2ea2f6fddb,ignored,vendor_only_no_exact_public_file,documented_local_only
vendor/bcdatamapper/datascrapers/bc/early-learning/cache/captures/2026-09-22/regions/GEOSD_62.json,43974,5a91c9b5e1a020f9cea9d3354e5f20e3b7020111c74adadd9aaafcfaed5894e4,ignored,vendor_only_no_exact_public_file,documented_local_only
vendor/bcdatamapper/datascrapers/bc/early-learning/cache/captures/2026-09-22/regions/GEOSD_63.json,44306,93f221b1a815b474f3cf86750f40f29a68b41991c19366125d3bdab3967edc54,ignored,vendor_only_no_exact_public_file,documented_local_only
vendor/bcdatamapper/datascrapers/bc/early-learning/cache/captures/2026-09-22/regions/GEOSD_64.json,45515,6b2e10a50e63c42e397e6d3d3be3dfb068e16fc282e986182899f88d0e1bacab,ignored,vendor_only_no_exact_public_file,documented_local_only
vendor/bcdatamapper/datascrapers/bc/early-learning/cache/captures/2026-09-22/regions/GEOSD_67.json,46704,de582bda58a38de1e7124385d2fac442b7d07c8f8596abb5ffee893dfcdbe487,ignored,vendor_only_no_exact_public_file,documented_local_only
vendor/bcdatamapper/datascrapers/bc/early-learning/cache/captures/2026-09-22/regions/GEOSD_68.json,47434,10ec78d5c3e89e8858ac842571bf6accd1e327291d90d3e2a91b5d2b1392d61d,ignored,vendor_only_no_exact_public_file,documented_local_only
vendor/bcdatamapper/datascrapers/bc/early-learning/cache/captures/2026-09-22/regions/GEOSD_69.json,44615,9b5ad41d90549bb6c1bd31507c0fec648c003b485328cee7c82d5dd42caabd62,ignored,vendor_only_no_exact_public_file,documented_local_only
vendor/bcdatamapper/datascrapers/bc/early-learning/cache/captures/2026-09-22/regions/GEOSD_70.json,45372,46eef221f58746c2d9533249c950e0b6863377f87c7bcee30ced594c13978a94,ignored,vendor_only_no_exact_public_file,documented_local_only
vendor/bcdatamapper/datascrapers/bc/early-learning/cache/captures/2026-09-22/regions/GEOSD_71.json,45681,272ce180ca5b7ec249afcff6dd6313107cc483a9c77915573734e518326c42f5,ignored,vendor_only_no_exact_public_file,documented_local_only
vendor/bcdatamapper/datascrapers/bc/early-learning/cache/captures/2026-09-22/regions/GEOSD_72.json,46178,2c2742312219f7dfaea9080d7082d7bfc776c3b1bac372dd5c0edd73cf2e4599,ignored,vendor_only_no_exact_public_file,documented_local_only
vendor/bcdatamapper/datascrapers/bc/early-learning/cache/captures/2026-09-22/regions/GEOSD_73.json,46883,6a854abf74a3c4529ca66b757c216876fe4f35dcbd598d815f60f8c2bfb35bb3,ignored,vendor_only_no_exact_public_file,documented_local_only
vendor/bcdatamapper/datascrapers/bc/early-learning/cache/captures/2026-09-22/regions/GEOSD_74.json,39216,25b7c574e0142a5a46ff32f07ac28d7d4672b7fb4e4d31e27f1a36cb15075295,ignored,vendor_only_no_exact_public_file,documented_local_only
vendor/bcdatamapper/datascrapers/bc/early-learning/cache/captures/2026-09-22/regions/GEOSD_75.json,41424,f49693d323f2f952ab6925d1de1a122dd0fa1a157ee9f4e8a2f9580c265c38cf,ignored,vendor_only_no_exact_public_file,documented_local_only
vendor/bcdatamapper/datascrapers/bc/early-learning/cache/captures/2026-09-22/regions/GEOSD_78.json,46564,4f52e1a99c7286b4804cc190dcada2b90f0afa8fd2e74f609b1da051cc764b31,ignored,vendor_only_no_exact_public_file,documented_local_only
vendor/bcdatamapper/datascrapers/bc/early-learning/cache/captures/2026-09-22/regions/GEOSD_79.json,46453,22dc7da52aa8ace74f62ea8d6d8a4ba3d43ed49122d652a9e054168a593695c3,ignored,vendor_only_no_exact_public_file,documented_local_only
vendor/bcdatamapper/datascrapers/bc/early-learning/cache/captures/2026-09-22/regions/GEOSD_8.json,45838,c7493ff88df2d3baf9593cd30ec13ffdede87690858e76b3d5b7627a9791fd24,ignored,vendor_only_no_exact_public_file,documented_local_only
vendor/bcdatamapper/datascrapers/bc/early-learning/cache/captures/2026-09-22/regions/GEOSD_81.json,45323,bc2062abef555b8fa910ca7661eccbbd409c4745ee55df5fecb0fab3971711fc,ignored,vendor_only_no_exact_public_file,documented_local_only
vendor/bcdatamapper/datascrapers/bc/early-learning/cache/captures/2026-09-22/regions/GEOSD_82.json,46439,e7e2fc92f68f1084d6d28459aae774fd597cb58d52a51dc963d34944dd2db67e,ignored,vendor_only_no_exact_public_file,documented_local_only
vendor/bcdatamapper/datascrapers/bc/early-learning/cache/captures/2026-09-22/regions/GEOSD_83.json,51882,6fd95bfd2cbc9c53b0a39c43b94d2e768503a540ef8373fa925f8e3232783555,ignored,vendor_only_no_exact_public_file,documented_local_only
vendor/bcdatamapper/datascrapers/bc/early-learning/cache/captures/2026-09-22/regions/GEOSD_84.json,45340,49c30ba1b234863181297abc186e5ff28d4db5c50c6b7afece07d2e256ac5c0e,ignored,vendor_only_no_exact_public_file,documented_local_only
vendor/bcdatamapper/datascrapers/bc/early-learning/cache/captures/2026-09-22/regions/GEOSD_85.json,48040,351e9862f7e181fa78c7406e494c65e97b8f00a452db2b36a460d332afddd89d,ignored,vendor_only_no_exact_public_file,documented_local_only
vendor/bcdatamapper/datascrapers/bc/early-learning/cache/captures/2026-09-22/regions/GEOSD_87.json,23920,2ff5a9029e7ae932cd810d64b281eed1c06dfc546cb7ca23a19e41e16908825a,ignored,vendor_only_no_exact_public_file,documented_local_only
vendor/bcdatamapper/datascrapers/bc/early-learning/cache/captures/2026-09-22/regions/GEOSD_91.json,45853,72bdba04e7e841d9fea2d89f173e7f759e36062355559657077b96be8f15ab05,ignored,vendor_only_no_exact_public_file,documented_local_only
vendor/bcdatamapper/datascrapers/bc/early-learning/cache/captures/2026-09-22/regions/GEOSD_92.json,42049,8f9e92a688d054de0c4760cb2318990fe745aafc5a8c0321c4f80476ba908646,ignored,vendor_only_no_exact_public_file,documented_local_only
vendor/bcdatamapper/datascrapers/bc/early-learning/cache/captures/2026-09-22/regions/GEOSD_ALL.json,39394,43e5c5cd978af191926bc9e3aff7116bcc5637e223eb2e55c14a309a962a8eb7,ignored,vendor_only_no_exact_public_file,documented_local_only
vendor/bcdatamapper/datascrapers/bc/early-learning/cache/captures/2026-09-22/regions/HA_1.json,45933,8ca2f1078b50f41314157701b3f137c438fb4ef30b391980816ecf5947983c69,ignored,vendor_only_no_exact_public_file,documented_local_only
vendor/bcdatamapper/datascrapers/bc/early-learning/cache/captures/2026-09-22/regions/HA_2.json,45452,e759ec2d8eec717281dcd367a7f24579c747d057092c14dda006105862f4e5ea,ignored,vendor_only_no_exact_public_file,documented_local_only
vendor/bcdatamapper/datascrapers/bc/early-learning/cache/captures/2026-09-22/regions/HA_3.json,48097,b48301e57f09216c33e42496d82df45f5b5700c0edf98ecb5c7c8ac4d81b66f1,ignored,vendor_only_no_exact_public_file,documented_local_only
vendor/bcdatamapper/datascrapers/bc/early-learning/cache/captures/2026-09-22/regions/HA_4.json,47859,01e2d515529b4c7ac55767aad036afbe1ff44d0a21a11e012c09e1d328d419d4,ignored,vendor_only_no_exact_public_file,documented_local_only
vendor/bcdatamapper/datascrapers/bc/early-learning/cache/captures/2026-09-22/regions/HA_5.json,45927,cf6a8ff631402733472c9b9bcd181ab32366b845a01c97bf34066af0fa0b50fd,ignored,vendor_only_no_exact_public_file,documented_local_only
vendor/bcdatamapper/datascrapers/bc/early-learning/cache/captures/2026-09-22/regions/HA_ALL.json,39868,3994f22cd56ecec81358fec10ee2c0776723bc85a06ba2bde1f1dc6a6034141f,ignored,vendor_only_no_exact_public_file,documented_local_only
vendor/bcdatamapper/datascrapers/bc/early-learning/cache/captures/2026-09-22/regions/HSDA_11.json,45601,00a73421fd073b6d8ce2b0093b99f85a15e8837395da9a32dee49c30bb6484fe,ignored,vendor_only_no_exact_public_file,documented_local_only
vendor/bcdatamapper/datascrapers/bc/early-learning/cache/captures/2026-09-22/regions/HSDA_12.json,46644,e5617570da98e4061a76278ac8482a5028b58988b1e0bc00a990945b093200bf,ignored,vendor_only_no_exact_public_file,documented_local_only
vendor/bcdatamapper/datascrapers/bc/early-learning/cache/captures/2026-09-22/regions/HSDA_13.json,44512,326c4b3bb81b04644e131d01dda73c61b0c8c91f7f32c09ac3b09f575da08e36,ignored,vendor_only_no_exact_public_file,documented_local_only
vendor/bcdatamapper/datascrapers/bc/early-learning/cache/captures/2026-09-22/regions/HSDA_14.json,48388,9749d69e74615aef8dc96e50b5ac8d277b5a50c7f0b69040d1b0dea77fd888ae,ignored,vendor_only_no_exact_public_file,documented_local_only
vendor/bcdatamapper/datascrapers/bc/early-learning/cache/captures/2026-09-22/regions/HSDA_21.json,45108,d0c48ba186dabe6f14ebe362aad1552034656d089a26159875102e317d9e494c,ignored,vendor_only_no_exact_public_file,documented_local_only
vendor/bcdatamapper/datascrapers/bc/early-learning/cache/captures/2026-09-22/regions/HSDA_22.json,45363,acc1d688aa5852e170cdc0b7637ad6d768cb4137248027b64cecb50325bf05a4,ignored,vendor_only_no_exact_public_file,documented_local_only
vendor/bcdatamapper/datascrapers/bc/early-learning/cache/captures/2026-09-22/regions/HSDA_23.json,45434,755f36c8d9711a8ed243658ae2d1022f7dcc807760f57a7e9e9a55b968cdc5c6,ignored,vendor_only_no_exact_public_file,documented_local_only
vendor/bcdatamapper/datascrapers/bc/early-learning/cache/captures/2026-09-22/regions/HSDA_31.json,45055,41e5312ae6d028ea67202481ba6f73c3758022ee03cee362c1d8d0e4cbb7763b,ignored,vendor_only_no_exact_public_file,documented_local_only
vendor/bcdatamapper/datascrapers/bc/early-learning/cache/captures/2026-09-22/regions/HSDA_32.json,45334,c4923b0990d391eb6e57d0b9f64f6a9b8eda0bb750918451270fa1fe3b59f28f,ignored,vendor_only_no_exact_public_file,documented_local_only
vendor/bcdatamapper/datascrapers/bc/early-learning/cache/captures/2026-09-22/regions/HSDA_33.json,49843,d0a6aabdefb8a3c3cf684746e620a53843dfc74ffe5f91854fd3e1080bed7b02,ignored,vendor_only_no_exact_public_file,documented_local_only
vendor/bcdatamapper/datascrapers/bc/early-learning/cache/captures/2026-09-22/regions/HSDA_41.json,48480,9a7fc445bdada5cb7b2e943e6eee640491ddcd874923358c12a730cf47c397d7,ignored,vendor_only_no_exact_public_file,documented_local_only
vendor/bcdatamapper/datascrapers/bc/early-learning/cache/captures/2026-09-22/regions/HSDA_42.json,49024,6adcbd0e2e35f30ba4d5720c49e34df3ee4036dd1b79dd59fc8f236d7996d695,ignored,vendor_only_no_exact_public_file,documented_local_only
vendor/bcdatamapper/datascrapers/bc/early-learning/cache/captures/2026-09-22/regions/HSDA_43.json,48558,2dcaf2b35bc1f59dc17842385e793fca2ef4e79ae38d977426f7db440d13d28e,ignored,vendor_only_no_exact_public_file,documented_local_only
vendor/bcdatamapper/datascrapers/bc/early-learning/cache/captures/2026-09-22/regions/HSDA_51.json,44757,1282906083287ae3a0f98968d136469749546f6fd3b072328e93d16d1565a689,ignored,vendor_only_no_exact_public_file,documented_local_only
vendor/bcdatamapper/datascrapers/bc/early-learning/cache/captures/2026-09-22/regions/HSDA_52.json,46725,f96767f7ca6e8304b7f133e7274f909f2d3ccc4773fc068cd1dc1fa0e510a47f,ignored,vendor_only_no_exact_public_file,documented_local_only
vendor/bcdatamapper/datascrapers/bc/early-learning/cache/captures/2026-09-22/regions/HSDA_53.json,44635,90c2be50dd15669af6ef469a2d82b55de3193e28b213ac3561901994c75a0de6,ignored,vendor_only_no_exact_public_file,documented_local_only
vendor/bcdatamapper/datascrapers/bc/early-learning/cache/captures/2026-09-22/regions/HSDA_ALL.json,42512,6ac6091f3c2eac5788020353767adc435a25928d8aeabd99f31c83c815300c53,ignored,vendor_only_no_exact_public_file,documented_local_only
vendor/bcdatamapper/datascrapers/bc/early-learning/cache/captures/2026-09-22/regions/LHA_111.json,43661,8b9a777fcc0bd3b4e3c5ff5662a326663808047007ffc0e36c833d53a0d00b94,ignored,vendor_only_no_exact_public_file,documented_local_only
vendor/bcdatamapper/datascrapers/bc/early-learning/cache/captures/2026-09-22/regions/LHA_112.json,44506,1ed7ae0306048a4567830a199b3ee981182073aa65d47c8bbc0bf98dd53e8471,ignored,vendor_only_no_exact_public_file,documented_local_only
vendor/bcdatamapper/datascrapers/bc/early-learning/cache/captures/2026-09-22/regions/LHA_113.json,44512,0da16f08e4de483c62b20a7248cce9b502f23bc02c8ff8e362f0b81bdf0eb16a,ignored,vendor_only_no_exact_public_file,documented_local_only
vendor/bcdatamapper/datascrapers/bc/early-learning/cache/captures/2026-09-22/regions/LHA_114.json,44677,2055c2d6674d82aab5c5e3cee6b0ded04b21f8e99438c867138e9b1b9de6e4f9,ignored,vendor_only_no_exact_public_file,documented_local_only
vendor/bcdatamapper/datascrapers/bc/early-learning/cache/captures/2026-09-22/regions/LHA_115.json,43896,8b63fc12170830553b3c23825dda89ce2efe418d7f887a6cb14cdeb8cea642e7,ignored,vendor_only_no_exact_public_file,documented_local_only
vendor/bcdatamapper/datascrapers/bc/early-learning/cache/captures/2026-09-22/regions/LHA_116.json,43740,b1c537ca578a77152ee0b1001980591ad972e9da9f45a31b20673dafc8df4e55,ignored,vendor_only_no_exact_public_file,documented_local_only
vendor/bcdatamapper/datascrapers/bc/early-learning/cache/captures/2026-09-22/regions/LHA_121.json,31106,13499cf416790238fe57142b65ca32f40f4118e311a115d39685fb0a4443933d,ignored,vendor_only_no_exact_public_file,documented_local_only
vendor/bcdatamapper/datascrapers/bc/early-learning/cache/captures/2026-09-22/regions/LHA_122.json,43754,21702b4df676bfdb0c82e9d5f31773f956a30e8ef4bb7424104630ca12d4140c,ignored,vendor_only_no_exact_public_file,documented_local_only
vendor/bcdatamapper/datascrapers/bc/early-learning/cache/captures/2026-09-22/regions/LHA_123.json,44583,eb8cfd015f6b012960415fe6fa892c90cca451d33dfb8dd9edeb1125a20312f8,ignored,vendor_only_no_exact_public_file,documented_local_only
vendor/bcdatamapper/datascrapers/bc/early-learning/cache/captures/2026-09-22/regions/LHA_124.json,44852,64e0b90019ff14d96a85ad30c90b86ea5a6dc034f330b4ae01dcac57e7ec3728,ignored,vendor_only_no_exact_public_file,documented_local_only
vendor/bcdatamapper/datascrapers/bc/early-learning/cache/captures/2026-09-22/regions/LHA_125.json,43408,304370267d1fdc1d7c6d161377e7e753536c5f5da3063dd1409a1582dc35117e,ignored,vendor_only_no_exact_public_file,documented_local_only
vendor/bcdatamapper/datascrapers/bc/early-learning/cache/captures/2026-09-22/regions/LHA_126.json,44923,cbb7d2b741f2659dd44237477e90ebb26cce0be047d22cce650015a567e3b3c9,ignored,vendor_only_no_exact_public_file,documented_local_only
vendor/bcdatamapper/datascrapers/bc/early-learning/cache/captures/2026-09-22/regions/LHA_127.json,45433,79739f568cd10700437a11eef6f5ee17507b3b6f8cf7f7a903d766403db00600,ignored,vendor_only_no_exact_public_file,documented_local_only
vendor/bcdatamapper/datascrapers/bc/early-learning/cache/captures/2026-09-22/regions/LHA_131.json,46574,7353e27f02b25f75eb201b86c7b45b3adf329fe175ba4a464f7b8a88ae92077e,ignored,vendor_only_no_exact_public_file,documented_local_only
vendor/bcdatamapper/datascrapers/bc/early-learning/cache/captures/2026-09-22/regions/LHA_132.json,44583,ea268b89f54540323d4bf4ecc00f61c433b044bece41d34a501aeb19ccb990f3,ignored,vendor_only_no_exact_public_file,documented_local_only
vendor/bcdatamapper/datascrapers/bc/early-learning/cache/captures/2026-09-22/regions/LHA_133.json,44256,05d8ff45c0018e684a54d9b2143a40dc58da79f206844bd46afa3e9bba5f17e2,ignored,vendor_only_no_exact_public_file,documented_local_only
vendor/bcdatamapper/datascrapers/bc/early-learning/cache/captures/2026-09-22/regions/LHA_134.json,33441,1f5180c0ea5a90373e7fe7a1e6a410e2e0118867d923feb976d7ca6af5316f57,ignored,vendor_only_no_exact_public_file,documented_local_only
vendor/bcdatamapper/datascrapers/bc/early-learning/cache/captures/2026-09-22/regions/LHA_135.json,47693,9a79eaa2956a57f2ac68dd2a953ba18d84e0e7210f1f0fd23a1a3f28a76b12a6,ignored,vendor_only_no_exact_public_file,documented_local_only
vendor/bcdatamapper/datascrapers/bc/early-learning/cache/captures/2026-09-22/regions/LHA_136.json,43814,14abd34893e5803951419a23ccb777dd98afdf62b5ddcd8add5cc549c1aeedca,ignored,vendor_only_no_exact_public_file,documented_local_only
vendor/bcdatamapper/datascrapers/bc/early-learning/cache/captures/2026-09-22/regions/LHA_137.json,46439,c0def1b5ea208199cde9841cdb2c0288af49c2a259a96a2640803d9f13df8811,ignored,vendor_only_no_exact_public_file,documented_local_only
vendor/bcdatamapper/datascrapers/bc/early-learning/cache/captures/2026-09-22/regions/LHA_138.json,44741,9d76e083c19fb7102044e7629460ddad1a31a1a9d1e8f9a89b46a91571fd7b5e,ignored,vendor_only_no_exact_public_file,documented_local_only
vendor/bcdatamapper/datascrapers/bc/early-learning/cache/captures/2026-09-22/regions/LHA_139.json,43982,452b7bb0b76eaee390036554073839e205af958072d4fe63cdbdb350ea9dbc95,ignored,vendor_only_no_exact_public_file,documented_local_only
vendor/bcdatamapper/datascrapers/bc/early-learning/cache/captures/2026-09-22/regions/LHA_141.json,44577,05d55a1818d7199c8dc3e52048f3fc38641c16819852892f6f6bb098ac656a28,ignored,vendor_only_no_exact_public_file,documented_local_only
vendor/bcdatamapper/datascrapers/bc/early-learning/cache/captures/2026-09-22/regions/LHA_142.json,44793,412f1678168d7c067021341d047f13255e504edc2ad00ac1aefdde4e07fe3f34,ignored,vendor_only_no_exact_public_file,documented_local_only
vendor/bcdatamapper/datascrapers/bc/early-learning/cache/captures/2026-09-22/regions/LHA_143.json,44348,477922caf87dcbce6d39a733c71e6925de0c7fc9d459fb84d80c2119fd87afab,ignored,vendor_only_no_exact_public_file,documented_local_only
vendor/bcdatamapper/datascrapers/bc/early-learning/cache/captures/2026-09-22/regions/LHA_144.json,45704,5a6fdfedc3a0466eb8c2c0aebea3b32d53897452626fbca727becc55bd4c00eb,ignored,vendor_only_no_exact_public_file,documented_local_only
vendor/bcdatamapper/datascrapers/bc/early-learning/cache/captures/2026-09-22/regions/LHA_145.json,37344,cfbe0dc40437ad1f9a6849fa203150bdf461fde7380db81f9f58752695a7644e,ignored,vendor_only_no_exact_public_file,documented_local_only
vendor/bcdatamapper/datascrapers/bc/early-learning/cache/captures/2026-09-22/regions/LHA_146.json,46636,0d8f4a0e3fa290123a37f4cc5eccb36c859addfcba83c6dd0f8629d65c63dd1b,ignored,vendor_only_no_exact_public_file,documented_local_only
vendor/bcdatamapper/datascrapers/bc/early-learning/cache/captures/2026-09-22/regions/LHA_147.json,37497,6fd1f6d66278106471ea39b628205b7a39b557fdb447c816d049e069a9c37b58,ignored,vendor_only_no_exact_public_file,documented_local_only
vendor/bcdatamapper/datascrapers/bc/early-learning/cache/captures/2026-09-22/regions/LHA_148.json,36475,809c3a96ec58f1185229da8580a07bc53f4e24e9dc567b0df63a9a61673f1929,ignored,vendor_only_no_exact_public_file,documented_local_only
vendor/bcdatamapper/datascrapers/bc/early-learning/cache/captures/2026-09-22/regions/LHA_149.json,44003,72c402440dbea5b9ecc4bd65ab4c03559cf5e9394a7fd7fc61fe54839bd05031,ignored,vendor_only_no_exact_public_file,documented_local_only
vendor/bcdatamapper/datascrapers/bc/early-learning/cache/captures/2026-09-22/regions/LHA_211.json,43217,a30a48dc11cabd8be3e53c4faf86429bc1e5f9d7eb06680f12bd82538b6a31a9,ignored,vendor_only_no_exact_public_file,documented_local_only
vendor/bcdatamapper/datascrapers/bc/early-learning/cache/captures/2026-09-22/regions/LHA_212.json,44810,0f81416e32b1d28d835046e0f9588982ba751af672d451f8f3e7e4e915d45889,ignored,vendor_only_no_exact_public_file,documented_local_only
vendor/bcdatamapper/datascrapers/bc/early-learning/cache/captures/2026-09-22/regions/LHA_213.json,42546,9bedd15ed99353c895a2579b61ba6649a9eb1a17699e861262dc59334d9644e8,ignored,vendor_only_no_exact_public_file,documented_local_only
vendor/bcdatamapper/datascrapers/bc/early-learning/cache/captures/2026-09-22/regions/LHA_214.json,40968,234924f476aaedb459c7a8871949469c27f7be32f33720974ba9d9ceb663b61e,ignored,vendor_only_no_exact_public_file,documented_local_only
vendor/bcdatamapper/datascrapers/bc/early-learning/cache/captures/2026-09-22/regions/LHA_215.json,42564,8591e05b3e23b32f224e58219a13ec71a51b7bc92c4a4c4acfee3a7dbc1087cc,ignored,vendor_only_no_exact_public_file,documented_local_only
vendor/bcdatamapper/datascrapers/bc/early-learning/cache/captures/2026-09-22/regions/LHA_221.json,45911,0e7ec0c8a6a60ebd7f51cdcc04d45358f095a5c4fba8fe6ae9bfda95bfbb6bcd,ignored,vendor_only_no_exact_public_file,documented_local_only
vendor/bcdatamapper/datascrapers/bc/early-learning/cache/captures/2026-09-22/regions/LHA_222.json,44025,6ca7788b965938beadb62ceec6b74282e8e14cd25e87264fce92c0a0184f0793,ignored,vendor_only_no_exact_public_file,documented_local_only
vendor/bcdatamapper/datascrapers/bc/early-learning/cache/captures/2026-09-22/regions/LHA_223.json,48278,07588cbc001a6e2efae764ab69d74a6a8b1bf5022880b22617cee2c2e3875bf0,ignored,vendor_only_no_exact_public_file,documented_local_only
vendor/bcdatamapper/datascrapers/bc/early-learning/cache/captures/2026-09-22/regions/LHA_224.json,44789,e4e283a92df2dc4880c91f39648fec510fd35204b1d8c0aa623b9c9f431372e6,ignored,vendor_only_no_exact_public_file,documented_local_only
vendor/bcdatamapper/datascrapers/bc/early-learning/cache/captures/2026-09-22/regions/LHA_231.json,44043,623c6ef20e1fc8f16980d2e9652a985c1196af39f0cc040582cfe57cefda9c45,ignored,vendor_only_no_exact_public_file,documented_local_only
vendor/bcdatamapper/datascrapers/bc/early-learning/cache/captures/2026-09-22/regions/LHA_232.json,43558,8988979b6be5c09beb032c23ed04afb1ac811912470b6c37af1b606976480d61,ignored,vendor_only_no_exact_public_file,documented_local_only
vendor/bcdatamapper/datascrapers/bc/early-learning/cache/captures/2026-09-22/regions/LHA_233.json,43920,af85fe1820e202080f9096ebda8a0e29b28ef3082045ba7f43aec1d7834a340d,ignored,vendor_only_no_exact_public_file,documented_local_only
vendor/bcdatamapper/datascrapers/bc/early-learning/cache/captures/2026-09-22/regions/LHA_234.json,47830,787d33dacd3e817d216707bc73f60b9eca3667024da123a6f6320380ed7c6fb4,ignored,vendor_only_no_exact_public_file,documented_local_only
vendor/bcdatamapper/datascrapers/bc/early-learning/cache/captures/2026-09-22/regions/LHA_311.json,45054,81520491e275abeea446b1ab2c364c66247c48074a423243f1f7da7ca053d64d,ignored,vendor_only_no_exact_public_file,documented_local_only
vendor/bcdatamapper/datascrapers/bc/early-learning/cache/captures/2026-09-22/regions/LHA_321.json,48683,4042d285cbc9094e70f1bf4361b3857c8f92adb69e5fb513722eca45d28887a6,ignored,vendor_only_no_exact_public_file,documented_local_only
vendor/bcdatamapper/datascrapers/bc/early-learning/cache/captures/2026-09-22/regions/LHA_322.json,48891,accf22fd455d7d73b315dc3dd3d044713349acafb365831d110ca8454b78d666,ignored,vendor_only_no_exact_public_file,documented_local_only
vendor/bcdatamapper/datascrapers/bc/early-learning/cache/captures/2026-09-22/regions/LHA_323.json,48285,a71139060a50178e748049199a9e8abc7c26ace618ba223392dcdba0bdc5c7e9,ignored,vendor_only_no_exact_public_file,documented_local_only
vendor/bcdatamapper/datascrapers/bc/early-learning/cache/captures/2026-09-22/regions/LHA_324.json,47958,f6abbee262255ecc3c853195e18b82cc6ee92b2f5bf8ba309201ef82b0f19b33,ignored,vendor_only_no_exact_public_file,documented_local_only
vendor/bcdatamapper/datascrapers/bc/early-learning/cache/captures/2026-09-22/regions/LHA_325.json,47708,6677e0936bc750b4b7d88d40f774a5c0ec51f865dfb2d20cf5e3efa7976df35f,ignored,vendor_only_no_exact_public_file,documented_local_only
vendor/bcdatamapper/datascrapers/bc/early-learning/cache/captures/2026-09-22/regions/LHA_326.json,47277,bcb7e3c2f96f104481b07ee777d7f809acff0d5f79ca34906e8408a15eeac0dc,ignored,vendor_only_no_exact_public_file,documented_local_only
vendor/bcdatamapper/datascrapers/bc/early-learning/cache/captures/2026-09-22/regions/LHA_331.json,46720,18be60ddd393471d323c179941cb24b112855d0dd6c11f591da6af02d84579fb,ignored,vendor_only_no_exact_public_file,documented_local_only
vendor/bcdatamapper/datascrapers/bc/early-learning/cache/captures/2026-09-22/regions/LHA_332.json,49632,15f9c457e0bdc0b91f243b8a4a3ede9f6ffc0fda662d573ad2f9f69464be1aa2,ignored,vendor_only_no_exact_public_file,documented_local_only
vendor/bcdatamapper/datascrapers/bc/early-learning/cache/captures/2026-09-22/regions/LHA_333.json,42694,93505054c7eea2b738571a905c7d25c5f02ac5d5c957de07dbf5007fa7752f79,ignored,vendor_only_no_exact_public_file,documented_local_only
vendor/bcdatamapper/datascrapers/bc/early-learning/cache/captures/2026-09-22/regions/LHA_334.json,45836,846ede5ff75f73a7e508b138f23b69b79f34f1563f12d16c282b1e7f0d6da091,ignored,vendor_only_no_exact_public_file,documented_local_only
vendor/bcdatamapper/datascrapers/bc/early-learning/cache/captures/2026-09-22/regions/LHA_335.json,45463,ac46a4dc440b530047bfc38caabd380ed7b51e4485186e82178f2f2b8cffaaca,ignored,vendor_only_no_exact_public_file,documented_local_only
vendor/bcdatamapper/datascrapers/bc/early-learning/cache/captures/2026-09-22/regions/LHA_336.json,42505,eb150af75643844723292be306f66b239b4c6d418634eac342ed2ab2c0060fae,ignored,vendor_only_no_exact_public_file,documented_local_only
vendor/bcdatamapper/datascrapers/bc/early-learning/cache/captures/2026-09-22/regions/LHA_337.json,16175,bebff2a961ed941be3fefa0a5a8e0b5441a39f42c36adde2ed98611c43fe4b03,ignored,vendor_only_no_exact_public_file,documented_local_only
vendor/bcdatamapper/datascrapers/bc/early-learning/cache/captures/2026-09-22/regions/LHA_411.json,40458,121228fe49bc925ed0676711231c7bb6db6c6c11ace6a20568fce747ec9cebe7,ignored,vendor_only_no_exact_public_file,documented_local_only
vendor/bcdatamapper/datascrapers/bc/early-learning/cache/captures/2026-09-22/regions/LHA_412.json,47659,d1089947fcfce1f0ab66100f39dd671c7c689126d3530a4e079ce36d2b6c03e8,ignored,vendor_only_no_exact_public_file,documented_local_only
vendor/bcdatamapper/datascrapers/bc/early-learning/cache/captures/2026-09-22/regions/LHA_413.json,47020,b99651af39b867f08d32788494f9f3184b051d78d49785086db47dbcda0d905e,ignored,vendor_only_no_exact_public_file,documented_local_only
vendor/bcdatamapper/datascrapers/bc/early-learning/cache/captures/2026-09-22/regions/LHA_414.json,47975,b7ae672808e9adfa4e4a217170ffe7be8157e52f3a34a4608330e2c7c2e4d241,ignored,vendor_only_no_exact_public_file,documented_local_only
vendor/bcdatamapper/datascrapers/bc/early-learning/cache/captures/2026-09-22/regions/LHA_421.json,48117,780a99a835b73ff9b2abda9ce3e5c2d44fac905ce979ab119cc4ab656976d0a9,ignored,vendor_only_no_exact_public_file,documented_local_only
vendor/bcdatamapper/datascrapers/bc/early-learning/cache/captures/2026-09-22/regions/LHA_422.json,47614,2eea833d8053c991f4e56e63930a63b7353029ae18c2d18f458a3844ffddf065,ignored,vendor_only_no_exact_public_file,documented_local_only
vendor/bcdatamapper/datascrapers/bc/early-learning/cache/captures/2026-09-22/regions/LHA_423.json,48094,4a99a6ceac6e3b2e41eb5f7768b3140e414b5d9820629f9cfb628b84993c835d,ignored,vendor_only_no_exact_public_file,documented_local_only
vendor/bcdatamapper/datascrapers/bc/early-learning/cache/captures/2026-09-22/regions/LHA_424.json,46653,54e306e562a1e267e0a029eb5f5222b1cc86fbb5a2e650f12ac611034b2b7667,ignored,vendor_only_no_exact_public_file,documented_local_only
vendor/bcdatamapper/datascrapers/bc/early-learning/cache/captures/2026-09-22/regions/LHA_425.json,45095,3feb15235ec56687ab101a6ab8a5c4e371947a67cedee6393bafee880da39bf9,ignored,vendor_only_no_exact_public_file,documented_local_only
vendor/bcdatamapper/datascrapers/bc/early-learning/cache/captures/2026-09-22/regions/LHA_426.json,47087,3cc52a36115cad197f660255a67675a9a0f0b47fecc05f7856347650e7528773,ignored,vendor_only_no_exact_public_file,documented_local_only
vendor/bcdatamapper/datascrapers/bc/early-learning/cache/captures/2026-09-22/regions/LHA_431.json,45919,8aa1ab37085ff1be2723cb552b6a3b1f30d02ee67b7b539430546bd2b1b3d78e,ignored,vendor_only_no_exact_public_file,documented_local_only
vendor/bcdatamapper/datascrapers/bc/early-learning/cache/captures/2026-09-22/regions/LHA_432.json,48390,213f15ad5888494c4c3d653029fb16d35e2eb53cc074719283bc63070f18ea3b,ignored,vendor_only_no_exact_public_file,documented_local_only
vendor/bcdatamapper/datascrapers/bc/early-learning/cache/captures/2026-09-22/regions/LHA_433.json,43016,844e6cf75289ddf7788074d90b92495d65cc2052a12759be2aa9e44320796c5e,ignored,vendor_only_no_exact_public_file,documented_local_only
vendor/bcdatamapper/datascrapers/bc/early-learning/cache/captures/2026-09-22/regions/LHA_434.json,48353,d99195b5f5812fef423b966436f69ccf6f86d39acd6bb7692fca957539e531bf,ignored,vendor_only_no_exact_public_file,documented_local_only
vendor/bcdatamapper/datascrapers/bc/early-learning/cache/captures/2026-09-22/regions/LHA_510.json,45002,0e3fb883b749010d6e27e5385f5d51b0c22da397a35f8d174f28ebdcc5ce5bc9,ignored,vendor_only_no_exact_public_file,documented_local_only
vendor/bcdatamapper/datascrapers/bc/early-learning/cache/captures/2026-09-22/regions/LHA_511.json,17068,decf144ad2d200ffd1528e2774905a2fc1c99da29685a8b2c4fca96182739224,ignored,vendor_only_no_exact_public_file,documented_local_only
vendor/bcdatamapper/datascrapers/bc/early-learning/cache/captures/2026-09-22/regions/LHA_512.json,45653,c56c049f896f1130d4023f6b9c76ceeab77ea949913f2a52b1906e213c757903,ignored,vendor_only_no_exact_public_file,documented_local_only
vendor/bcdatamapper/datascrapers/bc/early-learning/cache/captures/2026-09-22/regions/LHA_513.json,38953,e13a904ad94f5ddecb809cd7c9ebc2896193f3f42c89b43ffa455fdfb8ec859e,ignored,vendor_only_no_exact_public_file,documented_local_only
vendor/bcdatamapper/datascrapers/bc/early-learning/cache/captures/2026-09-22/regions/LHA_514.json,44292,bb0492cec4d96cad4743bf49575c0d139df52b5f84fee6b4967ed8e46e33e635,ignored,vendor_only_no_exact_public_file,documented_local_only
vendor/bcdatamapper/datascrapers/bc/early-learning/cache/captures/2026-09-22/regions/LHA_515.json,40675,a267f8d017505104a6b9424cc9d21b9f4ea44496cfeb13cc6a3446a8e965b776,ignored,vendor_only_no_exact_public_file,documented_local_only
vendor/bcdatamapper/datascrapers/bc/early-learning/cache/captures/2026-09-22/regions/LHA_516.json,22982,3b1c8a296b8062bd31510dd053866e3055cdf8d4dd5331e2b9089027a3f48908,ignored,vendor_only_no_exact_public_file,documented_local_only
vendor/bcdatamapper/datascrapers/bc/early-learning/cache/captures/2026-09-22/regions/LHA_517.json,44099,b680ef8434f46a44c0d4dffd7f1777375b2a21fd050043a8e3ca0148db5cfb45,ignored,vendor_only_no_exact_public_file,documented_local_only
vendor/bcdatamapper/datascrapers/bc/early-learning/cache/captures/2026-09-22/regions/LHA_518.json,41726,d1c8aa4f540c8139e9464ea728c84d47960245fe1df2f21ab1ab5e4f16f28469,ignored,vendor_only_no_exact_public_file,documented_local_only
vendor/bcdatamapper/datascrapers/bc/early-learning/cache/captures/2026-09-22/regions/LHA_519.json,16680,da69c4b10b668444427cb87c9553328f35194ea41e57f74834cf911cf2df0058,ignored,vendor_only_no_exact_public_file,documented_local_only
vendor/bcdatamapper/datascrapers/bc/early-learning/cache/captures/2026-09-22/regions/LHA_521.json,43982,a5cf10c42ea94d2353504699e4bfed327f8a96b2e596a4f4e87075035b192423,ignored,vendor_only_no_exact_public_file,documented_local_only
vendor/bcdatamapper/datascrapers/bc/early-learning/cache/captures/2026-09-22/regions/LHA_522.json,44742,42bb23fdae4e2db5c72aa63c3d93d7b6def9938ea17bc7fcfb5183b2db2f04a4,ignored,vendor_only_no_exact_public_file,documented_local_only
vendor/bcdatamapper/datascrapers/bc/early-learning/cache/captures/2026-09-22/regions/LHA_523.json,43995,ec41cbf07254c1bdee4eb666da6e917402212bf8bcdc694f9879ce55e439df43,ignored,vendor_only_no_exact_public_file,documented_local_only
vendor/bcdatamapper/datascrapers/bc/early-learning/cache/captures/2026-09-22/regions/LHA_524.json,45641,bf0b1741df4053df87630214e494a80076094e38fb4d6fff68becdb52c360180,ignored,vendor_only_no_exact_public_file,documented_local_only
vendor/bcdatamapper/datascrapers/bc/early-learning/cache/captures/2026-09-22/regions/LHA_531.json,46451,1d140fe9d34a1883b64426af8dec3b3bc8b495e7fd05e59d8fc1a994bb60b668,ignored,vendor_only_no_exact_public_file,documented_local_only
vendor/bcdatamapper/datascrapers/bc/early-learning/cache/captures/2026-09-22/regions/LHA_532.json,46494,7d23fb3c9ef991e83d61d875a93dba5bbe9be0d718c5c157cc2d69b3546bf9c9,ignored,vendor_only_no_exact_public_file,documented_local_only
vendor/bcdatamapper/datascrapers/bc/early-learning/cache/captures/2026-09-22/regions/LHA_533.json,44977,4b7e5f6fcf0bf9a9353e94540627e20dfb66db4be207eba94f2f3eced18448c3,ignored,vendor_only_no_exact_public_file,documented_local_only
vendor/bcdatamapper/datascrapers/bc/early-learning/cache/captures/2026-09-22/regions/LHA_ALL.json,39870,9e57a3ad740b2a7668778e3f1c15fe2038e6fa9ee6df7e05515ad43f59f96c24,ignored,vendor_only_no_exact_public_file,documented_local_only
vendor/bcdatamapper/datascrapers/bc/early-learning/cache/captures/2026-09-22/regions/LSA_1101.json,45601,164b53fe9791a9d0a45ca5022ce032f0e787db3bfa0b8d1c98396c9eb40079db,ignored,vendor_only_no_exact_public_file,documented_local_only
vendor/bcdatamapper/datascrapers/bc/early-learning/cache/captures/2026-09-22/regions/LSA_1102.json,46642,17480fcab807944aa0d67045c7bfbc7be91be0d993d4bf26f2a55c5a414a3a47,ignored,vendor_only_no_exact_public_file,documented_local_only
vendor/bcdatamapper/datascrapers/bc/early-learning/cache/captures/2026-09-22/regions/LSA_1203.json,45908,f8c887f1f4c3c7bc02e95415135121bfda693c746390aa0c702c47abdf4dfe5a,ignored,vendor_only_no_exact_public_file,documented_local_only
vendor/bcdatamapper/datascrapers/bc/early-learning/cache/captures/2026-09-22/regions/LSA_1204.json,45848,5996af026c6fc788d92f59c58e84a350f4d9c89442a13b0970a4d3896fd1dead,ignored,vendor_only_no_exact_public_file,documented_local_only
vendor/bcdatamapper/datascrapers/bc/early-learning/cache/captures/2026-09-22/regions/LSA_1205.json,46440,0783357ef3f7f4cd0042127a6695c4deb7b7fca90c2cb19015ca129b876fbf28,ignored,vendor_only_no_exact_public_file,documented_local_only
vendor/bcdatamapper/datascrapers/bc/early-learning/cache/captures/2026-09-22/regions/LSA_1306.json,44067,3a9eb0025905a5c1998659a37736f599da7d27237834a1ea2a1600390ad686dd,ignored,vendor_only_no_exact_public_file,documented_local_only
vendor/bcdatamapper/datascrapers/bc/early-learning/cache/captures/2026-09-22/regions/LSA_1307.json,44349,abf9546af9e9903c0b4c2701f2b385b97fc641480d8b75bde0e848603a1d6cf3,ignored,vendor_only_no_exact_public_file,documented_local_only
vendor/bcdatamapper/datascrapers/bc/early-learning/cache/captures/2026-09-22/regions/LSA_1308.json,44156,fec9c037432b21ca7d1cf4e959edebd55bbe3efaacd1ca06489a0b89ae98e507,ignored,vendor_only_no_exact_public_file,documented_local_only
vendor/bcdatamapper/datascrapers/bc/early-learning/cache/captures/2026-09-22/regions/LSA_1309.json,44844,789debda6074cd90729f71ebf34acd9333107358268cbec7a636f43f549d779c,ignored,vendor_only_no_exact_public_file,documented_local_only
vendor/bcdatamapper/datascrapers/bc/early-learning/cache/captures/2026-09-22/regions/LSA_2110.json,45272,7ad88c36c9ebccaff838220bad48d147950bbb95f2c8a4f2f5602152e793771c,ignored,vendor_only_no_exact_public_file,documented_local_only
vendor/bcdatamapper/datascrapers/bc/early-learning/cache/captures/2026-09-22/regions/LSA_2111.json,45271,66ae8a351c243fe3a3d6eac87d512fe11d77373bca12483f3354e15d81281979,ignored,vendor_only_no_exact_public_file,documented_local_only
vendor/bcdatamapper/datascrapers/bc/early-learning/cache/captures/2026-09-22/regions/LSA_2112.json,42273,5d306b8ce868c64babf9b767e389fdb1af3930b0e3cdaf950f746145063d904e,ignored,vendor_only_no_exact_public_file,documented_local_only
vendor/bcdatamapper/datascrapers/bc/early-learning/cache/captures/2026-09-22/regions/LSA_2113.json,43148,51eb1b8ad5deea307996e00fdd9ce9502c56058de6aeed66d116fc0482963da0,ignored,vendor_only_no_exact_public_file,documented_local_only
vendor/bcdatamapper/datascrapers/bc/early-learning/cache/captures/2026-09-22/regions/LSA_2214.json,48504,e99a7f68f8bbf6d67e2e3b04e471b46319f10df8a2aec80cfd62b1be20f51c85,ignored,vendor_only_no_exact_public_file,documented_local_only
vendor/bcdatamapper/datascrapers/bc/early-learning/cache/captures/2026-09-22/regions/LSA_2215.json,46023,7b379a1362cb9c317125015f99fed2d36a4cd276ce0d7751b7f3d477d746d257,ignored,vendor_only_no_exact_public_file,documented_local_only
vendor/bcdatamapper/datascrapers/bc/early-learning/cache/captures/2026-09-22/regions/LSA_2216.json,45253,2dd552d2c7039de6c1a2227d8230a43a6a688689adbc3e9560059d15608356b0,ignored,vendor_only_no_exact_public_file,documented_local_only
vendor/bcdatamapper/datascrapers/bc/early-learning/cache/captures/2026-09-22/regions/LSA_2317.json,44506,568fcda9178a870699ea31a23cf5ed0b5f7c12e1fb0699261d061d1fe89ec68d,ignored,vendor_only_no_exact_public_file,documented_local_only
vendor/bcdatamapper/datascrapers/bc/early-learning/cache/captures/2026-09-22/regions/LSA_2318.json,45844,74818b3c8a8e276222b49aa0f60c24854bfdfbd5620713676b6aa5967d0a0ad1,ignored,vendor_only_no_exact_public_file,documented_local_only
vendor/bcdatamapper/datascrapers/bc/early-learning/cache/captures/2026-09-22/regions/LSA_2319.json,45695,8194e266bfaa34059f84b33f279be2b10e0b84122c25cfa43d6f8bf41b217309,ignored,vendor_only_no_exact_public_file,documented_local_only
vendor/bcdatamapper/datascrapers/bc/early-learning/cache/captures/2026-09-22/regions/LSA_2320.json,45542,027594717a854394e2b1539251b9fdcb23b9a03a9543b48e2da9940ed2c9a890,ignored,vendor_only_no_exact_public_file,documented_local_only
vendor/bcdatamapper/datascrapers/bc/early-learning/cache/captures/2026-09-22/regions/LSA_2321.json,44010,42c11f84e7b70838b651d8d7d2df241e765a47cc89cedce8fd8dd06a24aef068,ignored,vendor_only_no_exact_public_file,documented_local_only
vendor/bcdatamapper/datascrapers/bc/early-learning/cache/captures/2026-09-22/regions/LSA_2422.json,47188,9b733eb753ca271195ecff55c872b5b7e0354f93c2c8c759930083af930d1372,ignored,vendor_only_no_exact_public_file,documented_local_only
vendor/bcdatamapper/datascrapers/bc/early-learning/cache/captures/2026-09-22/regions/LSA_2423.json,46485,03dc598f86efc4e4ffc3bcfa1cbdb2510abc4a4a82297dab4a9ef49b0404d1d9,ignored,vendor_only_no_exact_public_file,documented_local_only
vendor/bcdatamapper/datascrapers/bc/early-learning/cache/captures/2026-09-22/regions/LSA_2424.json,46476,3778d40d0c590fc9a095b44097b200fe3413396d1c72166b95f6c2372e602d8e,ignored,vendor_only_no_exact_public_file,documented_local_only
vendor/bcdatamapper/datascrapers/bc/early-learning/cache/captures/2026-09-22/regions/LSA_2525.json,47698,f132977e284b064c620288170d639d577c158a267841ea404787d96ee5495822,ignored,vendor_only_no_exact_public_file,documented_local_only
vendor/bcdatamapper/datascrapers/bc/early-learning/cache/captures/2026-09-22/regions/LSA_2526.json,48605,102fa591f9bcd7a9df762021a5f984de8c2c96de02cae02900a9f98d69eaf8f2,ignored,vendor_only_no_exact_public_file,documented_local_only
vendor/bcdatamapper/datascrapers/bc/early-learning/cache/captures/2026-09-22/regions/LSA_2527.json,48978,f455c6233ecc2aac0dfe3a9f09e660e89ed99263d07042ab49ef7eee1b7ad1a2,ignored,vendor_only_no_exact_public_file,documented_local_only
vendor/bcdatamapper/datascrapers/bc/early-learning/cache/captures/2026-09-22/regions/LSA_2528.json,42113,41700b846a33cbb8c72de420e14f8a9e244c89d8d35cb8e25ec0b72268903aeb,ignored,vendor_only_no_exact_public_file,documented_local_only
vendor/bcdatamapper/datascrapers/bc/early-learning/cache/captures/2026-09-22/regions/LSA_2529.json,15837,fe1d2bc0275fcb9d249b06a3c0a09881a23e14ccbbd158c1f85d9ed4241359fc,ignored,vendor_only_no_exact_public_file,documented_local_only
vendor/bcdatamapper/datascrapers/bc/early-learning/cache/captures/2026-09-22/regions/LSA_3130.json,38822,98180ecd5ce3789533e0b6e4f8fd5067765fcacdc6c34667914bba01ac1937a9,ignored,vendor_only_no_exact_public_file,documented_local_only
vendor/bcdatamapper/datascrapers/bc/early-learning/cache/captures/2026-09-22/regions/LSA_3131.json,46672,baf8e8654aa03784facd4690e5bbfe72bcbbb59aa910d24d19bb0479402e7eae,ignored,vendor_only_no_exact_public_file,documented_local_only
vendor/bcdatamapper/datascrapers/bc/early-learning/cache/captures/2026-09-22/regions/LSA_3132.json,48550,bf7102542d2d176faf71e659613d04223fc0af608bb2abf3323f83fa1136945a,ignored,vendor_only_no_exact_public_file,documented_local_only
vendor/bcdatamapper/datascrapers/bc/early-learning/cache/captures/2026-09-22/regions/LSA_3133.json,44478,9c7c4e06e98284896f202200e7371cee1668fa09f1a1ed0a5467739ad654f922,ignored,vendor_only_no_exact_public_file,documented_local_only
vendor/bcdatamapper/datascrapers/bc/early-learning/cache/captures/2026-09-22/regions/LSA_3234.json,44703,cbe0ad52508f067e880d432388a5eb59bdf0af8314d53ed3cb58c6bfb658b449,ignored,vendor_only_no_exact_public_file,documented_local_only
vendor/bcdatamapper/datascrapers/bc/early-learning/cache/captures/2026-09-22/regions/LSA_3235.json,47566,29cbbc51b6b3cddbe5f6f59944b72360cd0608a0704520fdc9efb401b6f033a8,ignored,vendor_only_no_exact_public_file,documented_local_only
vendor/bcdatamapper/datascrapers/bc/early-learning/cache/captures/2026-09-22/regions/LSA_3236.json,45858,dfff22f2db04cbac372c5cb555d5ac919360476aa2f6722b1b6af5d858e3299d,ignored,vendor_only_no_exact_public_file,documented_local_only
vendor/bcdatamapper/datascrapers/bc/early-learning/cache/captures/2026-09-22/regions/LSA_3237.json,45920,3c80ba27451aeae7fae767718249a88b706f03c366c82930c3516e5ff6142290,ignored,vendor_only_no_exact_public_file,documented_local_only
vendor/bcdatamapper/datascrapers/bc/early-learning/cache/captures/2026-09-22/regions/LSA_3238.json,46456,73f48cab5a61ac73a9ea1c53f49be234e32e15197a754318253de12125b7d742,ignored,vendor_only_no_exact_public_file,documented_local_only
vendor/bcdatamapper/datascrapers/bc/early-learning/cache/captures/2026-09-22/regions/LSA_3239.json,45390,0680727389f50f5b987255648fcba620ba9ee72629d7ea4518e79c9bb21f4c0e,ignored,vendor_only_no_exact_public_file,documented_local_only
vendor/bcdatamapper/datascrapers/bc/early-learning/cache/captures/2026-09-22/regions/LSA_4140.json,46852,e8a2e46a0f1672fca01e020e3a2d3f4aeedafef6f82b8d8af7412276984e13b8,ignored,vendor_only_no_exact_public_file,documented_local_only
vendor/bcdatamapper/datascrapers/bc/early-learning/cache/captures/2026-09-22/regions/LSA_4141.json,46140,be2dac999b041e63aed32c78c0ee03a9b753c329767539fb76d8628be3f160a1,ignored,vendor_only_no_exact_public_file,documented_local_only
vendor/bcdatamapper/datascrapers/bc/early-learning/cache/captures/2026-09-22/regions/LSA_4142.json,46038,af810249fdf54f5d208cf308cc35ed974d66edd14ed18d16a2b3f44ae942922c,ignored,vendor_only_no_exact_public_file,documented_local_only
vendor/bcdatamapper/datascrapers/bc/early-learning/cache/captures/2026-09-22/regions/LSA_4243.json,43983,cf7c0cf814f264f20447f331dd4cb14bf858589375dd02a505da3767a7cae3fb,ignored,vendor_only_no_exact_public_file,documented_local_only
vendor/bcdatamapper/datascrapers/bc/early-learning/cache/captures/2026-09-22/regions/LSA_4244.json,45500,b5f0c3bcd7eae61182e39603e9b779bf37c0c0310599ec558a099adc2664416e,ignored,vendor_only_no_exact_public_file,documented_local_only
vendor/bcdatamapper/datascrapers/bc/early-learning/cache/captures/2026-09-22/regions/LSA_4245.json,45642,f7a8cb3c4fe625d1e86df8cb400ffad109d15cb576d592ae5998fd77153702cc,ignored,vendor_only_no_exact_public_file,documented_local_only
vendor/bcdatamapper/datascrapers/bc/early-learning/cache/captures/2026-09-22/regions/LSA_4346.json,46452,2e159cd0d599b7cc7f9110288ca8f4a2a1350ddff90e9b1eb107740c8a948526,ignored,vendor_only_no_exact_public_file,documented_local_only
vendor/bcdatamapper/datascrapers/bc/early-learning/cache/captures/2026-09-22/regions/LSA_4347.json,46515,859c9b14853557aa8796634319abcc600265937e9e294acbed89c3a9e5cbc7da,ignored,vendor_only_no_exact_public_file,documented_local_only
vendor/bcdatamapper/datascrapers/bc/early-learning/cache/captures/2026-09-22/regions/LSA_ALL.json,41310,0e4ae2ce99e110bfbc0329f8a552170457ea6b364fa240cc3d2239cc365d655a,ignored,vendor_only_no_exact_public_file,documented_local_only
vendor/bcdatamapper/datascrapers/bc/early-learning/cache/captures/2026-09-22/regions/MCFD_1.json,45537,01c7651e59a362861f23689e80880b264a41845c3bdca88462491e6b951c3c27,ignored,vendor_only_no_exact_public_file,documented_local_only
vendor/bcdatamapper/datascrapers/bc/early-learning/cache/captures/2026-09-22/regions/MCFD_2.json,46540,58b7d78dbf4b7de156904d7174a15c49985c19affbc0528cf977c00d98df5aab,ignored,vendor_only_no_exact_public_file,documented_local_only
vendor/bcdatamapper/datascrapers/bc/early-learning/cache/captures/2026-09-22/regions/MCFD_3.json,47461,94a104e69e02a6a0a43cb9873b932301c3e14976a1dc5fb38a52022dea17816b,ignored,vendor_only_no_exact_public_file,documented_local_only
vendor/bcdatamapper/datascrapers/bc/early-learning/cache/captures/2026-09-22/regions/MCFD_4.json,45485,ad9aa72aec7f6710ce6727f90a8c7b18269238f3bd9f9f0c42d5b6b506cf404b,ignored,vendor_only_no_exact_public_file,documented_local_only
vendor/bcdatamapper/datascrapers/bc/early-learning/cache/captures/2026-09-22/regions/MCFD_ALL.json,38432,5a7f5ac0bfeea17fa2b5c4df8229e1259100c3457bd734c0f9f69670dbe34d31,ignored,vendor_only_no_exact_public_file,documented_local_only
vendor/bcdatamapper/datascrapers/bc/early-learning/cache/captures/2026-09-22/regions/NH_ALL.json,40108,1dce8215b202e1b84687a1013a2e3105d0994880f9f0eb04b67c150d203ae158,ignored,vendor_only_no_exact_public_file,documented_local_only
vendor/bcdatamapper/datascrapers/bc/early-learning/cache/captures/2026-09-22/regions/NH_N0501.json,45820,5c363ee5ba71fcf6a617b5a50422e667d4bd5587a69cfdd6bd2a527cc8bb453c,ignored,vendor_only_no_exact_public_file,documented_local_only
vendor/bcdatamapper/datascrapers/bc/early-learning/cache/captures/2026-09-22/regions/NH_N0502.json,46103,366f3e5b7bae745c644e136fea9a5f894fcddbe43e6cbbc19027dbdd12f62544,ignored,vendor_only_no_exact_public_file,documented_local_only
vendor/bcdatamapper/datascrapers/bc/early-learning/cache/captures/2026-09-22/regions/NH_N0503.json,40274,2188fb6d1786f90ef38de6dc3e6b403aa7d4739edc45d59c5d42c43eb05e3342,ignored,vendor_only_no_exact_public_file,documented_local_only
vendor/bcdatamapper/datascrapers/bc/early-learning/cache/captures/2026-09-22/regions/NH_N0504.json,46027,5fff70dfc249212461cfa3cb3ace78744f9643c8fef0afef8234cec9f3c01b8f,ignored,vendor_only_no_exact_public_file,documented_local_only
vendor/bcdatamapper/datascrapers/bc/early-learning/cache/captures/2026-09-22/regions/NH_N0505.json,43296,4b48e316f5f909df60c04fb2f24058ad39826850681aeb4712717d7e6911a240,ignored,vendor_only_no_exact_public_file,documented_local_only
vendor/bcdatamapper/datascrapers/bc/early-learning/cache/captures/2026-09-22/regions/NH_N0506.json,46250,ea967c00285602ef83dfe6a37edc2ab72f19c4d3d5f644a396fbb9ad4b94b5f0,ignored,vendor_only_no_exact_public_file,documented_local_only
vendor/bcdatamapper/datascrapers/bc/early-learning/cache/captures/2026-09-22/regions/NH_N0601.json,43100,e62f9ff6df6b39900c6d7d4b6570c2b9e4e79e3cbbd7725979f96f7f64db8167,ignored,vendor_only_no_exact_public_file,documented_local_only
vendor/bcdatamapper/datascrapers/bc/early-learning/cache/captures/2026-09-22/regions/NH_N0602.json,44024,e9ee8d9ab32072d25f7ee1d6bad84e1f0d7c69a841b0635f69c9b685f4d2a153,ignored,vendor_only_no_exact_public_file,documented_local_only
vendor/bcdatamapper/datascrapers/bc/early-learning/cache/captures/2026-09-22/regions/NH_N0603.json,43867,25af5e258a86cca5c03efc3adc2a415f336b1d2c43421ba4204be6ad00ee9e26,ignored,vendor_only_no_exact_public_file,documented_local_only
vendor/bcdatamapper/datascrapers/bc/early-learning/cache/captures/2026-09-22/regions/NH_N0801.json,43187,ff8a5e1131b1fe773ae148df9bfb7212f1ada8e5ed2370889be1c9052a329edc,ignored,vendor_only_no_exact_public_file,documented_local_only
vendor/bcdatamapper/datascrapers/bc/early-learning/cache/captures/2026-09-22/regions/NH_N0802.json,46228,363186da33f9b9f581ef461816b52123b464ea66528c4b5531806e017db4a83e,ignored,vendor_only_no_exact_public_file,documented_local_only
vendor/bcdatamapper/datascrapers/bc/early-learning/cache/captures/2026-09-22/regions/NH_N0803.json,42896,b7b2d9788ea4b583204ecd26a729ce7b6d9b82e44241f9a192dc9a7e04ba62bf,ignored,vendor_only_no_exact_public_file,documented_local_only
vendor/bcdatamapper/datascrapers/bc/early-learning/cache/captures/2026-09-22/regions/NH_N1001.json,43927,766561c2499135f889c8c3c3b6feacb7bd75fc5cada6ff67136c38c4b066f95c,ignored,vendor_only_no_exact_public_file,documented_local_only
vendor/bcdatamapper/datascrapers/bc/early-learning/cache/captures/2026-09-22/regions/NH_N1901.json,43564,623a0ecdd56909d30a57298b890f3e53fed4970e025b498734fb3c248c5cfb82,ignored,vendor_only_no_exact_public_file,documented_local_only
vendor/bcdatamapper/datascrapers/bc/early-learning/cache/captures/2026-09-22/regions/NH_N2001.json,48247,ad8121181410933beeedbced0c8179c40c5568390bb357e4cf6a095ae1eec151,ignored,vendor_only_no_exact_public_file,documented_local_only
vendor/bcdatamapper/datascrapers/bc/early-learning/cache/captures/2026-09-22/regions/NH_N2002.json,48035,77c45f9ed721f1b068e9156bf02b9dd86739e3f38cc30dad83dba5c16b064396,ignored,vendor_only_no_exact_public_file,documented_local_only
vendor/bcdatamapper/datascrapers/bc/early-learning/cache/captures/2026-09-22/regions/NH_N2201.json,46366,7c43568c132d6a1df85275dece11d3225509427c36fafee9c3afd4ae700a206a,ignored,vendor_only_no_exact_public_file,documented_local_only
vendor/bcdatamapper/datascrapers/bc/early-learning/cache/captures/2026-09-22/regions/NH_N2202.json,45354,c8d65a7f6a954cde6a0033d0effc4bd1ebc2e9b6bc17af6681d128ef12692e2c,ignored,vendor_only_no_exact_public_file,documented_local_only
vendor/bcdatamapper/datascrapers/bc/early-learning/cache/captures/2026-09-22/regions/NH_N2203.json,45667,aa3cd4a42452c84caa8fb537df3ae7daae111414c7d99cdc570875d127346cfd,ignored,vendor_only_no_exact_public_file,documented_local_only
vendor/bcdatamapper/datascrapers/bc/early-learning/cache/captures/2026-09-22/regions/NH_N2204.json,43373,588b65636ab06dd93e926a96fe85885297648ae3c5edd07d34ea77b784cdc852,ignored,vendor_only_no_exact_public_file,documented_local_only
vendor/bcdatamapper/datascrapers/bc/early-learning/cache/captures/2026-09-22/regions/NH_N2205.json,44312,f312536c50272ac1a7234b7cf8b1332c113b11c8fa0380e3a7d211ba605ccea0,ignored,vendor_only_no_exact_public_file,documented_local_only
vendor/bcdatamapper/datascrapers/bc/early-learning/cache/captures/2026-09-22/regions/NH_N2206.json,44193,63e924ba91c6543fa5c7254998d5fdae185ddeaf1b3df3c791504bb247cc2c28,ignored,vendor_only_no_exact_public_file,documented_local_only
vendor/bcdatamapper/datascrapers/bc/early-learning/cache/captures/2026-09-22/regions/NH_N2301.json,46540,0df09706923f2138dc20ebf1553ed8b74ab61ff6b21df5c0b5356356c2d8f60e,ignored,vendor_only_no_exact_public_file,documented_local_only
vendor/bcdatamapper/datascrapers/bc/early-learning/cache/captures/2026-09-22/regions/NH_N2302.json,44718,c4eedb4fcc333240ed66c87f5352d929bcaa3c443d80c19c7e985c78e864e2bd,ignored,vendor_only_no_exact_public_file,documented_local_only
vendor/bcdatamapper/datascrapers/bc/early-learning/cache/captures/2026-09-22/regions/NH_N2303.json,42269,432827b421c70ff0f9410bac5bcdf211f3c94e14200dbe7672a04fead43a7c39,ignored,vendor_only_no_exact_public_file,documented_local_only
vendor/bcdatamapper/datascrapers/bc/early-learning/cache/captures/2026-09-22/regions/NH_N2304.json,47300,c7d2cdb85ebbb0624de404fe85a3dae0d593379727f6b0d750ba4eeece606265,ignored,vendor_only_no_exact_public_file,documented_local_only
vendor/bcdatamapper/datascrapers/bc/early-learning/cache/captures/2026-09-22/regions/NH_N2305.json,46816,b8087e4130c80543be5c4b60edac4b1e554bde3437f87eb648763859b1d73994,ignored,vendor_only_no_exact_public_file,documented_local_only
vendor/bcdatamapper/datascrapers/bc/early-learning/cache/captures/2026-09-22/regions/NH_N2306.json,46522,a8d1f2a7acbfb00049f55d7d86c817ab104dec4d54ee8fbd091abb0d8aae6c48,ignored,vendor_only_no_exact_public_file,documented_local_only
vendor/bcdatamapper/datascrapers/bc/early-learning/cache/captures/2026-09-22/regions/NH_N2307.json,45504,83a30f94384205ef87287dc00a713207b119a22844b4f00d2346f9f69399641b,ignored,vendor_only_no_exact_public_file,documented_local_only
vendor/bcdatamapper/datascrapers/bc/early-learning/cache/captures/2026-09-22/regions/NH_N2308.json,43686,4374bf4bde36056fe81cde565c69919551cc69978ee98eac56d01090bcb21fd3,ignored,vendor_only_no_exact_public_file,documented_local_only
vendor/bcdatamapper/datascrapers/bc/early-learning/cache/captures/2026-09-22/regions/NH_N2309.json,47774,0dd13d99ebdefa55480ed077e563d1dc5c8fa0dbad161d9c0ee4ca15a10bf3af,ignored,vendor_only_no_exact_public_file,documented_local_only
vendor/bcdatamapper/datascrapers/bc/early-learning/cache/captures/2026-09-22/regions/NH_N2701.json,45327,315a91c50e1e073ba1249fa6424784b8b5a70ab988b98a5fcbf45ad25fc34e92,ignored,vendor_only_no_exact_public_file,documented_local_only
vendor/bcdatamapper/datascrapers/bc/early-learning/cache/captures/2026-09-22/regions/NH_N2702.json,41723,ce45655f27d362a124540f436c2cef89b371b61402105bc92a0bbecd3d54744c,ignored,vendor_only_no_exact_public_file,documented_local_only
vendor/bcdatamapper/datascrapers/bc/early-learning/cache/captures/2026-09-22/regions/NH_N2703.json,48018,f1a29ec8724847871118edbe16d86144e8f4b7c584dc2b494d217c8d2e0d2e08,ignored,vendor_only_no_exact_public_file,documented_local_only
vendor/bcdatamapper/datascrapers/bc/early-learning/cache/captures/2026-09-22/regions/NH_N2704.json,45204,111d7013f295dd57d8f1851ba5572c8f2c6ed3cbadda1333dd49b3bef284384f,ignored,vendor_only_no_exact_public_file,documented_local_only
vendor/bcdatamapper/datascrapers/bc/early-learning/cache/captures/2026-09-22/regions/NH_N2705.json,47119,6ab26f3e6832489bd51fcfc50699525af2609d426807864429aa40e41b59cf6d,ignored,vendor_only_no_exact_public_file,documented_local_only
vendor/bcdatamapper/datascrapers/bc/early-learning/cache/captures/2026-09-22/regions/NH_N2801.json,44110,fb4ef629d751d7f0b517c365c906a8b02e4153581c7e2800c24ff7f0d972aba2,ignored,vendor_only_no_exact_public_file,documented_local_only
vendor/bcdatamapper/datascrapers/bc/early-learning/cache/captures/2026-09-22/regions/NH_N2802.json,41203,a96a264d34bbd4bd868b6e6421a30586297609c069e06b15b75873fd49dde488,ignored,vendor_only_no_exact_public_file,documented_local_only
vendor/bcdatamapper/datascrapers/bc/early-learning/cache/captures/2026-09-22/regions/NH_N2803.json,44284,f50a6eff985068dbd95e150119f7bbb3a9c21ed28fd4618eac2808f9c426ea52,ignored,vendor_only_no_exact_public_file,documented_local_only
vendor/bcdatamapper/datascrapers/bc/early-learning/cache/captures/2026-09-22/regions/NH_N3301.json,45100,5f3b22dfb8b3d4bf8f69fd1a00e4d7d2a6fd82710d68e030fc53ff88b294cbdc,ignored,vendor_only_no_exact_public_file,documented_local_only
vendor/bcdatamapper/datascrapers/bc/early-learning/cache/captures/2026-09-22/regions/NH_N3302.json,44397,0ab30463407d1eaf4187a6629d8251cae6d35340591926444549dfe0719d1187,ignored,vendor_only_no_exact_public_file,documented_local_only
vendor/bcdatamapper/datascrapers/bc/early-learning/cache/captures/2026-09-22/regions/NH_N3303.json,44204,375a9abc28113f139e7b5979eef6e58a7f13748ec1aef56307457c9d83b691ea,ignored,vendor_only_no_exact_public_file,documented_local_only
vendor/bcdatamapper/datascrapers/bc/early-learning/cache/captures/2026-09-22/regions/NH_N3304.json,45675,51597dfbc38ca92f6e9c770c3c9730de9d3d98015c477f62472e484cb708bc18,ignored,vendor_only_no_exact_public_file,documented_local_only
vendor/bcdatamapper/datascrapers/bc/early-learning/cache/captures/2026-09-22/regions/NH_N3305.json,45008,f73915d24a3604cc1b73a6b233fa944f688d10ed32160c97fcd1f8819668a172,ignored,vendor_only_no_exact_public_file,documented_local_only
vendor/bcdatamapper/datascrapers/bc/early-learning/cache/captures/2026-09-22/regions/NH_N3401.json,40161,e0143a83d6bd88cdc6a3f1460de85fa96988b9243dd4968c7b9ff57dbeef6c96,ignored,vendor_only_no_exact_public_file,documented_local_only
vendor/bcdatamapper/datascrapers/bc/early-learning/cache/captures/2026-09-22/regions/NH_N3402.json,41901,6be4f328b43e0e1d4f1796b65c5e7c424e638d31a0281f4fc8d40d51ca06b003,ignored,vendor_only_no_exact_public_file,documented_local_only
vendor/bcdatamapper/datascrapers/bc/early-learning/cache/captures/2026-09-22/regions/NH_N3403.json,42372,e679ffa951c7d4eefba2cf8486b85fa76eb276ac6882b357e38ee37eea96c0db,ignored,vendor_only_no_exact_public_file,documented_local_only
vendor/bcdatamapper/datascrapers/bc/early-learning/cache/captures/2026-09-22/regions/NH_N3404.json,41485,931915539522ee3812b8e7773ebed619ab4df511159f225265e0a29a9cd1718c,ignored,vendor_only_no_exact_public_file,documented_local_only
vendor/bcdatamapper/datascrapers/bc/early-learning/cache/captures/2026-09-22/regions/NH_N3405.json,39750,127b7ac313ee5f3abda73e3d3c66c982fb3786ccc68360cf6732773d8b1ec62a,ignored,vendor_only_no_exact_public_file,documented_local_only
vendor/bcdatamapper/datascrapers/bc/early-learning/cache/captures/2026-09-22/regions/NH_N3406.json,40517,51a1272a9c4dc69f1b8e2bb598640a30bc49b13678cf06e416e7f88a3f748656,ignored,vendor_only_no_exact_public_file,documented_local_only
vendor/bcdatamapper/datascrapers/bc/early-learning/cache/captures/2026-09-22/regions/NH_N3407.json,35983,6f9286aa939c21da9379d6b46e2e1d21a711a6950bb821dd494141e1cf1591cb,ignored,vendor_only_no_exact_public_file,documented_local_only
vendor/bcdatamapper/datascrapers/bc/early-learning/cache/captures/2026-09-22/regions/NH_N3408.json,42928,152f3cdc3dcc4af583f6f662bf38c73c33ec6a80a84e2f7df595ffd8a00f9480,ignored,vendor_only_no_exact_public_file,documented_local_only
vendor/bcdatamapper/datascrapers/bc/early-learning/cache/captures/2026-09-22/regions/NH_N3409.json,41088,84987acbb59b3a2bff1e9775f9eb17a1bb20aec8f96784a58948650d078f4d45,ignored,vendor_only_no_exact_public_file,documented_local_only
vendor/bcdatamapper/datascrapers/bc/early-learning/cache/captures/2026-09-22/regions/NH_N3410.json,36722,f1948ad6269f285954bcf97841f4dc9ce0deb87fde983d706294faa82b732c54,ignored,vendor_only_no_exact_public_file,documented_local_only
vendor/bcdatamapper/datascrapers/bc/early-learning/cache/captures/2026-09-22/regions/NH_N3411.json,31342,9d1dfa8f45197c005ecdcebad70801719f60f71e653c7a54360477b5e86be909,ignored,vendor_only_no_exact_public_file,documented_local_only
vendor/bcdatamapper/datascrapers/bc/early-learning/cache/captures/2026-09-22/regions/NH_N3412.json,42317,bd6ed6d1266a87c5a8ed2f67d084eb68e4e0ffc0582a2d59c5982a112add20dc,ignored,vendor_only_no_exact_public_file,documented_local_only
vendor/bcdatamapper/datascrapers/bc/early-learning/cache/captures/2026-09-22/regions/NH_N3501.json,43690,55a8ce80c0daba60302eb392ef975d15e3f0def44c2e2154f3ba48c6cc03d4ea,ignored,vendor_only_no_exact_public_file,documented_local_only
vendor/bcdatamapper/datascrapers/bc/early-learning/cache/captures/2026-09-22/regions/NH_N3502.json,44405,5ae01e0c85a50b1d89ede8ce575c7ebc1a0ce13bf717abd49b95516705c8bcc2,ignored,vendor_only_no_exact_public_file,documented_local_only
vendor/bcdatamapper/datascrapers/bc/early-learning/cache/captures/2026-09-22/regions/NH_N3503.json,48990,565233395889d96b8408596d75f8b93d61603d7126d608d3c7c5a27d5b94d9cc,ignored,vendor_only_no_exact_public_file,documented_local_only
vendor/bcdatamapper/datascrapers/bc/early-learning/cache/captures/2026-09-22/regions/NH_N3504.json,45222,72d0c9de3a29a0e5909f48aa25cf863bb67eed1a99ca6910eb18ec85628fc01f,ignored,vendor_only_no_exact_public_file,documented_local_only
vendor/bcdatamapper/datascrapers/bc/early-learning/cache/captures/2026-09-22/regions/NH_N3505.json,43674,a597174475b2542f518dbebb8ddcfd213f73865d3de2bda190424172e042b381,ignored,vendor_only_no_exact_public_file,documented_local_only
vendor/bcdatamapper/datascrapers/bc/early-learning/cache/captures/2026-09-22/regions/NH_N3506.json,45630,7f9ddaae2a61d41c590f21b3b1e7bb6b2f5d3404b8d91d25bc42ef88059eca07,ignored,vendor_only_no_exact_public_file,documented_local_only
vendor/bcdatamapper/datascrapers/bc/early-learning/cache/captures/2026-09-22/regions/NH_N3507.json,45500,1fa83f94aef7886a481c6be260e967eb3b70c2b9026f95841791b5c554085cac,ignored,vendor_only_no_exact_public_file,documented_local_only
vendor/bcdatamapper/datascrapers/bc/early-learning/cache/captures/2026-09-22/regions/NH_N3508.json,43677,e3b2f934219fc67984854fb4a0b5420af02f108b508a372e6cafc30773d98009,ignored,vendor_only_no_exact_public_file,documented_local_only
vendor/bcdatamapper/datascrapers/bc/early-learning/cache/captures/2026-09-22/regions/NH_N3509.json,46560,86dad59544b53201dbea6e45f56bbee62f544ad18010d3d1173ecc8eab6909d3,ignored,vendor_only_no_exact_public_file,documented_local_only
vendor/bcdatamapper/datascrapers/bc/early-learning/cache/captures/2026-09-22/regions/NH_N3601.json,45666,e94bb39992124673f268efaa16ff825ecbf9c7c92297abeef2827ad2128e31da,ignored,vendor_only_no_exact_public_file,documented_local_only
vendor/bcdatamapper/datascrapers/bc/early-learning/cache/captures/2026-09-22/regions/NH_N3602.json,43261,d551df922a878a2e4bd64f7aab0d1a031d78737d7fc2878067e9c28faea189c8,ignored,vendor_only_no_exact_public_file,documented_local_only
vendor/bcdatamapper/datascrapers/bc/early-learning/cache/captures/2026-09-22/regions/NH_N3603.json,45011,27549974f5902361fe64c7b957f17270acd85a95a1c13ac07f9b1a9b2030047e,ignored,vendor_only_no_exact_public_file,documented_local_only
vendor/bcdatamapper/datascrapers/bc/early-learning/cache/captures/2026-09-22/regions/NH_N3604.json,43217,a829bb5333cd3b68269eb332741c39fcc43b884fcd555267bfe4f073f98791a2,ignored,vendor_only_no_exact_public_file,documented_local_only
vendor/bcdatamapper/datascrapers/bc/early-learning/cache/captures/2026-09-22/regions/NH_N3605.json,45204,e87f325eb620d1cf05b4d4adefc83a627c281d8ff8e62acc5f13f2e35b9c3b79,ignored,vendor_only_no_exact_public_file,documented_local_only
vendor/bcdatamapper/datascrapers/bc/early-learning/cache/captures/2026-09-22/regions/NH_N3606.json,45172,925e4f98daed118e687d6ac6ddc9f614007e09a195b49aff9b9df0858547672c,ignored,vendor_only_no_exact_public_file,documented_local_only
vendor/bcdatamapper/datascrapers/bc/early-learning/cache/captures/2026-09-22/regions/NH_N3607.json,45038,dc7ae8a8c90c80d363211270cc90cba38cdcacbe9a8ea106c1915caa06c28cac,ignored,vendor_only_no_exact_public_file,documented_local_only
vendor/bcdatamapper/datascrapers/bc/early-learning/cache/captures/2026-09-22/regions/NH_N3608.json,45919,9ef3639325422c490b5e422d7faec62fa028885a93410d766e50dad499561408,ignored,vendor_only_no_exact_public_file,documented_local_only
vendor/bcdatamapper/datascrapers/bc/early-learning/cache/captures/2026-09-22/regions/NH_N3609.json,45869,0e247c1c555d660aae3a4ef2c07bc958c2bc7f29958dd2bfb3324590e6789679,ignored,vendor_only_no_exact_public_file,documented_local_only
vendor/bcdatamapper/datascrapers/bc/early-learning/cache/captures/2026-09-22/regions/NH_N3610.json,44625,c3038bb493f171253474704f834d4c1d8a615a27489eb4f745458e84ab594ec7,ignored,vendor_only_no_exact_public_file,documented_local_only
vendor/bcdatamapper/datascrapers/bc/early-learning/cache/captures/2026-09-22/regions/NH_N3611.json,45099,ab635b1a8a191418137b32c1e4ca9cd2665221064227431d1a25b4185611043c,ignored,vendor_only_no_exact_public_file,documented_local_only
vendor/bcdatamapper/datascrapers/bc/early-learning/cache/captures/2026-09-22/regions/NH_N3612.json,44485,059ec60f76c5f0c29f042a50c07d8eda0a525a291926f1528f51db10b678efe2,ignored,vendor_only_no_exact_public_file,documented_local_only
vendor/bcdatamapper/datascrapers/bc/early-learning/cache/captures/2026-09-22/regions/NH_N3613.json,44107,bacc2638eba72a3d9794b73d2e25d7d583c6dbc5463a2640d338d81eceaea482,ignored,vendor_only_no_exact_public_file,documented_local_only
vendor/bcdatamapper/datascrapers/bc/early-learning/cache/captures/2026-09-22/regions/NH_N3614.json,43965,bc7088813476b8cd64c01d111c58b642ff6d8f9a5ddd4ff186895bb62f0f26f8,ignored,vendor_only_no_exact_public_file,documented_local_only
vendor/bcdatamapper/datascrapers/bc/early-learning/cache/captures/2026-09-22/regions/NH_N3615.json,45131,d70260e6384246b0fd05f57b8f97e0dd8c74804085c46ec7c872d7cc475063e2,ignored,vendor_only_no_exact_public_file,documented_local_only
vendor/bcdatamapper/datascrapers/bc/early-learning/cache/captures/2026-09-22/regions/NH_N3616.json,43986,241087e9d0e666666150a0ab88c99909410beb803038dc187e7891a2663ad1f4,ignored,vendor_only_no_exact_public_file,documented_local_only
vendor/bcdatamapper/datascrapers/bc/early-learning/cache/captures/2026-09-22/regions/NH_N3617.json,45155,bc10d47db91144ee442da4c0dae819fdf0ef2c46483bcc1d4e717d40a7ddd460,ignored,vendor_only_no_exact_public_file,documented_local_only
vendor/bcdatamapper/datascrapers/bc/early-learning/cache/captures/2026-09-22/regions/NH_N3618.json,45448,214f38d1f37d887cdf676023aa8f227743fe0a554585cf926d555b4e45b48949,ignored,vendor_only_no_exact_public_file,documented_local_only
vendor/bcdatamapper/datascrapers/bc/early-learning/cache/captures/2026-09-22/regions/NH_N3619.json,45301,cd38fcad5dc31020c33bbbd45671c900fb27cdc980244b3af5c9bb3c9dd84202,ignored,vendor_only_no_exact_public_file,documented_local_only
vendor/bcdatamapper/datascrapers/bc/early-learning/cache/captures/2026-09-22/regions/NH_N3620.json,42882,6e405507300f447e34d9262882b132edeeb5b76b379a7c3a93ca2e8dfbbb5eff,ignored,vendor_only_no_exact_public_file,documented_local_only
vendor/bcdatamapper/datascrapers/bc/early-learning/cache/captures/2026-09-22/regions/NH_N3621.json,43090,473c2ea349e7ae7667ca0e59654c59ccd7143102e923693dafffbfd02bea9539,ignored,vendor_only_no_exact_public_file,documented_local_only
vendor/bcdatamapper/datascrapers/bc/early-learning/cache/captures/2026-09-22/regions/NH_N3622.json,45224,a2ef56e3d4fb1a7f8fe43cc2c61878385b43761648aac1e0aa6d22092cb6b999,ignored,vendor_only_no_exact_public_file,documented_local_only
vendor/bcdatamapper/datascrapers/bc/early-learning/cache/captures/2026-09-22/regions/NH_N3623.json,44698,059fad8911ed265a0e2d0cadf8a272fec2d9f9f2a9570540de352519929cee7a,ignored,vendor_only_no_exact_public_file,documented_local_only
vendor/bcdatamapper/datascrapers/bc/early-learning/cache/captures/2026-09-22/regions/NH_N3624.json,45099,6213f898915b48fbc05255249a883057410bff40647d202a62bea4088efa6ca4,ignored,vendor_only_no_exact_public_file,documented_local_only
vendor/bcdatamapper/datascrapers/bc/early-learning/cache/captures/2026-09-22/regions/NH_N3701.json,43432,546e5444a171c45cda325d0fa0fb77404552c55417baad17df7b5b1d3fb97c0f,ignored,vendor_only_no_exact_public_file,documented_local_only
vendor/bcdatamapper/datascrapers/bc/early-learning/cache/captures/2026-09-22/regions/NH_N3702.json,45905,4c8e85e7df463ec718a1b4ec6e52780308ac4ba9812b0348f882e7fdf6c51709,ignored,vendor_only_no_exact_public_file,documented_local_only
vendor/bcdatamapper/datascrapers/bc/early-learning/cache/captures/2026-09-22/regions/NH_N3703.json,44336,299cf1ea2e41b83e879d260cdaee30eab0a514fc19effcee920f2061e798c285,ignored,vendor_only_no_exact_public_file,documented_local_only
vendor/bcdatamapper/datascrapers/bc/early-learning/cache/captures/2026-09-22/regions/NH_N3704.json,45162,16777f0339250caa64518106768c1ef9cff2aa484d89cf5c46de4d8cc01d146f,ignored,vendor_only_no_exact_public_file,documented_local_only
vendor/bcdatamapper/datascrapers/bc/early-learning/cache/captures/2026-09-22/regions/NH_N3705.json,44940,2121ba315ea8145a6d7986b763866ef75bfffa6dd0da96c6a1fc502a180f2566,ignored,vendor_only_no_exact_public_file,documented_local_only
vendor/bcdatamapper/datascrapers/bc/early-learning/cache/captures/2026-09-22/regions/NH_N3801.json,46391,a9baae56f34dd1a524747f88aadb35b9b025d691833bf7aaa2abafe2c871276f,ignored,vendor_only_no_exact_public_file,documented_local_only
vendor/bcdatamapper/datascrapers/bc/early-learning/cache/captures/2026-09-22/regions/NH_N3802.json,42926,ffbe8cd8c0269bab6a310da34f13e17b1e93203db77baf0a913e8c22dca03803,ignored,vendor_only_no_exact_public_file,documented_local_only
vendor/bcdatamapper/datascrapers/bc/early-learning/cache/captures/2026-09-22/regions/NH_N3803.json,43025,19e3aa4a7cbb33e66eea40c8d47ba2e6c46d142624610843ce5cfb954585abbd,ignored,vendor_only_no_exact_public_file,documented_local_only
vendor/bcdatamapper/datascrapers/bc/early-learning/cache/captures/2026-09-22/regions/NH_N3804.json,47134,c56bed97e3ec0bb0fa5f0a3c0f410834a2fb43adc0960d4bee989689db661049,ignored,vendor_only_no_exact_public_file,documented_local_only
vendor/bcdatamapper/datascrapers/bc/early-learning/cache/captures/2026-09-22/regions/NH_N3805.json,45496,a3e53b805373f456ef1c8e8922fe4c8ec7d63627f75fd624c9be026efc6afb94,ignored,vendor_only_no_exact_public_file,documented_local_only
vendor/bcdatamapper/datascrapers/bc/early-learning/cache/captures/2026-09-22/regions/NH_N3806.json,40587,257aaffc743d9056c2ebb45a4657ff55bc5d8e72ea76a77848c0698afce78848,ignored,vendor_only_no_exact_public_file,documented_local_only
vendor/bcdatamapper/datascrapers/bc/early-learning/cache/captures/2026-09-22/regions/NH_N3807.json,43510,c3bb2d2864fb5e45037101263cafea40752c6ec84ff76d8d6c8d137f7e36fdcf,ignored,vendor_only_no_exact_public_file,documented_local_only
vendor/bcdatamapper/datascrapers/bc/early-learning/cache/captures/2026-09-22/regions/NH_N3808.json,43225,200b7b5530bdf865ab24df5a9189661e02a7fdc9454ba5b8f0396700ecc433cf,ignored,vendor_only_no_exact_public_file,documented_local_only
vendor/bcdatamapper/datascrapers/bc/early-learning/cache/captures/2026-09-22/regions/NH_N3809.json,43498,07d447e07bd2cf8bf796d50f3dc1ef946510b340e87d9bcd430c39cabd76330d,ignored,vendor_only_no_exact_public_file,documented_local_only
vendor/bcdatamapper/datascrapers/bc/early-learning/cache/captures/2026-09-22/regions/NH_N3810.json,45479,92b34541e4ab7aef23516e9893e797a1d7183b5fcf94f321f403b0b64c028db0,ignored,vendor_only_no_exact_public_file,documented_local_only
vendor/bcdatamapper/datascrapers/bc/early-learning/cache/captures/2026-09-22/regions/NH_N3811.json,43438,f621ffaf56ec3b2eaddfb62fff4a7caad147233f2a7b0e8c7e4ec813b71f971c,ignored,vendor_only_no_exact_public_file,documented_local_only
vendor/bcdatamapper/datascrapers/bc/early-learning/cache/captures/2026-09-22/regions/NH_N3902.json,45207,c7a58adc5f20ececbc5924cab7ace9174cf694d5428d89db5eab9e4e3d408bd6,ignored,vendor_only_no_exact_public_file,documented_local_only
vendor/bcdatamapper/datascrapers/bc/early-learning/cache/captures/2026-09-22/regions/NH_N3903.json,36293,550b96e508bfd6976ce96eca4a1acfab2ea8b868c363d69919abd7e4ecd2fc42,ignored,vendor_only_no_exact_public_file,documented_local_only
vendor/bcdatamapper/datascrapers/bc/early-learning/cache/captures/2026-09-22/regions/NH_N3904.json,43425,cddf461b0e9f410947b63b084b274f59e85ef667250f98888c143aab784660de,ignored,vendor_only_no_exact_public_file,documented_local_only
vendor/bcdatamapper/datascrapers/bc/early-learning/cache/captures/2026-09-22/regions/NH_N3905.json,44816,e31b79e691653a4321ad48b3c03a25b52c77f1aea5ad58f1a9742cf74f7e80e3,ignored,vendor_only_no_exact_public_file,documented_local_only
vendor/bcdatamapper/datascrapers/bc/early-learning/cache/captures/2026-09-22/regions/NH_N3906.json,35564,e478634a97f6dbdf115ac555941ffad85b5585e06612b537ed9e4077e015bc02,ignored,vendor_only_no_exact_public_file,documented_local_only
vendor/bcdatamapper/datascrapers/bc/early-learning/cache/captures/2026-09-22/regions/NH_N3907.json,46503,2073d34f1e84bf1be2808badb32b75780d2b026295ff4e88da41eb17c89d85c0,ignored,vendor_only_no_exact_public_file,documented_local_only
vendor/bcdatamapper/datascrapers/bc/early-learning/cache/captures/2026-09-22/regions/NH_N3908.json,45816,6237fde60f12138c49244ee595285e0d8eddf0fdd62260ecc4daaadc6dfedabf,ignored,vendor_only_no_exact_public_file,documented_local_only
vendor/bcdatamapper/datascrapers/bc/early-learning/cache/captures/2026-09-22/regions/NH_N3909.json,46522,3d50af5f181935aca05844cb154bfe59835443ebc6b8c93738c49f3b3079d24b,ignored,vendor_only_no_exact_public_file,documented_local_only
vendor/bcdatamapper/datascrapers/bc/early-learning/cache/captures/2026-09-22/regions/NH_N3910.json,47824,8b005f2831a94b9b4ba1de64591a0f89b90acc6f1847a213234bb087af20cab0,ignored,vendor_only_no_exact_public_file,documented_local_only
vendor/bcdatamapper/datascrapers/bc/early-learning/cache/captures/2026-09-22/regions/NH_N3911.json,45989,aea602bae7143d6ff1a70d88f70ab4d5b267e34cef8abbcec6ec296d30833584,ignored,vendor_only_no_exact_public_file,documented_local_only
vendor/bcdatamapper/datascrapers/bc/early-learning/cache/captures/2026-09-22/regions/NH_N3912.json,43883,cda53723a2f581235fc1b40e3b7581b81b35723aced710f9dd3cb06ac09ffa51,ignored,vendor_only_no_exact_public_file,documented_local_only
vendor/bcdatamapper/datascrapers/bc/early-learning/cache/captures/2026-09-22/regions/NH_N3913.json,46044,f8f8367235b7f240ce45f873380318aa5342f1ea57cf5d9335be3f94108c59cd,ignored,vendor_only_no_exact_public_file,documented_local_only
vendor/bcdatamapper/datascrapers/bc/early-learning/cache/captures/2026-09-22/regions/NH_N3914.json,43749,032a5a8fe70842739e5510505294db9ced1941bd57ba1cb14bc9db10968c3cfc,ignored,vendor_only_no_exact_public_file,documented_local_only
vendor/bcdatamapper/datascrapers/bc/early-learning/cache/captures/2026-09-22/regions/NH_N3915.json,40743,f1c5a037e4dd110e76f68a3813d9ceb6c0e5e28c958d9d6a3a981c1617893af2,ignored,vendor_only_no_exact_public_file,documented_local_only
vendor/bcdatamapper/datascrapers/bc/early-learning/cache/captures/2026-09-22/regions/NH_N3916.json,42965,ddc299391362f75433fa919d10a18313aa5c7cf58b2e269b86b1745b57ca1a40,ignored,vendor_only_no_exact_public_file,documented_local_only
vendor/bcdatamapper/datascrapers/bc/early-learning/cache/captures/2026-09-22/regions/NH_N3917.json,46482,f053e03cfe34d379d0ba0893d398c7e20672ba483146158d5fb193acd13bcdc6,ignored,vendor_only_no_exact_public_file,documented_local_only
vendor/bcdatamapper/datascrapers/bc/early-learning/cache/captures/2026-09-22/regions/NH_N3918.json,43600,580e3d9b5013f23a1bfe56a9406a9807371d30fb8498bba2cdb63119149e8bfe,ignored,vendor_only_no_exact_public_file,documented_local_only
vendor/bcdatamapper/datascrapers/bc/early-learning/cache/captures/2026-09-22/regions/NH_N3919.json,43180,9e113d479893218036068da7c16106202ffec9e040b216db540bc03a7da734dc,ignored,vendor_only_no_exact_public_file,documented_local_only
vendor/bcdatamapper/datascrapers/bc/early-learning/cache/captures/2026-09-22/regions/NH_N3920.json,43070,0f5e8f7cd1c8f8d15c577d873680433e05e68f15df3aae7dfb21b1ac199d690c,ignored,vendor_only_no_exact_public_file,documented_local_only
vendor/bcdatamapper/datascrapers/bc/early-learning/cache/captures/2026-09-22/regions/NH_N3921.json,46279,bf5cc64f21650ddedb27a0fd6b70318a2a4247b2d88b304c3ecb3064c27cf836,ignored,vendor_only_no_exact_public_file,documented_local_only
vendor/bcdatamapper/datascrapers/bc/early-learning/cache/captures/2026-09-22/regions/NH_N3922.json,40268,18f495c1b82f4beaf6c414110ae0a4e810841ce504a2570d96ae4a2ae99968b7,ignored,vendor_only_no_exact_public_file,documented_local_only
vendor/bcdatamapper/datascrapers/bc/early-learning/cache/captures/2026-09-22/regions/NH_N4001.json,43228,3d86d785e03a269536b3b2e4c6611d798625d12c5398756ecab47463507205c0,ignored,vendor_only_no_exact_public_file,documented_local_only
vendor/bcdatamapper/datascrapers/bc/early-learning/cache/captures/2026-09-22/regions/NH_N4002.json,45708,fbe93d2d6bb680a3ee0bec4e6021051cc4a5cdfc280b3753d5ff0b2248048f9e,ignored,vendor_only_no_exact_public_file,documented_local_only
vendor/bcdatamapper/datascrapers/bc/early-learning/cache/captures/2026-09-22/regions/NH_N4003.json,46805,54e789f22772230e2d5384f05916e16b9af727314f183d9215ab5df6e3d6ca96,ignored,vendor_only_no_exact_public_file,documented_local_only
vendor/bcdatamapper/datascrapers/bc/early-learning/cache/captures/2026-09-22/regions/NH_N4004.json,43778,5235cf3bec343715eb85423bf681222ceb866870596756f8df32ce0c5f672e57,ignored,vendor_only_no_exact_public_file,documented_local_only
vendor/bcdatamapper/datascrapers/bc/early-learning/cache/captures/2026-09-22/regions/NH_N4005.json,44259,29c7fb97547029b0f21066e24eaaf8c79abcebbe2aaaa68124d09a3a7b4f3abc,ignored,vendor_only_no_exact_public_file,documented_local_only
vendor/bcdatamapper/datascrapers/bc/early-learning/cache/captures/2026-09-22/regions/NH_N4006.json,44863,d0be5a48afeb9f8192c2978fbe430214afa92cb6f9d3a6e6f9aa04d5b3d4f42d,ignored,vendor_only_no_exact_public_file,documented_local_only
vendor/bcdatamapper/datascrapers/bc/early-learning/cache/captures/2026-09-22/regions/NH_N4101.json,44783,f9feeabff5a3903e07b6993a70705ad5d9cefc0a17ab2298a918252b0790ec28,ignored,vendor_only_no_exact_public_file,documented_local_only
vendor/bcdatamapper/datascrapers/bc/early-learning/cache/captures/2026-09-22/regions/NH_N4102.json,45619,f2378574976632dd0a1611e664ed68209e64104b10c103e5311d11af8d175d7a,ignored,vendor_only_no_exact_public_file,documented_local_only
vendor/bcdatamapper/datascrapers/bc/early-learning/cache/captures/2026-09-22/regions/NH_N4103.json,46523,2abac19377692e2401309589dd09159ab9c322dfad2bacb9e4a6e04f397e4194,ignored,vendor_only_no_exact_public_file,documented_local_only
vendor/bcdatamapper/datascrapers/bc/early-learning/cache/captures/2026-09-22/regions/NH_N4104.json,45590,8d16a8a714343b9fc184e139371dc57743d1d194ebcc27cb86ad483b356537ec,ignored,vendor_only_no_exact_public_file,documented_local_only
vendor/bcdatamapper/datascrapers/bc/early-learning/cache/captures/2026-09-22/regions/NH_N4105.json,44177,90d6c2969294d3ebd1b7ad5d50a71326965a600dde17d767e6f12f8c24fea121,ignored,vendor_only_no_exact_public_file,documented_local_only
vendor/bcdatamapper/datascrapers/bc/early-learning/cache/captures/2026-09-22/regions/NH_N4106.json,44077,1a95bf405a45a728141cb02ced8b16492c93c1a80c9b92aef38a0fa47433ea26,ignored,vendor_only_no_exact_public_file,documented_local_only
vendor/bcdatamapper/datascrapers/bc/early-learning/cache/captures/2026-09-22/regions/NH_N4107.json,43454,ab767ff8ffb56e4c9acefbd0535bfa3c08d7dc44e5b256ae5789eb341b34ef8b,ignored,vendor_only_no_exact_public_file,documented_local_only
vendor/bcdatamapper/datascrapers/bc/early-learning/cache/captures/2026-09-22/regions/NH_N4108.json,43412,2e01ad983fc2be55115b732bf091e53960dd0afdaefb8d10064e803ab462052b,ignored,vendor_only_no_exact_public_file,documented_local_only
vendor/bcdatamapper/datascrapers/bc/early-learning/cache/captures/2026-09-22/regions/NH_N4109.json,44305,32921089fb80e15b87e6824697bc6b8f96571c7bde8d12430bf8f6cde1844aa4,ignored,vendor_only_no_exact_public_file,documented_local_only
vendor/bcdatamapper/datascrapers/bc/early-learning/cache/captures/2026-09-22/regions/NH_N4110.json,45767,fd756dad0378e1f079d5284fecfc6ec5a575487689606b1faf5de4ecc9f0b4dd,ignored,vendor_only_no_exact_public_file,documented_local_only
vendor/bcdatamapper/datascrapers/bc/early-learning/cache/captures/2026-09-22/regions/NH_N4201.json,45543,8848bc4c276923a159836e191bda98f2c943cefee7a2a4db1367c7dbd7797d84,ignored,vendor_only_no_exact_public_file,documented_local_only
vendor/bcdatamapper/datascrapers/bc/early-learning/cache/captures/2026-09-22/regions/NH_N4202.json,46545,076560d0110f06fc523a9d190668a9388339d01bb0e4d704d1104173ef359073,ignored,vendor_only_no_exact_public_file,documented_local_only
vendor/bcdatamapper/datascrapers/bc/early-learning/cache/captures/2026-09-22/regions/NH_N4203.json,46985,4f34e19ba498723b7dd8af392217816377e829fa0ec027a89c873f5f29900b1c,ignored,vendor_only_no_exact_public_file,documented_local_only
vendor/bcdatamapper/datascrapers/bc/early-learning/cache/captures/2026-09-22/regions/NH_N4204.json,43832,eda3586a587bff2d4243b798664d73c1b9393230720859455c918c7d161e3c07,ignored,vendor_only_no_exact_public_file,documented_local_only
vendor/bcdatamapper/datascrapers/bc/early-learning/cache/captures/2026-09-22/regions/NH_N4205.json,45332,8642d465052c6f9b4f86afb10c6440cfa8c67c2c48ddffbaa3d84bea78d99b1e,ignored,vendor_only_no_exact_public_file,documented_local_only
vendor/bcdatamapper/datascrapers/bc/early-learning/cache/captures/2026-09-22/regions/NH_N4206.json,45568,020c1dad2e8de2963b6564ef6d1701882adf7a425e8d57816543d15badcb73cf,ignored,vendor_only_no_exact_public_file,documented_local_only
vendor/bcdatamapper/datascrapers/bc/early-learning/cache/captures/2026-09-22/regions/NH_N4301.json,43840,10c5e471416cb791c6fec9d18dd07578aab4d8882229027873aea6b8066c9a20,ignored,vendor_only_no_exact_public_file,documented_local_only
vendor/bcdatamapper/datascrapers/bc/early-learning/cache/captures/2026-09-22/regions/NH_N4302.json,44918,21fbad1f441547b59b80c122730cf4f3653c176818eb118ad429902e41474e40,ignored,vendor_only_no_exact_public_file,documented_local_only
vendor/bcdatamapper/datascrapers/bc/early-learning/cache/captures/2026-09-22/regions/NH_N4303.json,43557,397ebff8d4c90c378cdcba6d717b4d3993cc881f53b228121ca73a17f84d37aa,ignored,vendor_only_no_exact_public_file,documented_local_only
vendor/bcdatamapper/datascrapers/bc/early-learning/cache/captures/2026-09-22/regions/NH_N4304.json,43460,6e72f536c81bfc73896d2d79efe46ddd0e9f72ca40483a7c00f4561e9a758186,ignored,vendor_only_no_exact_public_file,documented_local_only
vendor/bcdatamapper/datascrapers/bc/early-learning/cache/captures/2026-09-22/regions/NH_N4305.json,45083,ab24c75b061f84b443434c9f68c25443b463240fd4f70dc58e7caed66215c6b9,ignored,vendor_only_no_exact_public_file,documented_local_only
vendor/bcdatamapper/datascrapers/bc/early-learning/cache/captures/2026-09-22/regions/NH_N4306.json,44503,ac167769d2e3deb1d737c02655eb77407f58495dc1bdd09842e4dfc3a3951c9a,ignored,vendor_only_no_exact_public_file,documented_local_only
vendor/bcdatamapper/datascrapers/bc/early-learning/cache/captures/2026-09-22/regions/NH_N4307.json,44016,e47b5ec16c32ff0b1ecb123efe8680ac5a119154c023c63ada95929df715c013,ignored,vendor_only_no_exact_public_file,documented_local_only
vendor/bcdatamapper/datascrapers/bc/early-learning/cache/captures/2026-09-22/regions/NH_N4308.json,46229,9ef038aaf9d4353f4448addbd49b13bed9fa746926d8ce7cb5318601d8b88872,ignored,vendor_only_no_exact_public_file,documented_local_only
vendor/bcdatamapper/datascrapers/bc/early-learning/cache/captures/2026-09-22/regions/NH_N4309.json,45733,263c2b01272500d82375738b4b866148bbacceb27364460d4032592769fe6b37,ignored,vendor_only_no_exact_public_file,documented_local_only
vendor/bcdatamapper/datascrapers/bc/early-learning/cache/captures/2026-09-22/regions/NH_N4310.json,42608,7056689d5da2eb2d0bedafef40af33145d24253f77ec6fef510518aa6d71cc12,ignored,vendor_only_no_exact_public_file,documented_local_only
vendor/bcdatamapper/datascrapers/bc/early-learning/cache/captures/2026-09-22/regions/NH_N4311.json,46848,7488670476723584ab0a5e1e7e2e983449209fa035b177dbfa2b35bb46f153b0,ignored,vendor_only_no_exact_public_file,documented_local_only
vendor/bcdatamapper/datascrapers/bc/early-learning/cache/captures/2026-09-22/regions/NH_N4312.json,43743,9be58f0e9042e3f477b7166c78e96c119041736e85964a2a04c366b34087475c,ignored,vendor_only_no_exact_public_file,documented_local_only
vendor/bcdatamapper/datascrapers/bc/early-learning/cache/captures/2026-09-22/regions/NH_N4313.json,45165,6a0ba549d578108062a556dfbc670962b12bb2bcb1ae3436ae1350d5c08db408,ignored,vendor_only_no_exact_public_file,documented_local_only
vendor/bcdatamapper/datascrapers/bc/early-learning/cache/captures/2026-09-22/regions/NH_N4401.json,41403,5bb28f112c831ed90101a39a99f11ef94ea4c5133a9fd26d44d5f96a0af991c4,ignored,vendor_only_no_exact_public_file,documented_local_only
vendor/bcdatamapper/datascrapers/bc/early-learning/cache/captures/2026-09-22/regions/NH_N4402.json,41880,ed6da592cbdb8a9cb00ea83d60dd8e8b12e299305c6e4331725ea48dd6c057ac,ignored,vendor_only_no_exact_public_file,documented_local_only
vendor/bcdatamapper/datascrapers/bc/early-learning/cache/captures/2026-09-22/regions/NH_N4403.json,43696,ca2c2ca1fd4517e62a19d9500b7993b3c7660ad9ff5aa816da6c88410662b520,ignored,vendor_only_no_exact_public_file,documented_local_only
vendor/bcdatamapper/datascrapers/bc/early-learning/cache/captures/2026-09-22/regions/NH_N4404.json,40315,7c93c79585cab8faa9dc7ec70e88b91b7d4d9b85765a3793f42964e1cbcfcde9,ignored,vendor_only_no_exact_public_file,documented_local_only
vendor/bcdatamapper/datascrapers/bc/early-learning/cache/captures/2026-09-22/regions/NH_N4405.json,39889,fa673833ced4c2714216fa9e8905d2859731026e2380d568a5b4027ea73bf39c,ignored,vendor_only_no_exact_public_file,documented_local_only
vendor/bcdatamapper/datascrapers/bc/early-learning/cache/captures/2026-09-22/regions/NH_N4406.json,40550,6027e8f5d6a10e91613482274f25297a65368c69c02254a318c04a1bba072163,ignored,vendor_only_no_exact_public_file,documented_local_only
vendor/bcdatamapper/datascrapers/bc/early-learning/cache/captures/2026-09-22/regions/NH_N4407.json,42751,4e98421f91b5c80b993355cdf3ab116e5053ebedabca57c0e005f523b8c5688d,ignored,vendor_only_no_exact_public_file,documented_local_only
vendor/bcdatamapper/datascrapers/bc/early-learning/cache/captures/2026-09-22/regions/NH_N4408.json,42171,388bbd3142e0938afc7f1db003bf88c60d5b09e7148f727f7dc81ba9d8f23f10,ignored,vendor_only_no_exact_public_file,documented_local_only
vendor/bcdatamapper/datascrapers/bc/early-learning/cache/captures/2026-09-22/regions/NH_N4409.json,40006,8a76582b395ee619daa97aafd309f23e91cd59a0fcac5791375879f21517b1a0,ignored,vendor_only_no_exact_public_file,documented_local_only
vendor/bcdatamapper/datascrapers/bc/early-learning/cache/captures/2026-09-22/regions/NH_N4410.json,14228,cddba2c46f44992a40762365f97a3e4b3b54899f0faa10f2c34f8bfb9b9b4995,ignored,vendor_only_no_exact_public_file,documented_local_only
vendor/bcdatamapper/datascrapers/bc/early-learning/cache/captures/2026-09-22/regions/NH_N4501.json,46814,aad855d465d09de183b4124eb2071457a78b4bf315d26f8d5e7d1b617714e9b9,ignored,vendor_only_no_exact_public_file,documented_local_only
vendor/bcdatamapper/datascrapers/bc/early-learning/cache/captures/2026-09-22/regions/NH_N4502.json,46013,3aa845a4057936fcafd300717a46474ad45cbbb9dd07d5bd40f376a7ba868b43,ignored,vendor_only_no_exact_public_file,documented_local_only
vendor/bcdatamapper/datascrapers/bc/early-learning/cache/captures/2026-09-22/regions/NH_N4503.json,46435,9f6b6c4f44ee13164a07acdf338032728827611da729a4d09aac4210f15ce080,ignored,vendor_only_no_exact_public_file,documented_local_only
vendor/bcdatamapper/datascrapers/bc/early-learning/cache/captures/2026-09-22/regions/NH_N4505.json,49224,3e74e06644511fafa8ed21011944d981c1d7ceeeed3cfbc94d4a42044946da17,ignored,vendor_only_no_exact_public_file,documented_local_only
vendor/bcdatamapper/datascrapers/bc/early-learning/cache/captures/2026-09-22/regions/NH_N4601.json,41483,80cdaa6ac0fa4e8e7776d6d49c24eb47097a2411c3594bd9613a3c5bedb79869,ignored,vendor_only_no_exact_public_file,documented_local_only
vendor/bcdatamapper/datascrapers/bc/early-learning/cache/captures/2026-09-22/regions/NH_N4602.json,39110,6d4a9c8015e1fcb6d945ea8df274ab60a7d009d9b26ca77afd561eb70970fc91,ignored,vendor_only_no_exact_public_file,documented_local_only
vendor/bcdatamapper/datascrapers/bc/early-learning/cache/captures/2026-09-22/regions/NH_N4603.json,37722,17c9742193107092ab79833db85a3145a09ab082723bc5fde2a942ddd039d1bc,ignored,vendor_only_no_exact_public_file,documented_local_only
vendor/bcdatamapper/datascrapers/bc/early-learning/cache/captures/2026-09-22/regions/NH_N4701.json,45408,aadcee43eb1e764dfaa2f3cb982aa2f1a4c98d6bb2c403c5ae2a5c6b2a31261e,ignored,vendor_only_no_exact_public_file,documented_local_only
vendor/bcdatamapper/datascrapers/bc/early-learning/cache/captures/2026-09-22/regions/NH_N4702.json,45755,f1a12a1566fae07f08acbd2b6bb79c9fdc29c010784525af053f1b973d8a1ed4,ignored,vendor_only_no_exact_public_file,documented_local_only
vendor/bcdatamapper/datascrapers/bc/early-learning/cache/captures/2026-09-22/regions/NH_N4801.json,43221,2238cd2198681519fcdd90782ce05cebed36bf547e6d17d605457bd6b4e56eb1,ignored,vendor_only_no_exact_public_file,documented_local_only
vendor/bcdatamapper/datascrapers/bc/early-learning/cache/captures/2026-09-22/regions/NH_N4802.json,45324,23b6a5993dc44eb7872615de202e82a0b69adc82d38226f445d8714a58849128,ignored,vendor_only_no_exact_public_file,documented_local_only
vendor/bcdatamapper/datascrapers/bc/early-learning/cache/captures/2026-09-22/regions/NH_N4803.json,45231,adb5540f46a758148a9a3f77f73a5f8a3a7e7ac675706df0c8bbb39617b3e900,ignored,vendor_only_no_exact_public_file,documented_local_only
vendor/bcdatamapper/datascrapers/bc/early-learning/cache/captures/2026-09-22/regions/NH_N4804.json,43505,5a181683d539ad36c222fb359c8c816e36f62e0c1e0a4ba21da953e9ce8fa1be,ignored,vendor_only_no_exact_public_file,documented_local_only
vendor/bcdatamapper/datascrapers/bc/early-learning/cache/captures/2026-09-22/regions/NH_N4901.json,31053,b6b378b2927713ec2eb1b64c1baab9c3f4ff938b92bb164b0785ca5028444f0c,ignored,vendor_only_no_exact_public_file,documented_local_only
vendor/bcdatamapper/datascrapers/bc/early-learning/cache/captures/2026-09-22/regions/NH_N5001.json,44164,8c10e8f479d5de6c5f57d5a93ce5c7f131b5a78314a48ff0141d47ff1464764f,ignored,vendor_only_no_exact_public_file,documented_local_only
vendor/bcdatamapper/datascrapers/bc/early-learning/cache/captures/2026-09-22/regions/NH_N5101.json,44346,dd67b07897481fe97365392d72a3e15aeca124b8a2b611a5162a670dbb128212,ignored,vendor_only_no_exact_public_file,documented_local_only
vendor/bcdatamapper/datascrapers/bc/early-learning/cache/captures/2026-09-22/regions/NH_N5102.json,44367,0b0097a4ace666c8a1c765954d6c12465150e76384e1dd76de322e178b231618,ignored,vendor_only_no_exact_public_file,documented_local_only
vendor/bcdatamapper/datascrapers/bc/early-learning/cache/captures/2026-09-22/regions/NH_N5201.json,44946,c4baebed82ee3d33929f79289f5bb0e87c38bf90dc861cb07c9c858dc9d066ac,ignored,vendor_only_no_exact_public_file,documented_local_only
vendor/bcdatamapper/datascrapers/bc/early-learning/cache/captures/2026-09-22/regions/NH_N5202.json,19162,cd87b56d22cef5d6deae17096e085faa24a5c262e3495ac4702139dd94ae100d,ignored,vendor_only_no_exact_public_file,documented_local_only
vendor/bcdatamapper/datascrapers/bc/early-learning/cache/captures/2026-09-22/regions/NH_N5301.json,46534,bd9238599bfcc7cf66914c7ea9e43b426f785af5c7546346ec8742c517a969b4,ignored,vendor_only_no_exact_public_file,documented_local_only
vendor/bcdatamapper/datascrapers/bc/early-learning/cache/captures/2026-09-22/regions/NH_N5302.json,46691,65ae1b455d8541cfcaa559a84d4c91c40033bb9e6897fb11b7b8bf9268424337,ignored,vendor_only_no_exact_public_file,documented_local_only
vendor/bcdatamapper/datascrapers/bc/early-learning/cache/captures/2026-09-22/regions/NH_N5303.json,43942,0eb8e260caf790a06bd42f322cdab9483c6cd620cc48a83292e43be89e00b476,ignored,vendor_only_no_exact_public_file,documented_local_only
vendor/bcdatamapper/datascrapers/bc/early-learning/cache/captures/2026-09-22/regions/NH_N5401.json,43332,bc30ab6ce625598a49060f2707afb5af57d5cfbd3143db87986ba7fa5199186c,ignored,vendor_only_no_exact_public_file,documented_local_only
vendor/bcdatamapper/datascrapers/bc/early-learning/cache/captures/2026-09-22/regions/NH_N5402.json,43670,d833790334450ec53f8d0c92c5a2ffd5fef22892372804021625c609eb9170cf,ignored,vendor_only_no_exact_public_file,documented_local_only
vendor/bcdatamapper/datascrapers/bc/early-learning/cache/captures/2026-09-22/regions/NH_N5701.json,45409,48d64d0dd17e0dfebca1bae0aaefaf25667e242637ddcc45358248dd3e91474e,ignored,vendor_only_no_exact_public_file,documented_local_only
vendor/bcdatamapper/datascrapers/bc/early-learning/cache/captures/2026-09-22/regions/NH_N5702.json,45868,0b17b9585288e1d9ddbc6cf40c6ce80751b61163111fad746ee1bf8f6e977948,ignored,vendor_only_no_exact_public_file,documented_local_only
vendor/bcdatamapper/datascrapers/bc/early-learning/cache/captures/2026-09-22/regions/NH_N5703.json,48677,418b547730597ebe4144d0742412dca46d2e1e2e36637b937b1344575448fe36,ignored,vendor_only_no_exact_public_file,documented_local_only
vendor/bcdatamapper/datascrapers/bc/early-learning/cache/captures/2026-09-22/regions/NH_N5704.json,44180,43b72af19cbeb7cc5e14bca6ca6835741b5e45d89907d32f87e6a3ea5d1ab9c1,ignored,vendor_only_no_exact_public_file,documented_local_only
vendor/bcdatamapper/datascrapers/bc/early-learning/cache/captures/2026-09-22/regions/NH_N5705.json,48811,8a7031ec24675570a0be8e8680bd664cde4d8682908518328b8a9d5f88e9abfe,ignored,vendor_only_no_exact_public_file,documented_local_only
vendor/bcdatamapper/datascrapers/bc/early-learning/cache/captures/2026-09-22/regions/NH_N5706.json,46248,3cb2ff989f8a201d7ff294d584c793b35de95e4c0b34aa28e9bf8b4a6ea79633,ignored,vendor_only_no_exact_public_file,documented_local_only
vendor/bcdatamapper/datascrapers/bc/early-learning/cache/captures/2026-09-22/regions/NH_N5707.json,47327,9c4ae92e203914de0f779b610fccd35cc2e927295ec31977af2baef44dce765f,ignored,vendor_only_no_exact_public_file,documented_local_only
vendor/bcdatamapper/datascrapers/bc/early-learning/cache/captures/2026-09-22/regions/NH_N5801.json,46766,89358e7981f0508eb11268b056d6bc515566e23a5c7dfead837699c7189a774a,ignored,vendor_only_no_exact_public_file,documented_local_only
vendor/bcdatamapper/datascrapers/bc/early-learning/cache/captures/2026-09-22/regions/NH_N5901.json,46006,f27aa6bd6f777c2e5a93d289bab740343144eebfb017ce99e1de20d4d2187204,ignored,vendor_only_no_exact_public_file,documented_local_only
vendor/bcdatamapper/datascrapers/bc/early-learning/cache/captures/2026-09-22/regions/NH_N5902.json,44867,cdc6c1d8ffaf9f1f998ba0d1ec6d01754ebd77417a351e5eeb84c933e3a44682,ignored,vendor_only_no_exact_public_file,documented_local_only
vendor/bcdatamapper/datascrapers/bc/early-learning/cache/captures/2026-09-22/regions/NH_N6001.json,44587,21734e9e2ae7b544c8f4a367b0f8f33f0e683cbd0a4bd684144d3363f3890b74,ignored,vendor_only_no_exact_public_file,documented_local_only
vendor/bcdatamapper/datascrapers/bc/early-learning/cache/captures/2026-09-22/regions/NH_N6002.json,46532,25b505a7b1f3d9407bf93bbc76b3c6619ca9bf6478e8e67c9ce7116a1818b42f,ignored,vendor_only_no_exact_public_file,documented_local_only
vendor/bcdatamapper/datascrapers/bc/early-learning/cache/captures/2026-09-22/regions/NH_N6003.json,46616,74be099409edba8efc79c64a9f52bdb109e02b835829b2708e6d21aefeaf6d89,ignored,vendor_only_no_exact_public_file,documented_local_only
vendor/bcdatamapper/datascrapers/bc/early-learning/cache/captures/2026-09-22/regions/NH_N6004.json,45774,a2d910c2f9696995278500999850c64dcc5efd085a5beca8ef37c645464c1544,ignored,vendor_only_no_exact_public_file,documented_local_only
vendor/bcdatamapper/datascrapers/bc/early-learning/cache/captures/2026-09-22/regions/NH_N6101.json,36803,cd6b41735402d0006f0b60dde8f0a6f7a5047cfbd94471bdebe50e155722bab5,ignored,vendor_only_no_exact_public_file,documented_local_only
vendor/bcdatamapper/datascrapers/bc/early-learning/cache/captures/2026-09-22/regions/NH_N6102.json,35836,7efc967579c06c3e377955abfc40bf338e4fad3a2470d3a62fc5adcd9c4fd2e0,ignored,vendor_only_no_exact_public_file,documented_local_only
vendor/bcdatamapper/datascrapers/bc/early-learning/cache/captures/2026-09-22/regions/NH_N6103.json,39204,4fdac8c815e0e63152b1a06aee29da9b7c165c98743537e2a3d0b0f8d33742b5,ignored,vendor_only_no_exact_public_file,documented_local_only
vendor/bcdatamapper/datascrapers/bc/early-learning/cache/captures/2026-09-22/regions/NH_N6104.json,38313,b601dab9b9b3c5f6541fccd5d2d866b833df5079f4119f8ff6246c6183cb163c,ignored,vendor_only_no_exact_public_file,documented_local_only
vendor/bcdatamapper/datascrapers/bc/early-learning/cache/captures/2026-09-22/regions/NH_N6105.json,37861,2a39a9d73ed9a92d95dcbd2df1078e7da66420f79259cc09ea2b6ab062b2750d,ignored,vendor_only_no_exact_public_file,documented_local_only
vendor/bcdatamapper/datascrapers/bc/early-learning/cache/captures/2026-09-22/regions/NH_N6106.json,38658,c307de00123bf8dc288d561ad94496cce46a57e6f18617f9793bd62bc4b0b8e4,ignored,vendor_only_no_exact_public_file,documented_local_only
vendor/bcdatamapper/datascrapers/bc/early-learning/cache/captures/2026-09-22/regions/NH_N6107.json,37811,31c421ff60ecf4e127617ad2993d93622f08872715d18ea1a3ef9f01bcc1eaff,ignored,vendor_only_no_exact_public_file,documented_local_only
vendor/bcdatamapper/datascrapers/bc/early-learning/cache/captures/2026-09-22/regions/NH_N6108.json,35179,f7121c8ea32bfc6796c950f437d040d21b6ea216a60f80abe588e422f789b19c,ignored,vendor_only_no_exact_public_file,documented_local_only
vendor/bcdatamapper/datascrapers/bc/early-learning/cache/captures/2026-09-22/regions/NH_N6109.json,37635,a016ee7202818d0e46211fbadc9fc050f606a925334e63ebf1d4bd8f54d2946e,ignored,vendor_only_no_exact_public_file,documented_local_only
vendor/bcdatamapper/datascrapers/bc/early-learning/cache/captures/2026-09-22/regions/NH_N6110.json,36426,d61c13589b59097340e2b1c7855de3c0369ee587837b90250e54a0a459ea936b,ignored,vendor_only_no_exact_public_file,documented_local_only
vendor/bcdatamapper/datascrapers/bc/early-learning/cache/captures/2026-09-22/regions/NH_N6201.json,43204,ff3b1c1c28ebf1f1fe227d8c4de252b38e88dcd7d63e18d85d7e817d612afa2d,ignored,vendor_only_no_exact_public_file,documented_local_only
vendor/bcdatamapper/datascrapers/bc/early-learning/cache/captures/2026-09-22/regions/NH_N6202.json,45495,a6f30d59ebc34ac48f1c585b78f34726542717e00a90eb3dd4988558447c600e,ignored,vendor_only_no_exact_public_file,documented_local_only
vendor/bcdatamapper/datascrapers/bc/early-learning/cache/captures/2026-09-22/regions/NH_N6203.json,43035,a261639c58521c99df9f616445be6ce7103b913fd040b5c5ea9b3d172b74b93d,ignored,vendor_only_no_exact_public_file,documented_local_only
vendor/bcdatamapper/datascrapers/bc/early-learning/cache/captures/2026-09-22/regions/NH_N6204.json,46211,801d6ff1efa6186bdc885e7d8de47e701ea42e65d23c7220ce97f369fa33328b,ignored,vendor_only_no_exact_public_file,documented_local_only
vendor/bcdatamapper/datascrapers/bc/early-learning/cache/captures/2026-09-22/regions/NH_N6205.json,44127,a433cfa5cc43e44525ebc1489e41d8fd94c5fd4cae82c7d43bea07c653692d4f,ignored,vendor_only_no_exact_public_file,documented_local_only
vendor/bcdatamapper/datascrapers/bc/early-learning/cache/captures/2026-09-22/regions/NH_N6301.json,42573,d71a149f12613146879e90cc1417cbef9a1406dd87bb4604f9aec29de659a737,ignored,vendor_only_no_exact_public_file,documented_local_only
vendor/bcdatamapper/datascrapers/bc/early-learning/cache/captures/2026-09-22/regions/NH_N6302.json,43659,4f92623aa7925794e2a698ccb6ece4694c79194a2935de50c7c01e13388f3439,ignored,vendor_only_no_exact_public_file,documented_local_only
vendor/bcdatamapper/datascrapers/bc/early-learning/cache/captures/2026-09-22/regions/NH_N6303.json,46216,3dfb0d7c50ef68f5ad24ca1643922afcaefc71af3e3854aabd7eddbaa7a31512,ignored,vendor_only_no_exact_public_file,documented_local_only
vendor/bcdatamapper/datascrapers/bc/early-learning/cache/captures/2026-09-22/regions/NH_N6304.json,48249,3a9642c22a5d8992bc78bee27e44c02620e242deac35afeabe1ce9f93bece125,ignored,vendor_only_no_exact_public_file,documented_local_only
vendor/bcdatamapper/datascrapers/bc/early-learning/cache/captures/2026-09-22/regions/NH_N6401.json,44393,a8da5a2a5939d57c0b6f89b153144dbf1e0aef55d263202fd41db155d1d27e20,ignored,vendor_only_no_exact_public_file,documented_local_only
vendor/bcdatamapper/datascrapers/bc/early-learning/cache/captures/2026-09-22/regions/NH_N6701.json,44296,53d603b31d0b223b1aa9284bf1f6f25f75d06588670553fb1b8bc2879349299a,ignored,vendor_only_no_exact_public_file,documented_local_only
vendor/bcdatamapper/datascrapers/bc/early-learning/cache/captures/2026-09-22/regions/NH_N6702.json,45333,75ec59c799cd3add72f15cb6da19d92ed2e14d93964241833cfe7436e7d40b0c,ignored,vendor_only_no_exact_public_file,documented_local_only
vendor/bcdatamapper/datascrapers/bc/early-learning/cache/captures/2026-09-22/regions/NH_N6703.json,48925,ac1d7df0100558eeda0405efa81295b426f0b7d409a9e588db306772f6ecd024,ignored,vendor_only_no_exact_public_file,documented_local_only
vendor/bcdatamapper/datascrapers/bc/early-learning/cache/captures/2026-09-22/regions/NH_N6704.json,43748,52d1e6507d994e77f05447ae2bf5a09e3b172f0e96652f486d62f0c91c742da4,ignored,vendor_only_no_exact_public_file,documented_local_only
vendor/bcdatamapper/datascrapers/bc/early-learning/cache/captures/2026-09-22/regions/NH_N6801.json,48179,c44b014e38f450c72cfab3b03c234ad1bf2bd51afaafcfe791f33080ccae3d31,ignored,vendor_only_no_exact_public_file,documented_local_only
vendor/bcdatamapper/datascrapers/bc/early-learning/cache/captures/2026-09-22/regions/NH_N6802.json,49257,6a2dbdc997552588e4caea04ec235eb8f99c27b1ab5c9c5342d560a35387bc76,ignored,vendor_only_no_exact_public_file,documented_local_only
vendor/bcdatamapper/datascrapers/bc/early-learning/cache/captures/2026-09-22/regions/NH_N6803.json,48717,2cb1462e86fb60e7208892114aaff099ce73b22e77b0b79caa305154da1c9f5e,ignored,vendor_only_no_exact_public_file,documented_local_only
vendor/bcdatamapper/datascrapers/bc/early-learning/cache/captures/2026-09-22/regions/NH_N6804.json,45252,d0a3ae865d69304d586f190fff561e7f2e2a0a9bbdc6cef971303f70be508eb4,ignored,vendor_only_no_exact_public_file,documented_local_only
vendor/bcdatamapper/datascrapers/bc/early-learning/cache/captures/2026-09-22/regions/NH_N6805.json,45253,9c12c72877e50f8bae2a1321ce905c7fb267d7e88c093eca07612a73f0b2196d,ignored,vendor_only_no_exact_public_file,documented_local_only
vendor/bcdatamapper/datascrapers/bc/early-learning/cache/captures/2026-09-22/regions/NH_N6806.json,45267,4e1e5f45d46bb24aae22c081240e3e44525ed18b25e227c6b2d03edaf2cc5a4e,ignored,vendor_only_no_exact_public_file,documented_local_only
vendor/bcdatamapper/datascrapers/bc/early-learning/cache/captures/2026-09-22/regions/NH_N6807.json,45958,df1c1a0510460f15284656dea38ad1b94747592e8f89f7f1383d702e9ca6435e,ignored,vendor_only_no_exact_public_file,documented_local_only
vendor/bcdatamapper/datascrapers/bc/early-learning/cache/captures/2026-09-22/regions/NH_N6808.json,49317,120ee9ba76194b692194e452fc23381df5f6c1cf5344cf85bc8d82d3808a063c,ignored,vendor_only_no_exact_public_file,documented_local_only
vendor/bcdatamapper/datascrapers/bc/early-learning/cache/captures/2026-09-22/regions/NH_N6901.json,45476,1980851db9535288ff5a859fbf19249ff7fdacd82cfb252aa50f68e76927b887,ignored,vendor_only_no_exact_public_file,documented_local_only
vendor/bcdatamapper/datascrapers/bc/early-learning/cache/captures/2026-09-22/regions/NH_N6902.json,44562,a2b110787c44aa6ab4f4ee57ca773106014da477d1072254a051be20be06f98d,ignored,vendor_only_no_exact_public_file,documented_local_only
vendor/bcdatamapper/datascrapers/bc/early-learning/cache/captures/2026-09-22/regions/NH_N6903.json,41021,5069747e3bddbc8b85ff652ecd3f143f9723840a53c292ef69f2a170ddd96cff,ignored,vendor_only_no_exact_public_file,documented_local_only
vendor/bcdatamapper/datascrapers/bc/early-learning/cache/captures/2026-09-22/regions/NH_N6904.json,45805,b73f1038fc5a138e5793cc44fe57971ba82c6ca999d25a4ad738faf828a4f66b,ignored,vendor_only_no_exact_public_file,documented_local_only
vendor/bcdatamapper/datascrapers/bc/early-learning/cache/captures/2026-09-22/regions/NH_N7001.json,44805,da1e76f35795eaa3b76169bb555d5ad2a9b494842adfb1d9e2aba097f40f16a9,ignored,vendor_only_no_exact_public_file,documented_local_only
vendor/bcdatamapper/datascrapers/bc/early-learning/cache/captures/2026-09-22/regions/NH_N7002.json,45397,022949b514c5e264072cb1cbac3c0d531fc86c11fb6332355bfcab5f09a5bcfd,ignored,vendor_only_no_exact_public_file,documented_local_only
vendor/bcdatamapper/datascrapers/bc/early-learning/cache/captures/2026-09-22/regions/NH_N7003.json,44814,f9e0c13623575c6e169ef0eeebdecb3a8753000b146a47951a50e50d05f99b37,ignored,vendor_only_no_exact_public_file,documented_local_only
vendor/bcdatamapper/datascrapers/bc/early-learning/cache/captures/2026-09-22/regions/NH_N7004.json,42611,ece90f3bbde32ad19553c4d7812cd8650d5968e16de0c2b315010b5c98e14264,ignored,vendor_only_no_exact_public_file,documented_local_only
vendor/bcdatamapper/datascrapers/bc/early-learning/cache/captures/2026-09-22/regions/NH_N7005.json,46695,1e0614f9da764374dc2e41e37ea9141161cf4b474247231999429adfba516137,ignored,vendor_only_no_exact_public_file,documented_local_only
vendor/bcdatamapper/datascrapers/bc/early-learning/cache/captures/2026-09-22/regions/NH_N7101.json,45969,b0075b433b6ebb1ddf5d19801d719f4d151d57ff793bf9fd0e34603534add039,ignored,vendor_only_no_exact_public_file,documented_local_only
vendor/bcdatamapper/datascrapers/bc/early-learning/cache/captures/2026-09-22/regions/NH_N7102.json,46928,799d8fdd96818c6089611f30e60fb7ff3beae28b4db74cfc3098a0ab1c6766ea,ignored,vendor_only_no_exact_public_file,documented_local_only
vendor/bcdatamapper/datascrapers/bc/early-learning/cache/captures/2026-09-22/regions/NH_N7103.json,46086,404b7d57d51ccea046bd3f732a64eab0f50d86ab6535231e30621b489cedf182,ignored,vendor_only_no_exact_public_file,documented_local_only
vendor/bcdatamapper/datascrapers/bc/early-learning/cache/captures/2026-09-22/regions/NH_N7104.json,49461,209bf8155fdd4dccea97b5fad3305a8742f21d386132498259861183e1b892fc,ignored,vendor_only_no_exact_public_file,documented_local_only
vendor/bcdatamapper/datascrapers/bc/early-learning/cache/captures/2026-09-22/regions/NH_N7201.json,44537,68210b76f352611f2555a2b2f42c4b65bfe0e4db07c4bca6ae0cff776597a3bc,ignored,vendor_only_no_exact_public_file,documented_local_only
vendor/bcdatamapper/datascrapers/bc/early-learning/cache/captures/2026-09-22/regions/NH_N7202.json,47496,16c9859401944781ebbe3b4c77c46cdfee1f57a5e5579570ea2905a0ebfdb589,ignored,vendor_only_no_exact_public_file,documented_local_only
vendor/bcdatamapper/datascrapers/bc/early-learning/cache/captures/2026-09-22/regions/NH_N7203.json,47542,83a8d7d9be0b52689b50be55271e3fd384dc3e8e637acceee8e4ade93e5adb98,ignored,vendor_only_no_exact_public_file,documented_local_only
vendor/bcdatamapper/datascrapers/bc/early-learning/cache/captures/2026-09-22/regions/NH_N7204.json,47859,c44f65d9ec8512ed6c62d552265a8c6bb88edfa782bfb751428470a44730f29b,ignored,vendor_only_no_exact_public_file,documented_local_only
vendor/bcdatamapper/datascrapers/bc/early-learning/cache/captures/2026-09-22/regions/NH_N7301.json,48987,809b8aa5a3d9c73ddd40bbbb75fa821fa70eec847371b9e47ad585ee28ace55d,ignored,vendor_only_no_exact_public_file,documented_local_only
vendor/bcdatamapper/datascrapers/bc/early-learning/cache/captures/2026-09-22/regions/NH_N7302.json,46185,1fdce53b094e964a29a651387f80b5891b99d9195250ac44c0e9af64794cdeeb,ignored,vendor_only_no_exact_public_file,documented_local_only
vendor/bcdatamapper/datascrapers/bc/early-learning/cache/captures/2026-09-22/regions/NH_N7303.json,46320,3ec0005b664e44c9780454b4880c574e41a3c9d1798fbf6d7b3ac16ab54b3c30,ignored,vendor_only_no_exact_public_file,documented_local_only
vendor/bcdatamapper/datascrapers/bc/early-learning/cache/captures/2026-09-22/regions/NH_N7304.json,45850,dd36944a0d5283e794210f2fe20c4363b356edcc51b5464d5a762a352acb1283,ignored,vendor_only_no_exact_public_file,documented_local_only
vendor/bcdatamapper/datascrapers/bc/early-learning/cache/captures/2026-09-22/regions/NH_N7305.json,47421,b329f2015b74b247a47a0e06c0abe20ccb494aeddb87c030656126a1c555ba11,ignored,vendor_only_no_exact_public_file,documented_local_only
vendor/bcdatamapper/datascrapers/bc/early-learning/cache/captures/2026-09-22/regions/NH_N7306.json,44157,81fc390a01a365200dbd5176836eb9485163882369a5a23696ed3007d3841b58,ignored,vendor_only_no_exact_public_file,documented_local_only
vendor/bcdatamapper/datascrapers/bc/early-learning/cache/captures/2026-09-22/regions/NH_N7307.json,46986,463ad934f97cb6bf6e7a6e846caa64c721bc93e8aac11cf2d56e3fe746d03515,ignored,vendor_only_no_exact_public_file,documented_local_only
vendor/bcdatamapper/datascrapers/bc/early-learning/cache/captures/2026-09-22/regions/NH_N7308.json,46378,e90a55ebae4c54c0ab5599ce3507b9363af0b5dc843177edccfc6451a6606bc6,ignored,vendor_only_no_exact_public_file,documented_local_only
vendor/bcdatamapper/datascrapers/bc/early-learning/cache/captures/2026-09-22/regions/NH_N7309.json,47490,8b8d3cb3cedc6e006ef02c4b190a416b995ffaeb0f77faed8cd32fdbb16cc9a0,ignored,vendor_only_no_exact_public_file,documented_local_only
vendor/bcdatamapper/datascrapers/bc/early-learning/cache/captures/2026-09-22/regions/NH_N7402.json,38624,f16fea738e0226c1beaa577b6f7f7a96f7ffad8a47b7da2838b663598a4dea3b,ignored,vendor_only_no_exact_public_file,documented_local_only
vendor/bcdatamapper/datascrapers/bc/early-learning/cache/captures/2026-09-22/regions/NH_N7403.json,37609,b1b5cbe342b54394a9f8a74dc2f7e4d08c3e53fad880ea01d637832384685017,ignored,vendor_only_no_exact_public_file,documented_local_only
vendor/bcdatamapper/datascrapers/bc/early-learning/cache/captures/2026-09-22/regions/NH_N7501.json,41459,983613c026ae175ff9368cfd15936334e0a5dc36bcb2a22faba94a477610709e,ignored,vendor_only_no_exact_public_file,documented_local_only
vendor/bcdatamapper/datascrapers/bc/early-learning/cache/captures/2026-09-22/regions/NH_N7502.json,41498,e629fa667ca7a3afcdd213fbd19ed6cbcc05caca73bcd887983718e8ce24a3f1,ignored,vendor_only_no_exact_public_file,documented_local_only
vendor/bcdatamapper/datascrapers/bc/early-learning/cache/captures/2026-09-22/regions/NH_N7503.json,41538,74b546b7a241620de46dc37eed9e0cd71115ba487e5bb2bf300bce3e7fdb7475,ignored,vendor_only_no_exact_public_file,documented_local_only
vendor/bcdatamapper/datascrapers/bc/early-learning/cache/captures/2026-09-22/regions/NH_N7801.json,47203,41caeddd6a1d2e804cf25a2d108864ce468487e3762ccd4b0ebf7fb707315bb4,ignored,vendor_only_no_exact_public_file,documented_local_only
vendor/bcdatamapper/datascrapers/bc/early-learning/cache/captures/2026-09-22/regions/NH_N7802.json,43814,b21288aa7cdd9001ca04c00f08ac6df04ced1c5e52877806357ae69bc645fc31,ignored,vendor_only_no_exact_public_file,documented_local_only
vendor/bcdatamapper/datascrapers/bc/early-learning/cache/captures/2026-09-22/regions/NH_N7901.json,43461,d785bdb5711a8f60b0fd5d923a2b0b0956f15dea577156349dbcd553d86643d9,ignored,vendor_only_no_exact_public_file,documented_local_only
vendor/bcdatamapper/datascrapers/bc/early-learning/cache/captures/2026-09-22/regions/NH_N7902.json,46115,a0ceee7669a3a46b7ad98a8eda38e8f034dfcce50aca065af91c2ac7246bd975,ignored,vendor_only_no_exact_public_file,documented_local_only
vendor/bcdatamapper/datascrapers/bc/early-learning/cache/captures/2026-09-22/regions/NH_N7903.json,46093,87fd5619e78ab9ba2c4100ff10eccc12f1f2103e6d35f287d0b0e10db3c2ac83,ignored,vendor_only_no_exact_public_file,documented_local_only
vendor/bcdatamapper/datascrapers/bc/early-learning/cache/captures/2026-09-22/regions/NH_N7904.json,44382,6380076c52649d206aa2941031f4fa4e61608f542937d70652001e8e6693bcc9,ignored,vendor_only_no_exact_public_file,documented_local_only
vendor/bcdatamapper/datascrapers/bc/early-learning/cache/captures/2026-09-22/regions/NH_N7905.json,47184,4078df69db5644adea5e7f0e86dff683133eaf6b32446915329fc4e4489cc878,ignored,vendor_only_no_exact_public_file,documented_local_only
vendor/bcdatamapper/datascrapers/bc/early-learning/cache/captures/2026-09-22/regions/NH_N7906.json,47480,d70f34f4110b8955d736e26bc9d19a8846bd1247c03b610c87a2e5424997ddce,ignored,vendor_only_no_exact_public_file,documented_local_only
vendor/bcdatamapper/datascrapers/bc/early-learning/cache/captures/2026-09-22/regions/NH_N7907.json,46157,a06ab56c2c267bfc5b7b08b0665c39bb303cea7e799c9c49f51c7bc6463d2328,ignored,vendor_only_no_exact_public_file,documented_local_only
vendor/bcdatamapper/datascrapers/bc/early-learning/cache/captures/2026-09-22/regions/NH_N7908.json,48244,b9157b46f8f0e61a094d2163a7011ad8a2acd96e8b999f21581041a6dd1f10b4,ignored,vendor_only_no_exact_public_file,documented_local_only
vendor/bcdatamapper/datascrapers/bc/early-learning/cache/captures/2026-09-22/regions/NH_N8101.json,45073,95aaee7de70a7be03c01f8a38abfae2f3286e0cd4e5811643c608b20b6db803d,ignored,vendor_only_no_exact_public_file,documented_local_only
vendor/bcdatamapper/datascrapers/bc/early-learning/cache/captures/2026-09-22/regions/NH_N8201.json,44527,48ade3980d6ed01820f2b9f038bf61a211911afa13099f4f378daadc11abe450,ignored,vendor_only_no_exact_public_file,documented_local_only
vendor/bcdatamapper/datascrapers/bc/early-learning/cache/captures/2026-09-22/regions/NH_N8202.json,44477,62092728eb29966be5a06c8a1fbf452f4ca8a3f2eac4d68ff1394228abf932c6,ignored,vendor_only_no_exact_public_file,documented_local_only
vendor/bcdatamapper/datascrapers/bc/early-learning/cache/captures/2026-09-22/regions/NH_N8203.json,40844,978da6b4f9e1ed80c6c56df2bfa081c7d8af3dc00c0e30318d8ea2e198ee63a6,ignored,vendor_only_no_exact_public_file,documented_local_only
vendor/bcdatamapper/datascrapers/bc/early-learning/cache/captures/2026-09-22/regions/NH_N8301.json,50245,6a69693db144be10532a2dd0ca956e0df3ccbc9aeadb0613dc2998630bffd252,ignored,vendor_only_no_exact_public_file,documented_local_only
vendor/bcdatamapper/datascrapers/bc/early-learning/cache/captures/2026-09-22/regions/NH_N8302.json,48819,12597165136be628778356801fa42f4e38e901445869adfe2576577b560b58fe,ignored,vendor_only_no_exact_public_file,documented_local_only
vendor/bcdatamapper/datascrapers/bc/early-learning/cache/captures/2026-09-22/regions/NH_N8303.json,47983,8ed84b172ccd5591f4109e0f09edd0da68d2980a42b54f07d8c01c5bae26b46e,ignored,vendor_only_no_exact_public_file,documented_local_only
vendor/bcdatamapper/datascrapers/bc/early-learning/cache/captures/2026-09-22/regions/NH_N8304.json,47992,f2ee3772260d2efabc162e4db7d8f9c3313a90d4a353ca2a2a52606dcfa26ccf,ignored,vendor_only_no_exact_public_file,documented_local_only
vendor/bcdatamapper/datascrapers/bc/early-learning/cache/captures/2026-09-22/regions/NH_N8305.json,45855,a926868264b351a6a3569fdc32b2c26ee66f7daa21430e1012fb5f444752c8c8,ignored,vendor_only_no_exact_public_file,documented_local_only
vendor/bcdatamapper/datascrapers/bc/early-learning/cache/captures/2026-09-22/regions/NH_N8401.json,42942,80bf697e28f7922122c4bc1e97363958caf5c3518ce8acc74dc853205099a934,ignored,vendor_only_no_exact_public_file,documented_local_only
vendor/bcdatamapper/datascrapers/bc/early-learning/cache/captures/2026-09-22/regions/NH_N8501.json,48603,a61fb05b0ec3c3418d73420f8e230ec3011745f409f415a8558bb9b883b5ba72,ignored,vendor_only_no_exact_public_file,documented_local_only
vendor/bcdatamapper/datascrapers/bc/early-learning/cache/captures/2026-09-22/regions/NH_N8701.json,18467,c6d532bbc47bae647ee3439de1405768ac19024ecd79508b4bd75604ad58358b,ignored,vendor_only_no_exact_public_file,documented_local_only
vendor/bcdatamapper/datascrapers/bc/early-learning/cache/captures/2026-09-22/regions/NH_N9101.json,44945,22bddddbf1d0db947eecfa7fc40c862048d8a0333670c44a9106216827ee163e,ignored,vendor_only_no_exact_public_file,documented_local_only
vendor/bcdatamapper/datascrapers/bc/early-learning/cache/captures/2026-09-22/regions/NH_N9102.json,41748,5d3291a58e622c7015dff2c55e23a61d4e84e88d37c84a82a8312c546f5452cc,ignored,vendor_only_no_exact_public_file,documented_local_only
vendor/bcdatamapper/datascrapers/bc/early-learning/cache/captures/2026-09-22/regions/NH_N9103.json,42277,d7811716acb8822b096c7c75e15d65c8f30f7d74c52061184ae348cbc75438b0,ignored,vendor_only_no_exact_public_file,documented_local_only
vendor/bcdatamapper/datascrapers/bc/early-learning/cache/captures/2026-09-22/regions/NH_N9104.json,44890,30c6cf661c2ad39b659b53581d28d91f7f6d07dae01c97a8b3fc16d4adea085c,ignored,vendor_only_no_exact_public_file,documented_local_only
vendor/bcdatamapper/datascrapers/bc/early-learning/cache/captures/2026-09-22/regions/NH_N9201.json,40929,62c7cf6814124866f22b48aad27f2ee1e5a631c82ca2c6f1119a354d70f9a9dc,ignored,vendor_only_no_exact_public_file,documented_local_only
vendor/bcdatamapper/datascrapers/bc/early-learning/cache/captures/2026-09-22/regions/SDA_11.json,44432,485433917bb1ca92cba252b8d459cfc2ecf89d4ee9862947ecc3069e1f912f6a,ignored,vendor_only_no_exact_public_file,documented_local_only
vendor/bcdatamapper/datascrapers/bc/early-learning/cache/captures/2026-09-22/regions/SDA_12.json,44510,9a527ddb56be33fa528ddc9549605663d5a6ba7705c36b36a05c294dd28d5142,ignored,vendor_only_no_exact_public_file,documented_local_only
vendor/bcdatamapper/datascrapers/bc/early-learning/cache/captures/2026-09-22/regions/SDA_13.json,48395,ff61bbf6c32a2bef7b4ee036d53094d8947200a5620fbf12269b8847f0e49b0a,ignored,vendor_only_no_exact_public_file,documented_local_only
vendor/bcdatamapper/datascrapers/bc/early-learning/cache/captures/2026-09-22/regions/SDA_21.json,45567,acae6e1103ffe93a4ae3baf109463d9844aa972eb0cfa92b8b9bce814d5234d6,ignored,vendor_only_no_exact_public_file,documented_local_only
vendor/bcdatamapper/datascrapers/bc/early-learning/cache/captures/2026-09-22/regions/SDA_22.json,45822,3ef16075806d122afa6fda958d24e0e2184693ecf5883ca53bc6640686be14c6,ignored,vendor_only_no_exact_public_file,documented_local_only
vendor/bcdatamapper/datascrapers/bc/early-learning/cache/captures/2026-09-22/regions/SDA_23.json,45893,d5aea876f53b601607662584076ebdd47ce67246cff8f4a95c32a572b73b5ed0,ignored,vendor_only_no_exact_public_file,documented_local_only
vendor/bcdatamapper/datascrapers/bc/early-learning/cache/captures/2026-09-22/regions/SDA_24.json,47693,551cd0b67f7462b5c7cb11f20ecf7c6d33ecdd5edf75fb8c9a3c12df4f3972f3,ignored,vendor_only_no_exact_public_file,documented_local_only
vendor/bcdatamapper/datascrapers/bc/early-learning/cache/captures/2026-09-22/regions/SDA_25.json,47458,29a1265b8c72064fb1073cd187d7b90ea09aeda0c8e9499fa7631b55d4a6af8a,ignored,vendor_only_no_exact_public_file,documented_local_only
vendor/bcdatamapper/datascrapers/bc/early-learning/cache/captures/2026-09-22/regions/SDA_31.json,48492,f377953be06d2fb4e36a14f198eaabafdf3923f1d4ecdc5c8633d6e9a0571678,ignored,vendor_only_no_exact_public_file,documented_local_only
vendor/bcdatamapper/datascrapers/bc/early-learning/cache/captures/2026-09-22/regions/SDA_32.json,48508,c12914aaebab89a06be19f3c8eea3dc4442cd5f08c6b4e16f592c7b4d4cfa2bd,ignored,vendor_only_no_exact_public_file,documented_local_only
vendor/bcdatamapper/datascrapers/bc/early-learning/cache/captures/2026-09-22/regions/SDA_41.json,44758,17a36c11b6dfeda0806bfd44366a36faffe4ccd26dac95ce8edff5423aced64b,ignored,vendor_only_no_exact_public_file,documented_local_only
vendor/bcdatamapper/datascrapers/bc/early-learning/cache/captures/2026-09-22/regions/SDA_42.json,45738,9f87936f50baadafc9c519f556137542571fd972d3b7d2887eb273a59e6f30df,ignored,vendor_only_no_exact_public_file,documented_local_only
vendor/bcdatamapper/datascrapers/bc/early-learning/cache/captures/2026-09-22/regions/SDA_43.json,44634,e8994e1224d2f81f8fdcc9c03646e8c71e0a5a784eb97b3ead52656ec64bf0ed,ignored,vendor_only_no_exact_public_file,documented_local_only
vendor/bcdatamapper/datascrapers/bc/early-learning/cache/captures/2026-09-22/regions/SDA_ALL.json,42510,dcae9b08df0c0b046b08d25532eed13f9dc3e202ed0ee3d668b68b3fb2488635,ignored,vendor_only_no_exact_public_file,documented_local_only
vendor/bcdatamapper/datascrapers/bc/early-learning/cache/captures/2026-09-22/source.html,259994,9136e91dabcc79c5175c1e226fc8abce460b4e8ce960edbaa0a6522dd425c56b,ignored,vendor_only_no_exact_public_file,documented_local_only
vendor/bcdatamapper/datascrapers/bc/early-learning/cache/captures/2026-09-22/wave-boundaries-unverified/GEOSD-2.geojson,2247030,552bb755f1be1769024d2b00827a088f3fb2dae8f85055031ad9f36dfbb9ad5e,ignored,vendor_only_no_exact_public_file,documented_local_only
vendor/bcdatamapper/datascrapers/bc/early-learning/cache/captures/2026-09-22/wave-boundaries-unverified/GEOSD-3.geojson,2272934,b311f2ec9af63adb0818ee78de663e2d38f2096b8ae32086a31a39f7feadcb52,ignored,vendor_only_no_exact_public_file,documented_local_only
vendor/bcdatamapper/datascrapers/bc/early-learning/cache/captures/2026-09-22/wave-boundaries-unverified/GEOSD-4.geojson,2272934,ffe3994a796b0385aaa63ed013ae326b1cd14c2c880d64f28ec509e46f65a35d,ignored,vendor_only_no_exact_public_file,documented_local_only
vendor/bcdatamapper/datascrapers/bc/early-learning/cache/captures/2026-09-22/wave-boundaries-unverified/GEOSD-5.geojson,2272934,d99888b18892758fbc8ea4a30b5548ee3e1b1dad75f7e9a01e833ae57d7fcb05,ignored,vendor_only_no_exact_public_file,documented_local_only
vendor/bcdatamapper/datascrapers/bc/early-learning/cache/captures/2026-09-22/wave-boundaries-unverified/GEOSD-6.geojson,2272934,29bb27af64e955548fd9b4883afa2ab187ec3ffe73b723c12ce64dd459de714c,ignored,vendor_only_no_exact_public_file,documented_local_only
vendor/bcdatamapper/datascrapers/bc/early-learning/cache/captures/2026-09-22/wave-boundaries-unverified/GEOSD-7.geojson,2195241,6f60605ab7b2caf62c7f68cabce265d3cebf955c8a511947d16889982d22c16a,ignored,vendor_only_no_exact_public_file,documented_local_only
vendor/bcdatamapper/datascrapers/bc/early-learning/cache/captures/2026-09-22/wave-boundaries-unverified/GEOSD-8.geojson,2221365,39c48e5764413f996455003c8b733f979220f079a3b1a7c758fbd0d09fcc4db2,ignored,vendor_only_no_exact_public_file,documented_local_only
vendor/bcdatamapper/datascrapers/bc/early-learning/cache/captures/2026-09-22/wave-boundaries-unverified/GEOSD-9.geojson,2221365,0d053130fcd15f4a13b338c1722c55efcf3858da441089ed679e442055b12c58,ignored,vendor_only_no_exact_public_file,documented_local_only
vendor/bcdatamapper/datascrapers/bc/early-learning/cache/captures/2026-09-22/wave-boundaries-unverified/NH-2.geojson,4580787,43a64589139d1f37ba851e453c5c6442d6b259377c0756c454b1fc19f4947cee,ignored,vendor_only_no_exact_public_file,documented_local_only
vendor/bcdatamapper/datascrapers/bc/early-learning/cache/captures/2026-09-22/wave-boundaries-unverified/NH-3.geojson,4649358,825fa6f0e9a27e48f31dd3fa78f448e196402cb0946609a77ebc4e0e30c500a8,ignored,vendor_only_no_exact_public_file,documented_local_only
vendor/bcdatamapper/datascrapers/bc/early-learning/cache/captures/2026-09-22/wave-boundaries/CHSA-7.geojson,1954752,254b8ca42993d12943a2f199da370b710e6398a6cd63f6b10c77b277fa934935,ignored,vendor_only_no_exact_public_file,documented_local_only
vendor/bcdatamapper/datascrapers/bc/early-learning/cache/captures/2026-09-22/wave-boundaries/CHSA-8.geojson,1917542,47f617c65b6e60fc3b397727546b1bba5241f6b5abba4253db0a079415b4f4bf,ignored,vendor_only_no_exact_public_file,documented_local_only
vendor/bcdatamapper/datascrapers/bc/early-learning/cache/captures/2026-09-22/wave-boundaries/CHSA-9.geojson,1980857,3ebf0df3e4ee4ed3f4182cb1898b4652c1f0fa9a66907419d29c0ef6600490f5,ignored,vendor_only_no_exact_public_file,documented_local_only
vendor/bcdatamapper/datascrapers/bc/early-learning/cache/captures/2026-09-22/wave-boundaries/GEOSD-2.geojson,2247030,552bb755f1be1769024d2b00827a088f3fb2dae8f85055031ad9f36dfbb9ad5e,ignored,vendor_only_no_exact_public_file,documented_local_only
vendor/bcdatamapper/datascrapers/bc/early-learning/cache/captures/2026-09-22/wave-boundaries/GEOSD-3.geojson,2272934,b311f2ec9af63adb0818ee78de663e2d38f2096b8ae32086a31a39f7feadcb52,ignored,vendor_only_no_exact_public_file,documented_local_only
vendor/bcdatamapper/datascrapers/bc/early-learning/cache/captures/2026-09-22/wave-boundaries/GEOSD-4.geojson,2272934,ffe3994a796b0385aaa63ed013ae326b1cd14c2c880d64f28ec509e46f65a35d,ignored,vendor_only_no_exact_public_file,documented_local_only
vendor/bcdatamapper/datascrapers/bc/early-learning/cache/captures/2026-09-22/wave-boundaries/GEOSD-5.geojson,2272934,d99888b18892758fbc8ea4a30b5548ee3e1b1dad75f7e9a01e833ae57d7fcb05,ignored,vendor_only_no_exact_public_file,documented_local_only
vendor/bcdatamapper/datascrapers/bc/early-learning/cache/captures/2026-09-22/wave-boundaries/GEOSD-6.geojson,2272934,29bb27af64e955548fd9b4883afa2ab187ec3ffe73b723c12ce64dd459de714c,ignored,vendor_only_no_exact_public_file,documented_local_only
vendor/bcdatamapper/datascrapers/bc/early-learning/cache/captures/2026-09-22/wave-boundaries/GEOSD-7.geojson,2195241,6f60605ab7b2caf62c7f68cabce265d3cebf955c8a511947d16889982d22c16a,ignored,vendor_only_no_exact_public_file,documented_local_only
vendor/bcdatamapper/datascrapers/bc/early-learning/cache/captures/2026-09-22/wave-boundaries/GEOSD-8.geojson,2221365,39c48e5764413f996455003c8b733f979220f079a3b1a7c758fbd0d09fcc4db2,ignored,vendor_only_no_exact_public_file,documented_local_only
vendor/bcdatamapper/datascrapers/bc/early-learning/cache/captures/2026-09-22/wave-boundaries/GEOSD-9.geojson,2221365,0d053130fcd15f4a13b338c1722c55efcf3858da441089ed679e442055b12c58,ignored,vendor_only_no_exact_public_file,documented_local_only
vendor/bcdatamapper/datascrapers/bc/early-learning/cache/captures/2026-09-22/wave-boundaries/HA-2.geojson,347918,e697b1136a9ae84be9765f874a601fbb88efc4fa063ba8c976787a70f0b84dd0,ignored,vendor_only_no_exact_public_file,documented_local_only
vendor/bcdatamapper/datascrapers/bc/early-learning/cache/captures/2026-09-22/wave-boundaries/HA-3.geojson,347918,22b2c85bf58d3e75f934def770fe7f030ec523789bbff92a54b2f1dcf4036ad7,ignored,vendor_only_no_exact_public_file,documented_local_only
vendor/bcdatamapper/datascrapers/bc/early-learning/cache/captures/2026-09-22/wave-boundaries/HA-4.geojson,347918,368dce8c45abfb9827e416af4642d60a5dab8e1101efb544ea3b8f1e4f1f4e3d,ignored,vendor_only_no_exact_public_file,documented_local_only
vendor/bcdatamapper/datascrapers/bc/early-learning/cache/captures/2026-09-22/wave-boundaries/HA-5.geojson,347918,b9c64a9403165f0fdbc47afda602b78e6f43378b2b8318e7c19363cf55a094e5,ignored,vendor_only_no_exact_public_file,documented_local_only
vendor/bcdatamapper/datascrapers/bc/early-learning/cache/captures/2026-09-22/wave-boundaries/HA-6.geojson,347918,74f79642a0966dbc7e34e09777f312b836ba47ea77244a37a50941cbb69910fe,ignored,vendor_only_no_exact_public_file,documented_local_only
vendor/bcdatamapper/datascrapers/bc/early-learning/cache/captures/2026-09-22/wave-boundaries/HA-7.geojson,347918,c6678a9410ac5c231ca0d38547a243daac32b0a36ec8ff2675696219f8473c5c,ignored,vendor_only_no_exact_public_file,documented_local_only
vendor/bcdatamapper/datascrapers/bc/early-learning/cache/captures/2026-09-22/wave-boundaries/HA-8.geojson,347918,ded52a97fbecec868ebd20bdce9011d973496184f66e55ad9f76aff6c258e2a5,ignored,vendor_only_no_exact_public_file,documented_local_only
vendor/bcdatamapper/datascrapers/bc/early-learning/cache/captures/2026-09-22/wave-boundaries/HA-9.geojson,347918,8a4e5185e130a6e1ddb8d2d6f36ca7bf0b51b4dc1a52d81fa4cd6a620d545070,ignored,vendor_only_no_exact_public_file,documented_local_only
vendor/bcdatamapper/datascrapers/bc/early-learning/cache/captures/2026-09-22/wave-boundaries/HSDA-2.geojson,771683,0461cb6c70cced776f5d4cc05ab128a45f42b114bf1ab88d5c9175f4268a4317,ignored,vendor_only_no_exact_public_file,documented_local_only
vendor/bcdatamapper/datascrapers/bc/early-learning/cache/captures/2026-09-22/wave-boundaries/HSDA-3.geojson,771683,4ca288f5c46f7450b63c8f4851292e4f96b86930b1a9710413698605970e1dc7,ignored,vendor_only_no_exact_public_file,documented_local_only
vendor/bcdatamapper/datascrapers/bc/early-learning/cache/captures/2026-09-22/wave-boundaries/HSDA-4.geojson,771683,bd579c92a1c6b60c06e8332987da67237ccc785e11671c5198ab8f321ed8df4d,ignored,vendor_only_no_exact_public_file,documented_local_only
vendor/bcdatamapper/datascrapers/bc/early-learning/cache/captures/2026-09-22/wave-boundaries/HSDA-5.geojson,771683,c48cafe3d86c33e06fb66581bb1ca018cd978c9bb02fa962de6a96c9f6658418,ignored,vendor_only_no_exact_public_file,documented_local_only
vendor/bcdatamapper/datascrapers/bc/early-learning/cache/captures/2026-09-22/wave-boundaries/HSDA-6.geojson,771683,4ccb6dab33551e3320b8a7398566a98c20d978dd2b5d65b0d5cb7391d4977b79,ignored,vendor_only_no_exact_public_file,documented_local_only
vendor/bcdatamapper/datascrapers/bc/early-learning/cache/captures/2026-09-22/wave-boundaries/HSDA-7.geojson,771683,6909a44e62e2b57d91e0e2e5850eca32fbe1931e315e16a36b77ff79b341b26f,ignored,vendor_only_no_exact_public_file,documented_local_only
vendor/bcdatamapper/datascrapers/bc/early-learning/cache/captures/2026-09-22/wave-boundaries/HSDA-8.geojson,771683,6c253c5f34da667747d4bae391d4d24b3112170a54aa76f9c38db23a54f6b929,ignored,vendor_only_no_exact_public_file,documented_local_only
vendor/bcdatamapper/datascrapers/bc/early-learning/cache/captures/2026-09-22/wave-boundaries/HSDA-9.geojson,771683,d8655477f039b7f6133da74044d5c4b05c2fea2b09454e365616b984763e1cdc,ignored,vendor_only_no_exact_public_file,documented_local_only
vendor/bcdatamapper/datascrapers/bc/early-learning/cache/captures/2026-09-22/wave-boundaries/LHA-2.geojson,2094648,658b78f783781ff2147458a6166edef6bce4c8cced52d24b861ad5163bde558f,ignored,vendor_only_no_exact_public_file,documented_local_only
vendor/bcdatamapper/datascrapers/bc/early-learning/cache/captures/2026-09-22/wave-boundaries/LHA-3.geojson,2041548,9cedb01f1c540b0d03f304166d30f84560f2272b8f7e8ce1a3ba0e549f968b2e,ignored,vendor_only_no_exact_public_file,documented_local_only
vendor/bcdatamapper/datascrapers/bc/early-learning/cache/captures/2026-09-22/wave-boundaries/LHA-4.geojson,2117167,bc3adbf72e60bacb7139d643c90a9898d630ff4954aa3e23766b358dbf58873d,ignored,vendor_only_no_exact_public_file,documented_local_only
vendor/bcdatamapper/datascrapers/bc/early-learning/cache/captures/2026-09-22/wave-boundaries/LHA-5.geojson,2117167,24affa4738605300f9844dfcc4ba1f3c8036258f98d6d8e873983a94367604f3,ignored,vendor_only_no_exact_public_file,documented_local_only
vendor/bcdatamapper/datascrapers/bc/early-learning/cache/captures/2026-09-22/wave-boundaries/LHA-6.geojson,2092603,1d266c8321fe96f83ec29491251b2a0a0a665aa05a4f6600749f62a70f89b0e9,ignored,vendor_only_no_exact_public_file,documented_local_only
vendor/bcdatamapper/datascrapers/bc/early-learning/cache/captures/2026-09-22/wave-boundaries/LHA-7.geojson,1943443,22e392c8be2cd5eeb8a2eba568da30381b27dfe101e865f76a875e6c2074135f,ignored,vendor_only_no_exact_public_file,documented_local_only
vendor/bcdatamapper/datascrapers/bc/early-learning/cache/captures/2026-09-22/wave-boundaries/LHA-8.geojson,1892388,48920e3db9b43315c7f90e7e26f73133053a221407c490f5097a7951792c7fc7,ignored,vendor_only_no_exact_public_file,documented_local_only
vendor/bcdatamapper/datascrapers/bc/early-learning/cache/captures/2026-09-22/wave-boundaries/LHA-9.geojson,1976756,b8ab59e87ffabba497f0ff00b36e2affddef30025381e269abf1236f4904fb21,ignored,vendor_only_no_exact_public_file,documented_local_only
vendor/bcdatamapper/datascrapers/bc/early-learning/cache/captures/2026-09-22/wave-boundaries/LSA-2.geojson,3706247,f53247931ebf29abfeb4d120b643c51f1056b7678602a38772ea5f6fbd3a7f4c,ignored,vendor_only_no_exact_public_file,documented_local_only
vendor/bcdatamapper/datascrapers/bc/early-learning/cache/captures/2026-09-22/wave-boundaries/LSA-3.geojson,3658173,ec02b618afa6a8461f42434b41f33d3e84328f014fe6c373541a6d435092bc9e,ignored,vendor_only_no_exact_public_file,documented_local_only
vendor/bcdatamapper/datascrapers/bc/early-learning/cache/captures/2026-09-22/wave-boundaries/LSA-4.geojson,3706247,e7a7222a8a1cb0a5f30d7abb2d3d6cc55b93ae4bb25fb87cbd432a3e0e7500c4,ignored,vendor_only_no_exact_public_file,documented_local_only
vendor/bcdatamapper/datascrapers/bc/early-learning/cache/captures/2026-09-22/wave-boundaries/LSA-5.geojson,3706247,d1cfe5274ce9cf59b57f8dd5cfc9ee4632cd18ca17d5df6907d78e2fb7c80b97,ignored,vendor_only_no_exact_public_file,documented_local_only
vendor/bcdatamapper/datascrapers/bc/early-learning/cache/captures/2026-09-22/wave-boundaries/LSA-6.geojson,3658173,d78b7518c7a5dc6969fa8e0a8ef14247d9635518226c2a3d0d4a54a639f6bdd3,ignored,vendor_only_no_exact_public_file,documented_local_only
vendor/bcdatamapper/datascrapers/bc/early-learning/cache/captures/2026-09-22/wave-boundaries/LSA-7.geojson,3658173,da4779d11034ec1d660ce9132f68122571a1f79aa3c7ccf56ea8fde5a2cd1d6c,ignored,vendor_only_no_exact_public_file,documented_local_only
vendor/bcdatamapper/datascrapers/bc/early-learning/cache/captures/2026-09-22/wave-boundaries/LSA-8.geojson,3658173,2c0ebbfc3e9f23f549cebdd266ef33d393d88e61f3f9c357acc9f7180e718cd2,ignored,vendor_only_no_exact_public_file,documented_local_only
vendor/bcdatamapper/datascrapers/bc/early-learning/cache/captures/2026-09-22/wave-boundaries/LSA-9.geojson,3658173,5ee87fac5d2f94eff40436ada277d94e25df418aa05efa4c7c7c62189889a1e0,ignored,vendor_only_no_exact_public_file,documented_local_only
vendor/bcdatamapper/datascrapers/bc/early-learning/cache/captures/2026-09-22/wave-boundaries/MCFD-2.geojson,3219534,09477e9ed3ff503ced6343cef2b38c6f24ebee54223ca027010b6636353a6914,ignored,vendor_only_no_exact_public_file,documented_local_only
vendor/bcdatamapper/datascrapers/bc/early-learning/cache/captures/2026-09-22/wave-boundaries/MCFD-3.geojson,3219534,caa331f31c7abf1a6f9cb18edec192c8bf4c539c787c311a4649c2fa00e85163,ignored,vendor_only_no_exact_public_file,documented_local_only
vendor/bcdatamapper/datascrapers/bc/early-learning/cache/captures/2026-09-22/wave-boundaries/MCFD-4.geojson,3219534,2598b82c4788f4b250ae00b9116acb1d58b32724f4b838be8df25effd018152f,ignored,vendor_only_no_exact_public_file,documented_local_only
vendor/bcdatamapper/datascrapers/bc/early-learning/cache/captures/2026-09-22/wave-boundaries/MCFD-5.geojson,3219534,56398d0b225f5f3c7c1a15e23ae1f7176e6c9712a5b2a8f76d3c7879f606ff77,ignored,vendor_only_no_exact_public_file,documented_local_only
vendor/bcdatamapper/datascrapers/bc/early-learning/cache/captures/2026-09-22/wave-boundaries/MCFD-6.geojson,3219534,5b9b5b1220802bf8589863fa7b0014e14339b102742eb6d6134acddb15395764,ignored,vendor_only_no_exact_public_file,documented_local_only
vendor/bcdatamapper/datascrapers/bc/early-learning/cache/captures/2026-09-22/wave-boundaries/MCFD-7.geojson,3219534,93bcb637517639680d48d74b8f9644bcf1efebdc895af4acf683c580ff083c3d,ignored,vendor_only_no_exact_public_file,documented_local_only
vendor/bcdatamapper/datascrapers/bc/early-learning/cache/captures/2026-09-22/wave-boundaries/MCFD-8.geojson,3219534,d7c2c4a10f9d8b38d9760167b4eb023590d06a9edba547eb0ee34592bd05e630,ignored,vendor_only_no_exact_public_file,documented_local_only
vendor/bcdatamapper/datascrapers/bc/early-learning/cache/captures/2026-09-22/wave-boundaries/MCFD-9.geojson,3219534,776052775dd5a4624ccfbbe05be5b9598a75697ea6851f1beae0069ca7fc4ca2,ignored,vendor_only_no_exact_public_file,documented_local_only
vendor/bcdatamapper/datascrapers/bc/early-learning/cache/captures/2026-09-22/wave-boundaries/NH-2.geojson,4580787,43a64589139d1f37ba851e453c5c6442d6b259377c0756c454b1fc19f4947cee,ignored,vendor_only_no_exact_public_file,documented_local_only
vendor/bcdatamapper/datascrapers/bc/early-learning/cache/captures/2026-09-22/wave-boundaries/NH-3.geojson,4649358,825fa6f0e9a27e48f31dd3fa78f448e196402cb0946609a77ebc4e0e30c500a8,ignored,vendor_only_no_exact_public_file,documented_local_only
vendor/bcdatamapper/datascrapers/bc/early-learning/cache/captures/2026-09-22/wave-boundaries/NH-4.geojson,4636766,b21b55fa7ec203d5652f530b795f6b3a78735a13f44415e7ff1f405d0d9980c9,ignored,vendor_only_no_exact_public_file,documented_local_only
vendor/bcdatamapper/datascrapers/bc/early-learning/cache/captures/2026-09-22/wave-boundaries/NH-5.geojson,4649358,630ea86b70355fab9ae30c6a7e932c4f40d8cfc9d01ccea85d40502ae26b6937,ignored,vendor_only_no_exact_public_file,documented_local_only
vendor/bcdatamapper/datascrapers/bc/early-learning/cache/captures/2026-09-22/wave-boundaries/NH-6.geojson,4649358,daed591e28401fe755471f39a8960d7f5f59cb4c347507200819a01425b74502,ignored,vendor_only_no_exact_public_file,documented_local_only
vendor/bcdatamapper/datascrapers/bc/early-learning/cache/captures/2026-09-22/wave-boundaries/NH-7.geojson,4448850,4a558d5811f2c934206ceed93d4ae328514c70ed36304e798d8b4bbad624eead,ignored,vendor_only_no_exact_public_file,documented_local_only
vendor/bcdatamapper/datascrapers/bc/early-learning/cache/captures/2026-09-22/wave-boundaries/NH-8.geojson,4538629,d10264b8a4c391ecc6dbbcfcb3590d08662ac73a6f6761dc8523a194e47f1981,ignored,vendor_only_no_exact_public_file,documented_local_only
vendor/bcdatamapper/datascrapers/bc/early-learning/cache/captures/2026-09-22/wave-boundaries/NH-9.geojson,4592805,08cc9738b38f401fb8a9a0a6a25f0ec26e9bf5f308f8d731d95ee174fcf08a6c,ignored,vendor_only_no_exact_public_file,documented_local_only
vendor/bcdatamapper/datascrapers/bc/early-learning/cache/captures/2026-09-22/wave-boundaries/SDA-2.geojson,2307787,89904c80966cdd250a089081fa6deab1b199eba436876fb47cdbbd63f18d4611,ignored,vendor_only_no_exact_public_file,documented_local_only
vendor/bcdatamapper/datascrapers/bc/early-learning/cache/captures/2026-09-22/wave-boundaries/SDA-3.geojson,2307787,35c06c20b904c1b6c6b5a71612c22aa32f8269a1d9d61b79ad3b5d2c487c70d7,ignored,vendor_only_no_exact_public_file,documented_local_only
vendor/bcdatamapper/datascrapers/bc/early-learning/cache/captures/2026-09-22/wave-boundaries/SDA-4.geojson,2307787,466ac7f535befeac203f107d8b68190c2cd54b9366b0619f66f34bcf1c47cc25,ignored,vendor_only_no_exact_public_file,documented_local_only
vendor/bcdatamapper/datascrapers/bc/early-learning/cache/captures/2026-09-22/wave-boundaries/SDA-5.geojson,2307787,dec3377f34450931e1d55bec3209113a61e3f3785a1e4f70eb38fdb966ca0881,ignored,vendor_only_no_exact_public_file,documented_local_only
vendor/bcdatamapper/datascrapers/bc/early-learning/cache/captures/2026-09-22/wave-boundaries/SDA-6.geojson,2307787,f582ef7709b86dfae7ed4aae0f02259fa0a7499d070884c9f497c6256490ec90,ignored,vendor_only_no_exact_public_file,documented_local_only
vendor/bcdatamapper/datascrapers/bc/early-learning/cache/captures/2026-09-22/wave-boundaries/SDA-7.geojson,2307787,334d83f729229113e83bc34786a3f78b58940e0aca23c575d18993eaa7b9e03e,ignored,vendor_only_no_exact_public_file,documented_local_only
vendor/bcdatamapper/datascrapers/bc/early-learning/cache/captures/2026-09-22/wave-boundaries/SDA-8.geojson,2307787,c8eaa05891459d2e560a2a7fd600e4d3ecca56711535d3d8c5d75abaae222ec7,ignored,vendor_only_no_exact_public_file,documented_local_only
vendor/bcdatamapper/datascrapers/bc/early-learning/cache/captures/2026-09-22/wave-boundaries/SDA-9.geojson,2307787,158c6367a0acddf70f33ca1659a20c2854c22a5487cac8ab8b4c183bc0396126,ignored,vendor_only_no_exact_public_file,documented_local_only
vendor/bcdatamapper/datascrapers/bc/early-learning/cache/captures/2026-09-22/wave-boundaries/capture.json,54,e4fba9b0c34429f6d1b597f292cad2381f714e1f6829883aec8f8472afb9a33a,ignored,vendor_only_no_exact_public_file,documented_local_only
vendor/bcdatamapper/datascrapers/bc/early-learning/cache/current-boundaries/2026-09-22/CHSA.catalogue.json,26015,6437ef29cddcd7e86cf2cbca3a32387c4d86cb91394a1d1f85268d957c59c850,ignored,vendor_only_no_exact_public_file,documented_local_only
vendor/bcdatamapper/datascrapers/bc/early-learning/cache/current-boundaries/2026-09-22/CHSA.geojson,25593157,c44582bbb49563d11d881a42ad4bc5bb135d50bbedded1b5fca5219ceedfd953,ignored,vendor_only_no_exact_public_file,documented_local_only
vendor/bcdatamapper/datascrapers/bc/early-learning/cache/current-boundaries/2026-09-22/CHSA.source.json,990,6665facfe9c0f045baf5263dc9ce4098036379bc9dfb41951ff39bf51a4d04ae,ignored,vendor_only_no_exact_public_file,documented_local_only
vendor/bcdatamapper/datascrapers/bc/early-learning/cache/current-boundaries/2026-09-22/GEOSD.geojson,22845486,e6edd7cd060802e502fd9de4d0a99fcdcfc06ef428ffaa955261e9731a361cce,ignored,vendor_only_no_exact_public_file,documented_local_only
vendor/bcdatamapper/datascrapers/bc/early-learning/cache/current-boundaries/2026-09-22/GEOSD.source.json,701,ee3558592093672abd6c0355ca63937133d023cd46a45083f8d331fa114a4f42,ignored,vendor_only_no_exact_public_file,documented_local_only
vendor/bcdatamapper/datascrapers/bc/early-learning/cache/current-boundaries/2026-09-22/HA.catalogue.json,17458,1b4d7beeb4c6db1173236676a3c21611d2188e12009ceb1737e911bbc315e785,ignored,vendor_only_no_exact_public_file,documented_local_only
vendor/bcdatamapper/datascrapers/bc/early-learning/cache/current-boundaries/2026-09-22/HA.geojson,19073347,e767c0fd4f08cd43172cfe00be27ed0f969c8e8698299a41fed2c16b1025f976,ignored,vendor_only_no_exact_public_file,documented_local_only
vendor/bcdatamapper/datascrapers/bc/early-learning/cache/current-boundaries/2026-09-22/HA.source.json,960,c96d157bd0c912a82aee6afe72a0158b0adc19412889ae035ab11a8773aa0e52,ignored,vendor_only_no_exact_public_file,documented_local_only
vendor/bcdatamapper/datascrapers/bc/early-learning/cache/current-boundaries/2026-09-22/HSDA.catalogue.json,19895,34540841ff76b458f59c8604b75c5c85b3c21e32e9250ca63006ef688ddfd49c,ignored,vendor_only_no_exact_public_file,documented_local_only
vendor/bcdatamapper/datascrapers/bc/early-learning/cache/current-boundaries/2026-09-22/HSDA.geojson,20569499,9e15199145433a0c6bc88efa761ef8ea576d527e72c371da8da4750ca90ddcd7,ignored,vendor_only_no_exact_public_file,documented_local_only
vendor/bcdatamapper/datascrapers/bc/early-learning/cache/current-boundaries/2026-09-22/HSDA.source.json,987,4c6bb89473aee82124c45393515d2ea22080ec3545d45f90ba5fb25af5b706bf,ignored,vendor_only_no_exact_public_file,documented_local_only
vendor/bcdatamapper/datascrapers/bc/early-learning/cache/current-boundaries/2026-09-22/LHA.catalogue.json,22625,67cdf03a8425985793791e6fe1c1c1f2836d411d7c0f7fac27583a6f7a405c11,ignored,vendor_only_no_exact_public_file,documented_local_only
vendor/bcdatamapper/datascrapers/bc/early-learning/cache/current-boundaries/2026-09-22/LHA.geojson,24018552,1cc7af43548e70ff142a02b8e72bb2cc2c290a06cbd59de5a2f903bb27da5933,ignored,vendor_only_no_exact_public_file,documented_local_only
vendor/bcdatamapper/datascrapers/bc/early-learning/cache/current-boundaries/2026-09-22/LHA.source.json,955,73d13bd768a8e33d4719b083ece01642e01b59febe4eecf05d102090f7af7dba,ignored,vendor_only_no_exact_public_file,documented_local_only
vendor/bcdatamapper/datascrapers/bc/early-learning/cache/current-boundaries/2026-09-22/mcfd-availability.json,3526,70eead4a0d9b354cebc0781ed8953f420193e466e0f31a1a12e087df70817977,ignored,vendor_only_no_exact_public_file,documented_local_only
vendor/bcdatamapper/datascrapers/bc/early-learning/cache/products/blobs/009756f243dfc3b4ae6ad07e00e8fd89c8b4113ad9af7aedec42ecd70b88089e.json.gz,663949,22cd79a8daa0bfca041cdb81fca9f02ebe2e816f17d79545db8bfbb5dfd79975,ignored,vendor_only_no_exact_public_file,documented_local_only
vendor/bcdatamapper/datascrapers/bc/early-learning/cache/products/blobs/00a40b2486f9958bb771f3e85e3762d7137620a28fd715485da5415d94cfb767.json.gz,1621790,767a390086ba3734d51eb4c220a71b09a09a9b795e99abff9a8e4d6ca23f807e,ignored,vendor_only_no_exact_public_file,documented_local_only
vendor/bcdatamapper/datascrapers/bc/early-learning/cache/products/blobs/0101b74a93af66c71311f4c90ae17f844d8577c2cef50f5f801665ceee6972e9.json.gz,804402,03ce511c52e5e2dbbd7deb2fa88bb4e407ee049fd16a2a54e4c420b70339623f,ignored,vendor_only_no_exact_public_file,documented_local_only
vendor/bcdatamapper/datascrapers/bc/early-learning/cache/products/blobs/0128e05385d64b619487b321e6e0c18f033e5d7281e9df89fa63df795a4e73f6.json.gz,819485,addec479bd6f58bb58a59cd5f9ea5f3a09d85568e695bfc217ccace0501e0fb9,ignored,vendor_only_no_exact_public_file,documented_local_only
vendor/bcdatamapper/datascrapers/bc/early-learning/cache/products/blobs/013a1a6e070925bdfbc9772595efbec4c5207c152ce2cc2ae560ad7f26a38ff1.json.gz,1605537,94e45d2d3f16be8657715d3b5a3d43601369a9609b83bc564c85b469b955d600,ignored,vendor_only_no_exact_public_file,documented_local_only
vendor/bcdatamapper/datascrapers/bc/early-learning/cache/products/blobs/0246c261cadb0dc2bd58e857c22947c645c96dec5bfd28f646a455f193a1d2d6.json.gz,679011,9a5bc377277b5148cc1baa650a80534cc9cca8ec4e96acd79bfe24d410897744,ignored,vendor_only_no_exact_public_file,documented_local_only
vendor/bcdatamapper/datascrapers/bc/early-learning/cache/products/blobs/033aae371e398a2aa2615520387d37431f089f8aa7a6e011028bcdd4eccbd2e8.json.gz,1249549,a7b94c681e0e39bdf2f23cc937ee88cf835912b82075418f3a521da754682025,ignored,vendor_only_no_exact_public_file,documented_local_only
vendor/bcdatamapper/datascrapers/bc/early-learning/cache/products/blobs/0501fc74566375edaa0937d707afa60b4705604034be0e88b7166193ee058795.json.gz,771519,740d59901b8808fee0d514de0b69d50547a8c179b75898ab68c9fe7aa0f93355,ignored,vendor_only_no_exact_public_file,documented_local_only
vendor/bcdatamapper/datascrapers/bc/early-learning/cache/products/blobs/058733ecab7dd762c3f8ee14d8ba553ecb54dcde435bb32cef16b2afda83219c.json.gz,848511,4b4c65e4869f6f97176e9458dfa7ae7479c6fbfda0f2064ba40f4e46780a9826,ignored,vendor_only_no_exact_public_file,documented_local_only
vendor/bcdatamapper/datascrapers/bc/early-learning/cache/products/blobs/064185c511de03dbe3ff0325deaf41944d7c982aa21039dbc6427c1d73b42b45.json.gz,826875,0d0c1f6fa80161dca68fd8faf7b4481bcade3cdaf35b6ef073d955bee53fdd10,ignored,vendor_only_no_exact_public_file,documented_local_only
vendor/bcdatamapper/datascrapers/bc/early-learning/cache/products/blobs/06e2f5104a803fafe7d54268dcc64218391b85bc648a7e8be46efe3bb929a9a2.json.gz,838381,c2536940bad369bb582eb0adb721c8f3b721d78066893e2c46112fd67532c5f7,ignored,vendor_only_no_exact_public_file,documented_local_only
vendor/bcdatamapper/datascrapers/bc/early-learning/cache/products/blobs/07a79aa39cb911786d7b5b3ca2044961587c16ffc4223ac9041d235230c45e08.json.gz,768086,ed5fa77273aa23272ea172979c5b690c2b9538a8c4d9cb1dacf57eae6c11584b,ignored,vendor_only_no_exact_public_file,documented_local_only
vendor/bcdatamapper/datascrapers/bc/early-learning/cache/products/blobs/07c47690f1724ee3a6deb4862d712dd52c0704613ea96d345af1b9d6698e656b.json.gz,1251969,5e4c5a0601b03ecc0aefea4601980ba237294b6649e8c2f935704c0affb0d858,ignored,vendor_only_no_exact_public_file,documented_local_only
vendor/bcdatamapper/datascrapers/bc/early-learning/cache/products/blobs/092402e2f176e2a6f42c5b75f265c1918cfc5233bd0313265755f6f9f943549f.json.gz,670279,f82d78f98c68d5fce72fd24f16f1347d2e6bd6e848269a5067ef7fe4aa7851f5,ignored,vendor_only_no_exact_public_file,documented_local_only
vendor/bcdatamapper/datascrapers/bc/early-learning/cache/products/blobs/093894d404ece71869e5aafc795c80263a8eaeb5778161ca6561511a973fdff9.json.gz,1619498,a46a4423e1adc52ceb090a742a77f4060be3ac542f110a40b7d2e1d11a3ae1c9,ignored,vendor_only_no_exact_public_file,documented_local_only
vendor/bcdatamapper/datascrapers/bc/early-learning/cache/products/blobs/093cd267675b2a21d19bae179c04031602de0f3a2c40727c6487915c9437576f.json.gz,781246,e5bab1d2804b8c0fe29f030a0296896f9522892d69c86e34446ad8be51262760,ignored,vendor_only_no_exact_public_file,documented_local_only
vendor/bcdatamapper/datascrapers/bc/early-learning/cache/products/blobs/0df9f40fa14e53a50a32d6e3be0419f796558a0e2efd88b0e905d468380fbccb.json.gz,7361,565a9b2d9d667e632df0aed19709e39b07241d19fae5df0846340556c29b8966,ignored,vendor_only_no_exact_public_file,documented_local_only
vendor/bcdatamapper/datascrapers/bc/early-learning/cache/products/blobs/0ff1f7534d1fea2700218f55e3f74b8b7bbb09a4eb1dbb8cecbc094da1031b0d.json.gz,997466,8acc067c1b612ddc14903734122fcae5145ce941d4ec6e512353d76c6ca365f5,ignored,vendor_only_no_exact_public_file,documented_local_only
vendor/bcdatamapper/datascrapers/bc/early-learning/cache/products/blobs/102babecb8f238252f4eca7fcc88c9f7d55c2d84e4b83306541d4edcda286bfc.json.gz,137606,d73c7c1f3a10e7f206a242f24f564ce93f1d47cafc1c97964892c67a88dfde02,ignored,vendor_only_no_exact_public_file,documented_local_only
vendor/bcdatamapper/datascrapers/bc/early-learning/cache/products/blobs/10c1cddd3cb1eed398c1f4db0752b102bd7f18528edf82c01d06a18b11e1fec4.json.gz,137589,27937cb54272b803702525af15c5335209ab10a67a3fe1151a99ac791db3a57d,ignored,vendor_only_no_exact_public_file,documented_local_only
vendor/bcdatamapper/datascrapers/bc/early-learning/cache/products/blobs/13cad0095dcfd8c2e3727efe33e3781cb42128588b7ad7b3f4357165b4998971.json.gz,748850,d3463b812e841175e3702f94ad3b4f90bc5bfeeea37f8b601d36265679c81e8e,ignored,vendor_only_no_exact_public_file,documented_local_only
vendor/bcdatamapper/datascrapers/bc/early-learning/cache/products/blobs/13d4b4cebb745cbb17ec0f3ca85dc2ca85c95edd516ab5acd7b3946255911b5f.json.gz,736862,4617e13ca6b5ea3552e34d439975c34c29b6c2656a965509643e71b97d967b42,ignored,vendor_only_no_exact_public_file,documented_local_only
vendor/bcdatamapper/datascrapers/bc/early-learning/cache/products/blobs/16f1ca3b7d5c32735311171aaf40e64f5e0829419bcdee0a8d905b2f13a93e22.json.gz,484615,4153ba550fc0859748acac982f99385d4727722238cd2d170625098f6f59eab9,ignored,vendor_only_no_exact_public_file,documented_local_only
vendor/bcdatamapper/datascrapers/bc/early-learning/cache/products/blobs/1821db08658706fe1c40e286f297c9676cefdf0e1e438843f5083bf7f9d2dc02.json.gz,1268968,d087699ed4958485583a951b2ddcad0d885e650735a15f50a1e64f0a914d290b,ignored,vendor_only_no_exact_public_file,documented_local_only
vendor/bcdatamapper/datascrapers/bc/early-learning/cache/products/blobs/19e7b30f6c63c17f1547b4eefacf5b41223524cb4dc0feae1b4d35f77e4cabcb.json.gz,771550,fcdfb3a75b7d6b581124c41715037f7c99bf110c87896fb487e74932adf3f530,ignored,vendor_only_no_exact_public_file,documented_local_only
vendor/bcdatamapper/datascrapers/bc/early-learning/cache/products/blobs/1c1f612947e9e030fc7c210aff392e9cf3eee956596a6e0e6a6cfcfde0e88baa.json.gz,1609342,8421ec0ecb8f5d2d9935d191448ca9799a53a6e5d9a6eb18bb644c8de75bc97c,ignored,vendor_only_no_exact_public_file,documented_local_only
vendor/bcdatamapper/datascrapers/bc/early-learning/cache/products/blobs/1d5fa4f13902bcccd992b325f00ba44b8b428f692dcc8494a46f4c62b25db86f.json.gz,27936,a0e432b3e2f5e8e889853eedd3acc11e7867d83ecd86f0101e7514a855ff0322,ignored,vendor_only_no_exact_public_file,documented_local_only
vendor/bcdatamapper/datascrapers/bc/early-learning/cache/products/blobs/1eabd5224cefaf089a139a88601fbe77c61b54468ce67fcfbe07df500142795d.json.gz,1990,fc4edcffecb4e6b8b8364f6f93f05340e9b5813ffb8034a833fb6c469114ef90,ignored,vendor_only_no_exact_public_file,documented_local_only
vendor/bcdatamapper/datascrapers/bc/early-learning/cache/products/blobs/1f70bcef2ec016bda062d3fd216106d191a2baa11212bf63124ac57e3c1a375f.json.gz,841445,9fce707557bc451afa9e2b54b4343e53691615993038ae21692803767f767857,ignored,vendor_only_no_exact_public_file,documented_local_only
vendor/bcdatamapper/datascrapers/bc/early-learning/cache/products/blobs/1fe5a61e7d1309b226669d818b0dd31d81b5e3493db6bedaf09803174d46a311.json.gz,1619531,7dd6e8dfdf21904312718539337cde356d4b31919c7353f1d9ca8e4cd0597e6a,ignored,vendor_only_no_exact_public_file,documented_local_only
vendor/bcdatamapper/datascrapers/bc/early-learning/cache/products/blobs/200ce8ef643124dfb0cf47b6bf5a7e2e1d67e3dcc2a3f405ba17d3c1e4c5a856.json.gz,804062,4013f9c3d262cb3ac67177e7791d3f7f38d73fc4f57559894352d085636765b2,ignored,vendor_only_no_exact_public_file,documented_local_only
vendor/bcdatamapper/datascrapers/bc/early-learning/cache/products/blobs/20217fb4187717fb76784d76300ec4f41f0ce4939678072427e3c66832795d8a.json.gz,209899,9b0a6f1df5c22c39e75ac3225d0d65431018c82b00d4367beb84cca0cc46a34a,ignored,vendor_only_no_exact_public_file,documented_local_only
vendor/bcdatamapper/datascrapers/bc/early-learning/cache/products/blobs/207765a4d346237b46d6bb91a21bc5e0ff660160b6b10cb0d5b79f2776427a9c.json.gz,3052,e4271a67dfa308711fed212b60eca5b3110169962e8f1419e967d3bf21c7365d,ignored,vendor_only_no_exact_public_file,documented_local_only
vendor/bcdatamapper/datascrapers/bc/early-learning/cache/products/blobs/20f388a420177344e9a2a2043d71e80104733e05bb84e56bbe929480c3ac796b.json.gz,1546760,17983074f7c53b276dae5c05843abe1300fc4441376a23246582d2cb023c8955,ignored,vendor_only_no_exact_public_file,documented_local_only
vendor/bcdatamapper/datascrapers/bc/early-learning/cache/products/blobs/21715af3fa32c342d5100612c047cc22b385e756d0837cdb92dd6f7612f0a225.json.gz,1266301,81f4a6ae9006c1dfd1cb1c76f68f892364f6d6ad8e0f7c72e0aca3882194f7d3,ignored,vendor_only_no_exact_public_file,documented_local_only
vendor/bcdatamapper/datascrapers/bc/early-learning/cache/products/blobs/225fa70123fffaf44aa51da3225ac4da946cd9f0b0c8d855df745d45904ae85d.json.gz,17686,b55910e4ba8b62956b1978577918ccf571b403464cc3f46ed7099e57cd018ee3,ignored,vendor_only_no_exact_public_file,documented_local_only
vendor/bcdatamapper/datascrapers/bc/early-learning/cache/products/blobs/227759edcf79f9c37a939a072b7b97f650e65fa8bac291ddfd6ca895daf9a44f.json.gz,3128,fb328295556b78092ed621c51bbedb856502e7ab7fe7aafc6698ed2fadcdc2bc,ignored,vendor_only_no_exact_public_file,documented_local_only
vendor/bcdatamapper/datascrapers/bc/early-learning/cache/products/blobs/237cef8cf0136f6d0fac1e70e41e3dd3a6b1020da004fb304d81f281625b2e38.json.gz,710216,b864b254cf7e233e93b0af2b517086fd387e1c838e44e0d038d05bb8802bde48,ignored,vendor_only_no_exact_public_file,documented_local_only
vendor/bcdatamapper/datascrapers/bc/early-learning/cache/products/blobs/24350d5c2936b1a0fc825c7279f4f69e8255ac165603d3134698306f27629fec.json.gz,379340,8455c7c1a80626fdc5a6026979e1badaa48e158e56afbab0448bcae0110d2409,ignored,vendor_only_no_exact_public_file,documented_local_only
vendor/bcdatamapper/datascrapers/bc/early-learning/cache/products/blobs/26690ee351a33132e64d092c7fff8ecd1ffe039284681ac8c769742452683429.json.gz,3110,9f05b7d176a30f0f3672f3599ae52f92dfadaf244b843b6b0d349fccf93ac474,ignored,vendor_only_no_exact_public_file,documented_local_only
vendor/bcdatamapper/datascrapers/bc/early-learning/cache/products/blobs/26b35847b2ebc7af9204544a6ef7ff4952f609360014f22e28b95256e0eee0e6.json.gz,7299489,1ef380c91889a408e38ee34b020ed3a5ad1695d0ccd3c9a90bbd9b38bfd07b4e,ignored,vendor_only_no_exact_public_file,documented_local_only
vendor/bcdatamapper/datascrapers/bc/early-learning/cache/products/blobs/29d5de7fdbe8200a0cbc3ba5890a90443788f14b596faf4aa13f8827e9388c08.json.gz,137606,6736790e904a1ef4c3fcf630403c64dc1793859fc102aefd63803d1b5947234b,ignored,vendor_only_no_exact_public_file,documented_local_only
vendor/bcdatamapper/datascrapers/bc/early-learning/cache/products/blobs/29d5e1d8b94fee98bf8a4673b6eb898c6259d4ee176d7431d33540d2f7ca7059.json.gz,389175,46762f62b85a6bba0437b27d57b4098ee56edda605875971c028a83afd5d9a27,ignored,vendor_only_no_exact_public_file,documented_local_only
vendor/bcdatamapper/datascrapers/bc/early-learning/cache/products/blobs/29d7bc41fd4a4de53ba760fbe15672a3227dd2d97ef6243f11fe0b039cfa49dd.json.gz,205736,dadc4f0df8997bc5b0a311080fe7a0efeaefc5e66a9fb08dbec4d6628cc07231,ignored,vendor_only_no_exact_public_file,documented_local_only
vendor/bcdatamapper/datascrapers/bc/early-learning/cache/products/blobs/2cb73a9b89ab761a34390e09f6aa6dc9099b991b5695da7e2f8fb5feea15eeb1.json.gz,1580400,37eb4cd4d0281f1d5dbb0a10f09d25a3ad7478a3df7c7a35b2ec6a3446400c16,ignored,vendor_only_no_exact_public_file,documented_local_only
vendor/bcdatamapper/datascrapers/bc/early-learning/cache/products/blobs/2d8d1082f44c80afed561d5a56b1b2d664d4c8a5a22895ccaaea1d71827af1bc.json.gz,1536235,5f32becfd17abee4fe7aeaebe660b5d5acf1e62f256c8ece4c8bcc03f1eeafb5,ignored,vendor_only_no_exact_public_file,documented_local_only
vendor/bcdatamapper/datascrapers/bc/early-learning/cache/products/blobs/2dbe8da16c0206a4bc8a89417915b34d2308a2389d4ad055ff6084d70001b0d8.json.gz,3107,bceb9a28b76c49da976886e078e7c2cd86f4eff4361df53f9eb4cc9a1008923e,ignored,vendor_only_no_exact_public_file,documented_local_only
vendor/bcdatamapper/datascrapers/bc/early-learning/cache/products/blobs/2ecf86a57bffd217ee694091d19d67cfe4fbab1f55d5634a19731ac8e486482a.json.gz,3125,fdad334419a9e7bc9a57bdacc6b9c6ead84d194eb9195648400671e7fbfa93ab,ignored,vendor_only_no_exact_public_file,documented_local_only
vendor/bcdatamapper/datascrapers/bc/early-learning/cache/products/blobs/303a3cf7ee800604c53cf86ea2f3e6e24a82495e4e006fc843fb7f3048f0de55.json.gz,693439,ff5dede89278f894daa5daf3a84fb86784535931233dd353fb7122fe7d6cf52d,ignored,vendor_only_no_exact_public_file,documented_local_only
vendor/bcdatamapper/datascrapers/bc/early-learning/cache/products/blobs/30629afd19f01e7f82cbc0810b0a64eaabe1609b1591a577d46f3d5914dd2a02.json.gz,804062,eb8f287c427409d5be8d736cde685cc685465968687b22887ef6f73d5d886571,ignored,vendor_only_no_exact_public_file,documented_local_only
vendor/bcdatamapper/datascrapers/bc/early-learning/cache/products/blobs/30f6667be5a23fb16a5ea828264d9c4a8aaf0c3191b7455e1de934d64b99e9e0.json.gz,774856,fe54fc02e0d1b8ceace86b1a35a09763b2699ad3a05b5fb287381fff756a9eb2,ignored,vendor_only_no_exact_public_file,documented_local_only
vendor/bcdatamapper/datascrapers/bc/early-learning/cache/products/blobs/31c9eadad2f469918b31c61b14a84c8a7fc891a40f90c0d5ebe31057b448b17d.json.gz,7302304,141f924238506d10198b251bd891a4460918b9700a24f8e9db5c0f8cba629935,ignored,vendor_only_no_exact_public_file,documented_local_only
vendor/bcdatamapper/datascrapers/bc/early-learning/cache/products/blobs/34499889f3439dd0733368428731b1affa36f58cff40736e8e266bd223f9ff13.json.gz,1570155,f9eed06a3551effabdcb27dc90394528fc5b26ff96ce361af0569827ab13370a,ignored,vendor_only_no_exact_public_file,documented_local_only
vendor/bcdatamapper/datascrapers/bc/early-learning/cache/products/blobs/34a75c5938cb440751c6a58faf9418ebc494da7cb5b4ae7d68e3a2b5c417615e.json.gz,299355,86e97f286946c527e074f6769c929e661c4aa6615e93875664d7fa0b54f5ee64,ignored,vendor_only_no_exact_public_file,documented_local_only
vendor/bcdatamapper/datascrapers/bc/early-learning/cache/products/blobs/358fac4f9105d40139e55f41e293ff52d5562cd312a676ccdabd92ba764d28d7.json.gz,1621790,a59959f58ee0fead6e15d02fc21bc7ee45f2fa584f0fca95f0215ad9f9c7961b,ignored,vendor_only_no_exact_public_file,documented_local_only
vendor/bcdatamapper/datascrapers/bc/early-learning/cache/products/blobs/36c1c19d86b6be969bd390df7e73f50350fba65ab8bd529bb49c3e462501fb8d.json.gz,299355,2c5f949127797b1e228b0dc0dfd8d9485a520e3f0e88c40b44c341ca38c4c193,ignored,vendor_only_no_exact_public_file,documented_local_only
vendor/bcdatamapper/datascrapers/bc/early-learning/cache/products/blobs/374b2c6b6b12e3f54a21fbe0328a9220b100d63551b6be56687e65d7aa4f50e8.json.gz,804062,6c9c3df1f4667b7b332e835e02665fa9d4ea2f9156c9308b92460744490e6f82,ignored,vendor_only_no_exact_public_file,documented_local_only
vendor/bcdatamapper/datascrapers/bc/early-learning/cache/products/blobs/397260aefe8a56605fc1f72a71a25ef7e1ee2171086eb1c8d335c845ae59691f.json.gz,804062,0d72ea98b31d682de9560999eac28a1d23302279867686fdb1f2c4629fe53245,ignored,vendor_only_no_exact_public_file,documented_local_only
vendor/bcdatamapper/datascrapers/bc/early-learning/cache/products/blobs/3a70820c3cdf794bd7a90087e9873083a4679c9cdbafd606ad9fe26bf5c21c09.json.gz,752318,aef518492392d7e750dcd2f5c8028aed02b90c99d7c662298bc3cc4f250359bf,ignored,vendor_only_no_exact_public_file,documented_local_only
vendor/bcdatamapper/datascrapers/bc/early-learning/cache/products/blobs/3b1a71d947c68d5181516948dbcfc2e9fbf8e038cc482d20adfe7f1858c4bb29.json.gz,693436,d31dc82baad8e9a72f6cfcfaa59bf5092bcde548f07d0c8d5c580ce348e199f5,ignored,vendor_only_no_exact_public_file,documented_local_only
vendor/bcdatamapper/datascrapers/bc/early-learning/cache/products/blobs/3bcb15d68a17b21d499329e8435e8ed6920146c7ae990a0e7ba192c118021608.json.gz,997466,707e60400829fab8c73cd938d7b23aef311d09f7865b41e9edd4450ca893c17a,ignored,vendor_only_no_exact_public_file,documented_local_only
vendor/bcdatamapper/datascrapers/bc/early-learning/cache/products/blobs/3c50a758994be5ff9c89249a45debea3a71485b35602ca873e1848d275099651.json.gz,835519,cbfd9285b2211263b92594abe3a079a0360639ac98ec2e5946a928dfda2eea9b,ignored,vendor_only_no_exact_public_file,documented_local_only
vendor/bcdatamapper/datascrapers/bc/early-learning/cache/products/blobs/3cf994281a602f2f84acfb876dc85eb0b3010721d466bedf974c3b8c2ebd7a96.json.gz,997466,f8fbef9edd05d239d767d57359462b6183b7fc2d29cceb1f8269c374e184411f,ignored,vendor_only_no_exact_public_file,documented_local_only
vendor/bcdatamapper/datascrapers/bc/early-learning/cache/products/blobs/3e37f19a9db8078cbfb1caa26cafa782ee9bbf97824a92d7aceac1e4222d87fc.json.gz,9501,0369fcb3b03bd67d20fdbe6c542067b508cd185f394ec08e5a6337e7a69bcfed,ignored,vendor_only_no_exact_public_file,documented_local_only
vendor/bcdatamapper/datascrapers/bc/early-learning/cache/products/blobs/3eb2edbc42ead1282524be722efbe1cf31a9928ccf04adc9bf5f9fd949d26104.json.gz,781291,0ed0642ebea2205cae053c1738486112daff0a278d19d35a31594170ae090714,ignored,vendor_only_no_exact_public_file,documented_local_only
vendor/bcdatamapper/datascrapers/bc/early-learning/cache/products/blobs/3f14f68cb0d60946c494ee2b513003b66af9c0fd18b57a7296db7fb57508bbd7.json.gz,804045,95315d09984c93546c5104a1a855f48bfa0ebe41dc6952c77f61d4633cea3386,ignored,vendor_only_no_exact_public_file,documented_local_only
vendor/bcdatamapper/datascrapers/bc/early-learning/cache/products/blobs/411158f0968fa4be5fe3c65b66c8aa69fbbe680bf72ebbfc4797310cb0260b78.json.gz,719110,26d7e7c826079e835863250643e639bb2fa17e446e339b0e089402041dcee11d,ignored,vendor_only_no_exact_public_file,documented_local_only
vendor/bcdatamapper/datascrapers/bc/early-learning/cache/products/blobs/41d5ff5e0d3158b39cf0404f3d4686177ad18aea740c9dde2d0ae2f7d6233aff.json.gz,1268983,4d3956fc0bf015be04f897073f9f23832d77997277d781858008b1655896adfe,ignored,vendor_only_no_exact_public_file,documented_local_only
vendor/bcdatamapper/datascrapers/bc/early-learning/cache/products/blobs/4216b2b448a9f164735e6fc4be26d63cedf98abe30f74290cd8b4e5b3cde7203.json.gz,828108,838e72445c5ba5dd820b99c9eca9cf4bbce83612a99f0badf6ecafe0adc40938,ignored,vendor_only_no_exact_public_file,documented_local_only
vendor/bcdatamapper/datascrapers/bc/early-learning/cache/products/blobs/42adc50fb76fd1957294f2b0b95b01e6bbe9d7481a1c093bac1d553fe7d01912.json.gz,1595384,2efd42d917ffb7f6cf58bb6092a9a6340bd08e844e202bfbbe6add2665d8851b,ignored,vendor_only_no_exact_public_file,documented_local_only
vendor/bcdatamapper/datascrapers/bc/early-learning/cache/products/blobs/435916e9ea140cddb38805233b7fc1fcc13d3f5955ceaee5730ac72a790f519e.json.gz,5937040,937f3f33bfa1eaf22fd826ba791bad19ecee7949b9e5ea21d90cf3a968dd2c5d,ignored,vendor_only_no_exact_public_file,documented_local_only
vendor/bcdatamapper/datascrapers/bc/early-learning/cache/products/blobs/4509926d2317245b0db706cdfa1e912328d73ac8630239ff937ab2091d530cbe.json.gz,94856,273cec8d378a8cc6d2faae50b7732f7a714eb48494758a60f2bd7775159d9806,ignored,vendor_only_no_exact_public_file,documented_local_only
vendor/bcdatamapper/datascrapers/bc/early-learning/cache/products/blobs/463ee9b73d8aeeab3e50eaf7849c04632bba0a8694bdd582b49711455512e960.json.gz,781291,61092fbb1b7493434297ddfb439fd9ef4a31d39f7436b3f4a6c95acb66b58e11,ignored,vendor_only_no_exact_public_file,documented_local_only
vendor/bcdatamapper/datascrapers/bc/early-learning/cache/products/blobs/47567472f5f8ed968a3f964e7805fef3dcc6d8c1b6a5e9d58a5022a302eb5d97.json.gz,8436,725c7801028ea946691e5027c92cbded31566433ca5918cbd4efe08759ce6d0a,ignored,vendor_only_no_exact_public_file,documented_local_only
vendor/bcdatamapper/datascrapers/bc/early-learning/cache/products/blobs/477fa5e26cc67911867e387a21c8dd2ba2e8a6d8df5a5d6166a4b7d249d4d944.json.gz,997062,adcc626ed04109f2cbcf6591e70a4bcecb48a2d04558b22fb29e45399671fc2f,ignored,vendor_only_no_exact_public_file,documented_local_only
vendor/bcdatamapper/datascrapers/bc/early-learning/cache/products/blobs/47e4f7222013b16dd8acb8e09712fef75d74d67ab82d8a1898d8909d0ec060c4.json.gz,992008,8f26116f79c48df95b7ca9e2d966022e6b39d3bb948277c337a84574f0034e20,ignored,vendor_only_no_exact_public_file,documented_local_only
vendor/bcdatamapper/datascrapers/bc/early-learning/cache/products/blobs/495da33b966808ad6547b6a03204357f5459e722166fc26ae341fdd8a1383e5b.json.gz,722435,c6cd1f72eeb35d02b9c25f8b5cc1bb68bc099a96c624736ef74aebd71eef5ac6,ignored,vendor_only_no_exact_public_file,documented_local_only
vendor/bcdatamapper/datascrapers/bc/early-learning/cache/products/blobs/4a01d1f0313075bc254d57b235ed9f7ef72d8b41ba6a74af7ef5044528010b7b.json.gz,58699,9e45bab41d32ff8930fc2e9cd8f8d23058b893297012b8888f064523a1ca2614,ignored,vendor_only_no_exact_public_file,documented_local_only
vendor/bcdatamapper/datascrapers/bc/early-learning/cache/products/blobs/4b7e7a3937b1512e027529c69fb8ec24bbc6af077bb0916b67face2be0ce54d5.json.gz,3116,ff171c0a82aa9447502ccd19354f43ad093a417e501f3a5177dd70f9528ee484,ignored,vendor_only_no_exact_public_file,documented_local_only
vendor/bcdatamapper/datascrapers/bc/early-learning/cache/products/blobs/4be3a8a0e653ec6841bc4666af06134c2e20eeab7df1a1e0dea874a726f91b70.json.gz,148426,9b876be2cefca84ab08d6083994c0ac9cae48dfc869e49bc72e68a17d4bd13d4,ignored,vendor_only_no_exact_public_file,documented_local_only
vendor/bcdatamapper/datascrapers/bc/early-learning/cache/products/blobs/4df78140c6b2d86dedf0d2bd75f7b6f9ff775f73846a687dd7ef8a5b1a1344ba.json.gz,997466,9cd994b9c5af8adb20efe921b1ad6028ad98e5401210313de9b31beeb6fe1913,ignored,vendor_only_no_exact_public_file,documented_local_only
vendor/bcdatamapper/datascrapers/bc/early-learning/cache/products/blobs/4f54aa6af5f689fe9027fd78b8afe342a417780af859c03c0dbb895a14d67d1f.json.gz,804062,f8bcc83a73fb1fb4bfc3f0d0cd14fae4ba3c9e8054220625f33d77fc3f3fd154,ignored,vendor_only_no_exact_public_file,documented_local_only
vendor/bcdatamapper/datascrapers/bc/early-learning/cache/products/blobs/4f80b98c4d371bffab7a5c4168434b9c83f3279e6b0e27645861cd388527bc35.json.gz,7564127,fcb76502ede1f36bd921e30e34763ed294264d686e0454b6344412e39cf162ec,ignored,vendor_only_no_exact_public_file,documented_local_only
vendor/bcdatamapper/datascrapers/bc/early-learning/cache/products/blobs/51345aedf01dd27860dadf959817f12a9f473cc811c77972b34a0c84d60dd035.json.gz,848511,6a1303b6b2d5929be102fdef5f8bcc87f54a9deb6cc395cde5c90b5b31b5aa88,ignored,vendor_only_no_exact_public_file,documented_local_only
vendor/bcdatamapper/datascrapers/bc/early-learning/cache/products/blobs/51b893961865ebfb72801a70a6dc991b65c240b1714f146903e32eb59f488abc.json.gz,670280,406a594c1be875814f01e373fe174074079916dec720ac7dcff552d5d2654f48,ignored,vendor_only_no_exact_public_file,documented_local_only
vendor/bcdatamapper/datascrapers/bc/early-learning/cache/products/blobs/51cef0696f2bf231ea599e7890a57ab808babd8529bbc804af27bf774519309b.json.gz,771420,599c074bc8b17dcb5926f62e9e8c180f36e926e8454181e0fa5bc86c52b2b507,ignored,vendor_only_no_exact_public_file,documented_local_only
vendor/bcdatamapper/datascrapers/bc/early-learning/cache/products/blobs/52318df8801d55f1c250625238aa03df68a3b0c970929a48c88829299363a66b.json.gz,137606,d516d5a5d5d8a8802df1c50e7a00bc8e31e7f71b2298124edff83a73358a8fdc,ignored,vendor_only_no_exact_public_file,documented_local_only
vendor/bcdatamapper/datascrapers/bc/early-learning/cache/products/blobs/52fe7c9598c90b676a29f03e5a1b9742fc1b44e4b7f27865f11b07a6490fcdd0.json.gz,137606,1ed932e38a4bf5e13fac61eb0eacbd202ae75bd7ed1be6dcae1ebe310a8cd1d3,ignored,vendor_only_no_exact_public_file,documented_local_only
vendor/bcdatamapper/datascrapers/bc/early-learning/cache/products/blobs/5305bd482e446b40134c17af4e8a9ab9e5ca7d6ebee330da0aab53ada83f5f12.json.gz,3095,71348ddd4a732839b1b1095cfcd30c71331fdb40a4555a0b09d1ba2e81822ba4,ignored,vendor_only_no_exact_public_file,documented_local_only
vendor/bcdatamapper/datascrapers/bc/early-learning/cache/products/blobs/5451200506e24d9fe62bfd6c80284f74856f1d8e4b782965f52279a36fca4fe2.json.gz,96362,0f42acc39c1cd12da399a6feb40c0daa7ff62942b0031cd00fe6d11ff73779d7,ignored,vendor_only_no_exact_public_file,documented_local_only
vendor/bcdatamapper/datascrapers/bc/early-learning/cache/products/blobs/54e6aa507126cdb2645eab91b2f7a63e27791a7b690d1dfc5cd1d6951508e20a.json.gz,1268983,399cbb5b81fe15374bee7fbf24e4b00a7ffc4c9d4a2f9a4060e9a1303d9d8ed1,ignored,vendor_only_no_exact_public_file,documented_local_only
vendor/bcdatamapper/datascrapers/bc/early-learning/cache/products/blobs/557bddb4f0f29fc61190c14120983fcd2732edef5b69fd800ae3990bbbaaafac.json.gz,1600188,a0590f76e74bec97c6be409b2e0f40f00f4d5604b4ac518051a7115746a6a78d,ignored,vendor_only_no_exact_public_file,documented_local_only
vendor/bcdatamapper/datascrapers/bc/early-learning/cache/products/blobs/55db02001696bcc44a7190cc256874ceb61210693eba6aa60f9b91a0e819b925.json.gz,1369987,e142b265add73dedf093f282a1210dc83440b536bda3c62a00e1cc0126dfdb0e,ignored,vendor_only_no_exact_public_file,documented_local_only
vendor/bcdatamapper/datascrapers/bc/early-learning/cache/products/blobs/55f154cb1c872bf4d7831b3c737d6e8484d042f7a6cd9227610147347f365c33.json.gz,21101,506aae0169c70b05ff13f7abb0e7a025a9cef7d832ec80c77464ecc6eb213f87,ignored,vendor_only_no_exact_public_file,documented_local_only
vendor/bcdatamapper/datascrapers/bc/early-learning/cache/products/blobs/56b7991c838cb6f53dc9624bc6559bd49e9f9997d62b9cb1ffcbfe1c2ed5a4e0.json.gz,722462,79366f12dc0207ae74d84fd8c3181f06161dc63cea7fea037c96ee50a0faf77d,ignored,vendor_only_no_exact_public_file,documented_local_only
vendor/bcdatamapper/datascrapers/bc/early-learning/cache/products/blobs/57440ee513792dc7e89181577b35abef9fe67411a7d58c2176839c7e19f93ee8.json.gz,693582,29ee1ded32c433ed941d33cb1be4ff535ae203ab3d24c58153dafbe87c7fe6d7,ignored,vendor_only_no_exact_public_file,documented_local_only
vendor/bcdatamapper/datascrapers/bc/early-learning/cache/products/blobs/58def847c61306f0d762631cf54289f2402aadab8e2874176e1e931f3260c078.json.gz,693425,b7b20bb21a72dde611710e3e19497b30300812549c46951360791bc60275b98c,ignored,vendor_only_no_exact_public_file,documented_local_only
vendor/bcdatamapper/datascrapers/bc/early-learning/cache/products/blobs/5c1d45c8590bfead1b6e0586dcdd1e6e53ee6c877fac70e76979de7b6609ee25.json.gz,471812,171a6ecf29f7311203d9e1332a7a88b93b68c3afc21b51fe1ba242958019be51,ignored,vendor_only_no_exact_public_file,documented_local_only
vendor/bcdatamapper/datascrapers/bc/early-learning/cache/products/blobs/5c33115e0c4a1b4424bbde7cbe6fc5623c82da9ea6a245f3ab31d0bcba54f927.json.gz,803193,ff1ea564412341a8b70af0be19cb4aefa400064665049037d5ef89b4c630aa70,ignored,vendor_only_no_exact_public_file,documented_local_only
vendor/bcdatamapper/datascrapers/bc/early-learning/cache/products/blobs/5cfc6a4f17e05d17193f4157a9560adf1f562e3df36d9957312dc799a6df2855.json.gz,99740,fe680228e1c7f297eeb94214c8ac98fd78d83370076348b560a1077776d86cf3,ignored,vendor_only_no_exact_public_file,documented_local_only
vendor/bcdatamapper/datascrapers/bc/early-learning/cache/products/blobs/5d1ae78358ec31139d1f46029ea77aa93db4f091d7d4fa052b226e08c863be9a.json.gz,262056,2716b365080b29170f5ae398e2d56fe57055869feaabceb5097712a3cfa73f60,ignored,vendor_only_no_exact_public_file,documented_local_only
vendor/bcdatamapper/datascrapers/bc/early-learning/cache/products/blobs/5d56f04d08908c7bb4414a2236b938eb6d34aa3c5b6270ceeb55d86e8dcc4fdf.json.gz,1268968,836e3d7372a0f74cdaea4b19c9e142d7901d33f99ff1a2371f12faa07cbbd455,ignored,vendor_only_no_exact_public_file,documented_local_only
vendor/bcdatamapper/datascrapers/bc/early-learning/cache/products/blobs/5e1eacbc49a02b7f050d6474932454c5c89c420e861bf15fb1cec7e9d548bcc9.json.gz,299355,bf1c75a980958ae28d0a653e38d4fbc1c1de066a73140f01234fab6bcafa8129,ignored,vendor_only_no_exact_public_file,documented_local_only
vendor/bcdatamapper/datascrapers/bc/early-learning/cache/products/blobs/5ea194739ecf2980eb3417e31fc575632b4919c88c2a4d8fee60aa0adc95ea58.json.gz,1565799,dcf423c84f7e11ef0fa705544c5e77ffcdaad3d50f56d9d869a6e1c3ee1d1e17,ignored,vendor_only_no_exact_public_file,documented_local_only
vendor/bcdatamapper/datascrapers/bc/early-learning/cache/products/blobs/6041e32ab8d6268ecf86b4579ff5512c9a74f3249b55d790f70f7c6cb7683964.json.gz,781246,74928cdd8ca816d6c6b59f4ce4cfc8be6bccfe4a1fb0506e6ab631981da5d194,ignored,vendor_only_no_exact_public_file,documented_local_only
vendor/bcdatamapper/datascrapers/bc/early-learning/cache/products/blobs/615e22730e000261611caf26b193e113663f2d73380a26fc8578c43133fe3023.json.gz,685385,cfbbd27f93c20e748b281fc214a6db278950455ac27ef0bad422ed385872806d,ignored,vendor_only_no_exact_public_file,documented_local_only
vendor/bcdatamapper/datascrapers/bc/early-learning/cache/products/blobs/62a727ec5287bcaebb50c55669c19568413123249cb3d2b69b3bab01ede5dbd3.json.gz,670472,191769d5fe2b5c8f6fa4054196239b16f7ea1853b77afe9bef6764ec1892db0b,ignored,vendor_only_no_exact_public_file,documented_local_only
vendor/bcdatamapper/datascrapers/bc/early-learning/cache/products/blobs/658ea52be1285966bb609da80f05bfb9f187f139389c8329b0df4790164b016e.json.gz,1621836,890d16019010c3ac91fd400442491521bcdebe8930ab386b34eecb625aa0b5ec,ignored,vendor_only_no_exact_public_file,documented_local_only
vendor/bcdatamapper/datascrapers/bc/early-learning/cache/products/blobs/68e5dfa61dd32fac50463c352d556b578caf90eb0566dc2e38dc947e2a1f0ef1.json.gz,1600170,7c842b120940461ec31cd3c5492a386bd0cad0636673fb46bdbaf73bca8e3f6e,ignored,vendor_only_no_exact_public_file,documented_local_only
vendor/bcdatamapper/datascrapers/bc/early-learning/cache/products/blobs/6bf59a1bac201eea914bc77d2592afc6e7222ed8bdff6af36d485d4adab1f9fc.json.gz,3800,81e9abc0b338f8d27be03d8eccd0ee69ab2bd358bd6d37770fa8db2379921389,ignored,vendor_only_no_exact_public_file,documented_local_only
vendor/bcdatamapper/datascrapers/bc/early-learning/cache/products/blobs/6cdc05872e975d48b265a0b72ca63a583fc2c469ca1861aa5e4f8c883995e031.json.gz,997466,39fb3c30ee125b57e47cf72a069928222b8eeba9cd0682817adfefcf62624069,ignored,vendor_only_no_exact_public_file,documented_local_only
vendor/bcdatamapper/datascrapers/bc/early-learning/cache/products/blobs/70852cd887deeca88ff98c47941aa11e6b03696d043bcd327d3e578dfc8a3da5.json.gz,428356,e5973c6a44bb1987d00e97d90421de06e0f1311fe214ad628e6209fa9baa341b,ignored,vendor_only_no_exact_public_file,documented_local_only
vendor/bcdatamapper/datascrapers/bc/early-learning/cache/products/blobs/7453387e6f44a6bb17ed3a3a4a8735e7887c878a0fc93fe788a732f55bc7adb3.json.gz,3054,bd08c83d30ec4fadc63843bb80ef06d8450c29a2a98dbc9047e206ce45ecdb5d,ignored,vendor_only_no_exact_public_file,documented_local_only
vendor/bcdatamapper/datascrapers/bc/early-learning/cache/products/blobs/74c0ffdbf2b596472fdc6f7b6bcaf1e7ecbeeb59de55b1d52ebf80b7390292b1.json.gz,3798,52f4d91229fda0d90e6dcc79dffc939080e0042946ada81439476bc1ae352c8b,ignored,vendor_only_no_exact_public_file,documented_local_only
vendor/bcdatamapper/datascrapers/bc/early-learning/cache/products/blobs/75d1e89f3870411f44b264982c2918ed7e47d25f54037d1d0163dc339e78866c.json.gz,3068,01dab944ebd62bdacce52828c5d997a601fa613178a291f79607ffb4ddf9c9a0,ignored,vendor_only_no_exact_public_file,documented_local_only
vendor/bcdatamapper/datascrapers/bc/early-learning/cache/products/blobs/763a39e9a966e1a564590ef73f52c9a258c1e2aa5e66f6177d96e226270c8ed4.json.gz,1589958,4f47d0c080c5d92e9daa6264847785df5c5de75c0685a7e802dd68b27e315374,ignored,vendor_only_no_exact_public_file,documented_local_only
vendor/bcdatamapper/datascrapers/bc/early-learning/cache/products/blobs/797b7ed71ffe4e92a6566be84115a62c4fa2dd2cd2576f88d73b821b57c2adc7.json.gz,299355,2e94fa13aeab3bdce4c491244f4f79cba3dc9d71408be12fd879e12d366844d1,ignored,vendor_only_no_exact_public_file,documented_local_only
vendor/bcdatamapper/datascrapers/bc/early-learning/cache/products/blobs/7aaa39e5c561b01edf4e1f433fe37e68d2d2bf5527b49fd3beef22bc1d988166.json.gz,87640,dd929348309780ee385f7efa441d9d0b0ad48633a9d2274aef8af2727b7bf3d8,ignored,vendor_only_no_exact_public_file,documented_local_only
vendor/bcdatamapper/datascrapers/bc/early-learning/cache/products/blobs/7c936287e38bfadbd7550daa3ff835ff66f58cdb106329aecc53b754efc30d53.json.gz,848511,ffbef85e4243951db873858747a1665d3d83c17a861f574e9988d029a9c59d41,ignored,vendor_only_no_exact_public_file,documented_local_only
vendor/bcdatamapper/datascrapers/bc/early-learning/cache/products/blobs/7ce292df4ba977ce9286e7ef60d96a648ef316b02814fbac5c8ad41c474d0cd3.json.gz,977671,3e2bc63181ca84a2f35c22ed281ca8ed13efdedd084695cae84d7ef6e36e3c97,ignored,vendor_only_no_exact_public_file,documented_local_only
vendor/bcdatamapper/datascrapers/bc/early-learning/cache/products/blobs/7d6cd1a64c0120cd6b86e26f15dd0684d582e3c94625bb16756a556dabc6e472.json.gz,3800,87427233e63639ed13340b9822465b1510d5898bc9dd485e7e457a11005479fb,ignored,vendor_only_no_exact_public_file,documented_local_only
vendor/bcdatamapper/datascrapers/bc/early-learning/cache/products/blobs/7d9c461bef0e7a670258f77e28f76c3b1b90beae226e9ba3be009a8dfa33ec12.json.gz,613906,4d8069e71da7053cd4ebe14786bdb77624c014f0c2785b5ee15361c8a8fe1c4d,ignored,vendor_only_no_exact_public_file,documented_local_only
vendor/bcdatamapper/datascrapers/bc/early-learning/cache/products/blobs/7df59c6f273aa1c4540b065e394500b5641cd6c991a6161597bb217413d90891.json.gz,774902,1bb94540a3a7d21386847458091e88449fe1fa76ba49ae583e6f4207c9ff866f,ignored,vendor_only_no_exact_public_file,documented_local_only
vendor/bcdatamapper/datascrapers/bc/early-learning/cache/products/blobs/7dfa464aa9630122d52819d667420c75f45cc249a2e56dad8d67b4efd599fc58.json.gz,3071,366430316fb62f6ce30f798fba00877da2a8ba2ee96961dc165ec916db36df1b,ignored,vendor_only_no_exact_public_file,documented_local_only
vendor/bcdatamapper/datascrapers/bc/early-learning/cache/products/blobs/7fb764b78dcad2856d8ac4a3f3dc735e5c0763fcac7ad8c3d4123da9793bf50d.json.gz,137606,7af263367374b5d6603cb8438a69cbf1243869f70a12f98f9f45f173de9f0611,ignored,vendor_only_no_exact_public_file,documented_local_only
vendor/bcdatamapper/datascrapers/bc/early-learning/cache/products/blobs/7fdf128d699de6f00b11e18276fbc7d15ec9fc6075d50360a1885c19f483c6c3.json.gz,48572,64baadf53dd6dab1becedced9510d96c8ce34ce5f36dee7553595a9fd2ec8140,ignored,vendor_only_no_exact_public_file,documented_local_only
vendor/bcdatamapper/datascrapers/bc/early-learning/cache/products/blobs/8374372f20cc12e5855c26dbf22bd6cb616bff2296c6072407765035c71659a1.json.gz,299355,571c77f1f3a479aa409a138fb107dac2489d4f02f66ad226b36ee516be009677,ignored,vendor_only_no_exact_public_file,documented_local_only
vendor/bcdatamapper/datascrapers/bc/early-learning/cache/products/blobs/854c7a0c23f948c9201332d6cdac91521ad16a21b2350de707f587d62da6a552.json.gz,7998977,a9188edc78842b5d51054ee056942d74c76d0898e6c26844405f02fad014da1e,ignored,vendor_only_no_exact_public_file,documented_local_only
vendor/bcdatamapper/datascrapers/bc/early-learning/cache/products/blobs/860a26ef878c60228beba15eb23d5b92eb48a5e0daa5d5ff33d6ce89d474798f.json.gz,3073,eac1be8afb56c8a0512f1df70dff3cd88483c85b3209dd25b43a5caebd4fa444,ignored,vendor_only_no_exact_public_file,documented_local_only
vendor/bcdatamapper/datascrapers/bc/early-learning/cache/products/blobs/86665cd9f89b92e6adad818da9b1b863b11945e184aea44819cec880be213ca9.json.gz,299355,068e6a95a3c05d4599c995065a5b8191e424d30ff8ace2a35853cad878b64a60,ignored,vendor_only_no_exact_public_file,documented_local_only
vendor/bcdatamapper/datascrapers/bc/early-learning/cache/products/blobs/8a42e2ae857d3eb967068cafeec1a244330aad747c4e107025b8f7faaaeb6d7f.json.gz,685274,588854f51c1a704e74ba072b10a11c5450e14799a902de229d3310cfe0cbd691,ignored,vendor_only_no_exact_public_file,documented_local_only
vendor/bcdatamapper/datascrapers/bc/early-learning/cache/products/blobs/8b440a6a92090316935397a886c7a71693b895a0a2e422d510724425dfc69636.json.gz,828108,24be882caf921e0d94f627fe6da6ee7de1089418f75dd202d8b33a8e42439580,ignored,vendor_only_no_exact_public_file,documented_local_only
vendor/bcdatamapper/datascrapers/bc/early-learning/cache/products/blobs/8b925aa2fc66c80a6efdb14b8b0b13a8ccbf451e3106627acd0e347e5fcc735c.json.gz,286401,a50e37ac49f8f87250e251edbe2432b1f1d2af5d36a6b02fe902c108cb18c2a4,ignored,vendor_only_no_exact_public_file,documented_local_only
vendor/bcdatamapper/datascrapers/bc/early-learning/cache/products/blobs/8c6c7a0e7d07bd9dd1e07a6195a3b76890c867125f52458cf188f87f054589b2.json.gz,1621790,871c59e37c67ae97fcc042d88ed937aa35fafbf0b4596193a19f16594232bf10,ignored,vendor_only_no_exact_public_file,documented_local_only
vendor/bcdatamapper/datascrapers/bc/early-learning/cache/products/blobs/8c7eaa3fd90791a8fd41b3d8e60c7fa71fef9f4fd64a548c9f856f2e00fe2f68.json.gz,978151,e7d027bdd95d2dcc0a8dc5db43ab1bafb2a38f8152b28ff9a7345baca3e3a414,ignored,vendor_only_no_exact_public_file,documented_local_only
vendor/bcdatamapper/datascrapers/bc/early-learning/cache/products/blobs/94142addd68ed471be3c9e57a096b74e2e48dc2a132946d2c66eacea7d024191.json.gz,286307,d74f0504b43fe20255bca696a08f5ebd855e5f0ce011c920b44e16382566cd6b,ignored,vendor_only_no_exact_public_file,documented_local_only
vendor/bcdatamapper/datascrapers/bc/early-learning/cache/products/blobs/9533c17bfa341d7c47f476fad3d6ff0ac3815e17de39ca176c65525a1f9b27e9.json.gz,3811,731d0b39aeb446cae49a9330787c68c39ff6096a87d6040757bb145c49da628f,ignored,vendor_only_no_exact_public_file,documented_local_only
vendor/bcdatamapper/datascrapers/bc/early-learning/cache/products/blobs/95530acfde6640406cdf23811252acfa800b06b5947e71675eb220d7b6e8e576.json.gz,1251969,84682b534320ad39610bfd1bd01e4da2951e60f814219cafa297b3e632cc1d4b,ignored,vendor_only_no_exact_public_file,documented_local_only
vendor/bcdatamapper/datascrapers/bc/early-learning/cache/products/blobs/98113f8fd4132156a9692405251878ee55ed560682b2bc3bce81ecf8c8b191d3.json.gz,7855,3d9f3ea22465f80b367c1933d1ff3a722a7165630f610d89659710203f05df20,ignored,vendor_only_no_exact_public_file,documented_local_only
vendor/bcdatamapper/datascrapers/bc/early-learning/cache/products/blobs/9878b7039e91941fbbc0c61db7ef90dd88bf97a3d7d1dbcad77a1071bbaebf1f.json.gz,685276,de3a53d10296b05775037bb5eda6ec3f09844c228e0aa4b803be884874134124,ignored,vendor_only_no_exact_public_file,documented_local_only
vendor/bcdatamapper/datascrapers/bc/early-learning/cache/products/blobs/9a91b15213890974c715607637238c8f5a8dd1574c97ac8970557ba5138d34ea.json.gz,804062,c31265b987f0438613a440e8c761cd737de43cb0c18c34184a8f4c8d46057c95,ignored,vendor_only_no_exact_public_file,documented_local_only
vendor/bcdatamapper/datascrapers/bc/early-learning/cache/products/blobs/9c1eef856dc02fec9c4422099424306a425e515aba3905c207666ab999797416.json.gz,1386829,d4d1d3ae399bda42c755810bd2c199c7e70f1a889ddc2cfdbd865057655192e2,ignored,vendor_only_no_exact_public_file,documented_local_only
vendor/bcdatamapper/datascrapers/bc/early-learning/cache/products/blobs/9c7af4a9eb563d2c059cd815203b706bb22cabb956675bef9b395d0aba1ad2cc.json.gz,59076,4c9680077b05c1eb3b2a53d4617e27dd089ee3d7e6b997587755e7af26d612f5,ignored,vendor_only_no_exact_public_file,documented_local_only
vendor/bcdatamapper/datascrapers/bc/early-learning/cache/products/blobs/9dc710c02d425842be23d4841c8d5eafaac9aa11065a6144228512fcba67907c.json.gz,3130,9b76e5db1d9338345a7525fcf7639ae092bd8237e8d8fdb8fde806959977f0de,ignored,vendor_only_no_exact_public_file,documented_local_only
vendor/bcdatamapper/datascrapers/bc/early-learning/cache/products/blobs/9e93adf433d25e5e5cf9b1e58a261b4824ea7d727eab8d384d77f91a1e8a77ee.json.gz,20968,67e72dc8a2cdb07463a20688b3fc3b8f2d7b1f009a53b2eaa81ad91b7280c49a,ignored,vendor_only_no_exact_public_file,documented_local_only
vendor/bcdatamapper/datascrapers/bc/early-learning/cache/products/blobs/a299d8cec30a8d5a1a31d88404828f5cb69d13d75e37e5b98c449785bfcf4887.json.gz,23706,de8ee5ce0be4595027c44fe41890445b22120a695cf61c637c4b7553f039891a,ignored,vendor_only_no_exact_public_file,documented_local_only
vendor/bcdatamapper/datascrapers/bc/early-learning/cache/products/blobs/a2e72ce1461604d4a34ec45129b2b5d1e287b9868ab6e66e496dda23a6dabb35.json.gz,205078,4e3a631625a20a9bfceba49bf84de6586e647a76f4f0e9a1e37acffa6e2bd495,ignored,vendor_only_no_exact_public_file,documented_local_only
vendor/bcdatamapper/datascrapers/bc/early-learning/cache/products/blobs/a3a3c876cce4d823b5926f607c4e37866888ea68fecbbb4e56539f20a685da27.json.gz,3117,d28e8afd4d2a5121c743d38637b4f854a1f0c3c431b7a1b1426a6afb44f7499d,ignored,vendor_only_no_exact_public_file,documented_local_only
vendor/bcdatamapper/datascrapers/bc/early-learning/cache/products/blobs/a71a116eb3450bab3fb9f6503dd0a75218f675f42d7a4917a8934770d2890d87.json.gz,1936,bd5df82a821f784df483f15916706fa7e688f27874d4e92465e22c99a149e11c,ignored,vendor_only_no_exact_public_file,documented_local_only
vendor/bcdatamapper/datascrapers/bc/early-learning/cache/products/blobs/a7328548aafce20d5683d3542a9830927b6ea4588aed7d9a26c9edf94178e42b.json.gz,687714,eb35a5a5d2c91c763d459237d3664294ec1a3db38aa937e33d9e15bedb3fd0bd,ignored,vendor_only_no_exact_public_file,documented_local_only
vendor/bcdatamapper/datascrapers/bc/early-learning/cache/products/blobs/a86a5d4df09a6ece1be2746fd0948fee1833461fef63999c162fcdc395b0027d.json.gz,1600212,697f9ca1a992eba75499ff67dc47766a0e29367964387038f9887a19c635c189,ignored,vendor_only_no_exact_public_file,documented_local_only
vendor/bcdatamapper/datascrapers/bc/early-learning/cache/products/blobs/a87fe7a920208d7d421c609d16e2b3669f68191d6a784f4cdc8365497030f4e9.json.gz,482684,b615a1c83321d174bcc307d88dec319bd3b6193085867c8299609dbd38a843ee,ignored,vendor_only_no_exact_public_file,documented_local_only
vendor/bcdatamapper/datascrapers/bc/early-learning/cache/products/blobs/a88ec2b005e9202cf6024c0c32ecb281bf1b6cc148dd774dbe483e8a2104c4f3.json.gz,6442349,c3951e730e1c3b5f399740e428218099ed4e20d8fa78a1ff4b1cd70f29a3d353,ignored,vendor_only_no_exact_public_file,documented_local_only
vendor/bcdatamapper/datascrapers/bc/early-learning/cache/products/blobs/ac9c274656881d6ebae2ede92ec1e49ad62d568fbf1292b22d9e75e43c5094c5.json.gz,1251969,7c08e94dc57b31a5b6d4fdd0720aef4df94b351c8c6e84371266848727281dc6,ignored,vendor_only_no_exact_public_file,documented_local_only
vendor/bcdatamapper/datascrapers/bc/early-learning/cache/products/blobs/ace34dbab620ab98e83d526b1609325c28fa958cb1de7f87a264458d8946fb67.json.gz,1621836,fbd83269a22946ef70465838a7aabe9d372d432a96f5e87598524d9f5ab881e7,ignored,vendor_only_no_exact_public_file,documented_local_only
vendor/bcdatamapper/datascrapers/bc/early-learning/cache/products/blobs/ad05a90044db9f65c5c1930c3992c08ef5d12e45c4db39d1478fa783eb6d7809.json.gz,388314,f8ae4b3db2dcf6d7edf31a67fc3a2c11d6a8fac53788c2efb26d8565996903b9,ignored,vendor_only_no_exact_public_file,documented_local_only
vendor/bcdatamapper/datascrapers/bc/early-learning/cache/products/blobs/adb3d9fa1d381093f6a39f72e7e02477a85e060464476a57d333461729973278.json.gz,1605570,22797da3f704f48a3dbddfa8be205146c42af858e59f16ed3c312f20d4763b3d,ignored,vendor_only_no_exact_public_file,documented_local_only
vendor/bcdatamapper/datascrapers/bc/early-learning/cache/products/blobs/af7b1799d15d8b10e45ed14b5735f1dfeb11d94e056ecae275c588b0adc1c95d.json.gz,543502,aafdc7ba2b3e3262185786c502246fe693927fe0bca3742f3705aca5fe9c42c6,ignored,vendor_only_no_exact_public_file,documented_local_only
vendor/bcdatamapper/datascrapers/bc/early-learning/cache/products/blobs/b01c1c43b942603cad11c63cc8bfbcd90aac5bad9b1372e91ee5366e88ed9c3b.json.gz,22996,3c6e745109c5e3740ddfdf904af189cc78dc7d2029ed63ffda2bd6caab36f061,ignored,vendor_only_no_exact_public_file,documented_local_only
vendor/bcdatamapper/datascrapers/bc/early-learning/cache/products/blobs/b11e71f94f6438037321a3f5c3aeb99f19e18863f68c913e8638819366f89670.json.gz,2492,2c59671ee1c41aa243f0c94249b74997f61703725361bff102771c2ea092028c,ignored,vendor_only_no_exact_public_file,documented_local_only
vendor/bcdatamapper/datascrapers/bc/early-learning/cache/products/blobs/b14097b452e101d664840c7846e53e37bcaa08aa199dc4fed252246fd5497256.json.gz,137606,8fc74b8e61ef31c9cf7b9be403c803049580ba9655a1d95a55df21a7d352d4ef,ignored,vendor_only_no_exact_public_file,documented_local_only
vendor/bcdatamapper/datascrapers/bc/early-learning/cache/products/blobs/b19f3c857f7d0d8b509e5a2ddfd302ae76142cc46e53117a0e0ca2763b8a7d44.json.gz,848511,0215f6e26cea2b6d52753ecfffbc1419803692a4f21bea2cd9ee5cc7b85d6a5e,ignored,vendor_only_no_exact_public_file,documented_local_only
vendor/bcdatamapper/datascrapers/bc/early-learning/cache/products/blobs/b1b15456c9de7b203c62a12b272995576d962ac758d95fc9f75d155e7ca38e9a.json.gz,3812,f82522c17d805748ba2558dcf02c63eff218c973b3732635224f81c2a60a167f,ignored,vendor_only_no_exact_public_file,documented_local_only
vendor/bcdatamapper/datascrapers/bc/early-learning/cache/products/blobs/b1b2c6db8beb168f99ecd77cc23a401352d0808090471202189b0e5921ed2e39.json.gz,1621836,2d5e43e6ba6615f920a8b3e3eb3188ca9f6ab003845550510253e2a3c4ae0074,ignored,vendor_only_no_exact_public_file,documented_local_only
vendor/bcdatamapper/datascrapers/bc/early-learning/cache/products/blobs/b26cf82868c5ec00424867e557e5c268afacbaa0839277b567058bdedc23ddc1.json.gz,710230,14eb4a575e23c86088c471d45be5ed09febccd64aba192c0d157e8f24ee1a36a,ignored,vendor_only_no_exact_public_file,documented_local_only
vendor/bcdatamapper/datascrapers/bc/early-learning/cache/products/blobs/b41edfe977d3a7ca0b04596ed340d45c6c3f2a427c8a8516dc0701c6b4f9eb10.json.gz,1246729,ca7b0dffc8085fafbbd9fb05f7193f2cf52df63128b89cc7279381d1c88c2b95,ignored,vendor_only_no_exact_public_file,documented_local_only
vendor/bcdatamapper/datascrapers/bc/early-learning/cache/products/blobs/b5c8ca8630e5ed7aad112660b49d276d57d2626b747b8ecbe54ebf36a09b4a84.json.gz,706919,4f30a1b00fce6f601975b9571377278340af905330e8dd6362d3be3ed4bad4d4,ignored,vendor_only_no_exact_public_file,documented_local_only
vendor/bcdatamapper/datascrapers/bc/early-learning/cache/products/blobs/b6340153a342416bea811bfffeb4e6f5ffb8747f9a661e7e638504e6006fcbbb.json.gz,7998977,5a1a4ca017d225b04adbb1c54d135b152fe3ebc47af7b7346050d06575eb2957,ignored,vendor_only_no_exact_public_file,documented_local_only
vendor/bcdatamapper/datascrapers/bc/early-learning/cache/products/blobs/b69e50e7a617140fbbdf47855d63ae5e8c282f3aede9f47e13b15b80b480e684.json.gz,3096,5f41c93e3ec735cea2548672f0d5661865fd00e2b409317c74bb2e80299ce500,ignored,vendor_only_no_exact_public_file,documented_local_only
vendor/bcdatamapper/datascrapers/bc/early-learning/cache/products/blobs/b7bc9c1eb71f0d67abd1bb448f85c11f1b4d927e1b9b9e95f4d50766e338a36a.json.gz,997466,98493ac53c722676d638eba3e50e9aa11893fb2480e152828913b3a2cb4c26df,ignored,vendor_only_no_exact_public_file,documented_local_only
vendor/bcdatamapper/datascrapers/bc/early-learning/cache/products/blobs/b981f0d97e169c2591be0ca02a409168de5fdfa38b1054b8868872249d428b59.json.gz,137151,70bc5bafb0ad1bf2d4145e9d2b46d59bcb23f577c3f2d9e154d7a27f05838450,ignored,vendor_only_no_exact_public_file,documented_local_only
vendor/bcdatamapper/datascrapers/bc/early-learning/cache/products/blobs/b9f803b085de00d15ac40bd398cf387ffc384354c1f73db5d352d787c518821b.json.gz,137606,c2f7b2638db3cf9d9a1c63c2635125837adef22029e027633331f21835d4c209,ignored,vendor_only_no_exact_public_file,documented_local_only
vendor/bcdatamapper/datascrapers/bc/early-learning/cache/products/blobs/bab9231739926ef8e2b010d3d99cf9772699dddc8b6cefc4515483cfb20fa76e.json.gz,691005,8c23a95a8cf7f2ef33ecf41cf5e9af13fe20f59aa64dd30eb1202b339887b490,ignored,vendor_only_no_exact_public_file,documented_local_only
vendor/bcdatamapper/datascrapers/bc/early-learning/cache/products/blobs/bb5e573dbeccede0cf50c6698eb1460d4357741d5193c10090673c51272b31b9.json.gz,34617,a2b9a9151cad7f70552faaadaec3995719b55221d1b99132c4c7414c33219f12,ignored,vendor_only_no_exact_public_file,documented_local_only
vendor/bcdatamapper/datascrapers/bc/early-learning/cache/products/blobs/bd597ae13958863d6000796d655c2711acbbb87fe7c03d31a5581cd1a43ac78b.json.gz,172980,97dc1f9ba6b44b357f907245d8da35feb4228af91c90f3c58c00988840e36ca6,ignored,vendor_only_no_exact_public_file,documented_local_only
vendor/bcdatamapper/datascrapers/bc/early-learning/cache/products/blobs/bd5b91a1e82444d80fde13f71c5b373c894e67282bc514a05287c5952d8a6c3e.json.gz,939971,2848aa840b08e52c35d2773fb3c535661b03b9fedd1e4af37533e4021e79e46b,ignored,vendor_only_no_exact_public_file,documented_local_only
vendor/bcdatamapper/datascrapers/bc/early-learning/cache/products/blobs/bf863a32d3e520bb4e8b6e242ae6a6f0c711e5290b8a479da71038af5249bb21.json.gz,613920,c289e1a0762bb338658c5ec9422ccbb5ac9dc214efef0d2755c2650056e47ef7,ignored,vendor_only_no_exact_public_file,documented_local_only
vendor/bcdatamapper/datascrapers/bc/early-learning/cache/products/blobs/c02321e130413ed199827ad03572458c48208fbbc17089ed4d0e4372d9e05b06.json.gz,1251955,40b259bd8efdbf8bcffd464348fa701030a069af6362d7844e43b3d5834e9ce1,ignored,vendor_only_no_exact_public_file,documented_local_only
vendor/bcdatamapper/datascrapers/bc/early-learning/cache/products/blobs/c091848ca06cfbf7fae4fb040b96c9cbdd50866163fae1432d7cbe810f10155b.json.gz,777776,0452487cd0265026d5cc7f5e5943764a5cbf839c08f7e980ed450c2b9af1acf0,ignored,vendor_only_no_exact_public_file,documented_local_only
vendor/bcdatamapper/datascrapers/bc/early-learning/cache/products/blobs/c1d49585effd97677dcadc14f57d9f8b6448e88c3fe56a15eaa80bd62a0254fa.json.gz,162788,d5b8247dd49b31a9f97a3a0d0082e19c9af0377e5e0628b4157dfe183034e259,ignored,vendor_only_no_exact_public_file,documented_local_only
vendor/bcdatamapper/datascrapers/bc/early-learning/cache/products/blobs/c4a7ef0786606ef0b60b29c7f739bd7b509a576a6762d622421a4831660f0e7d.json.gz,3093,3aa21ae5ba2127ae9df882947ab423743dfb5e58357f307fc8a25e270dadcab8,ignored,vendor_only_no_exact_public_file,documented_local_only
vendor/bcdatamapper/datascrapers/bc/early-learning/cache/products/blobs/c56f3053690b5a9bb887862d444238995f1c3f3445de12d40c45a445e7a74f62.json.gz,308140,b68e5c5746bed2c221cff157cf3f28a3c921508cb1ed8d0e250f16974678aeb3,ignored,vendor_only_no_exact_public_file,documented_local_only
vendor/bcdatamapper/datascrapers/bc/early-learning/cache/products/blobs/c57f53ca4948315f67f133cfb613513f12b72d88ffa5623e581a7a92b52adcf1.json.gz,855880,20a7de61c19cecd50f6aef5f675f6821ccbc423e8127504c39a7b2dee7ccc4a5,ignored,vendor_only_no_exact_public_file,documented_local_only
vendor/bcdatamapper/datascrapers/bc/early-learning/cache/products/blobs/c5c6e6fd29fc67c0874b253f1d5dbbd123974f95e54d57d7b38db2c5826415a2.json.gz,5937425,20cad8cb503bcd865e63cb9998bab0399699db463005059695a17d60790eaa6b,ignored,vendor_only_no_exact_public_file,documented_local_only
vendor/bcdatamapper/datascrapers/bc/early-learning/cache/products/blobs/c6c8fc88b7244ce584c74c45459a3926009ce0a843828833cce11fd30d7cd42a.json.gz,5937424,184185be2a691e34a76b048dc6e12557a426865a04e5eef88c34b21ccb6cc0bc,ignored,vendor_only_no_exact_public_file,documented_local_only
vendor/bcdatamapper/datascrapers/bc/early-learning/cache/products/blobs/c7d05a3bd19e614e8c524fdaa23f2ce356d5fb0bbfd66a8568e0f0d2a017043a.json.gz,6441438,06971ce7f49d90c2ee06a1e747b7fa7dd560d7b27aef509a091a9e0c43fb18e4,ignored,vendor_only_no_exact_public_file,documented_local_only
vendor/bcdatamapper/datascrapers/bc/early-learning/cache/products/blobs/c8cf54511944db42ec7c2018564c985dca95c2454f43af1eb8e91b0269d6633a.json.gz,77756,1030d18f507b42f5c7100a53ebf38fdb9d395b9fdb621c6c0d99fac590525af3,ignored,vendor_only_no_exact_public_file,documented_local_only
vendor/bcdatamapper/datascrapers/bc/early-learning/cache/products/blobs/cadc5020ad7653701eae3c28327d42b4a4695c81200926c30fb905b53fc92145.json.gz,6442349,5037bfe8a8173b3d179f77bef8783697a33b51fca4ec78ef78f24cf694510347,ignored,vendor_only_no_exact_public_file,documented_local_only
vendor/bcdatamapper/datascrapers/bc/early-learning/cache/products/blobs/cbe60feed401000153782521daa86a9ca31ae6fab83df9e8e18c3f0e661727a6.json.gz,1580475,4c17b7fb60e593390700e77be5413bc2f2580628f2e11aa355d36d760f25a09b,ignored,vendor_only_no_exact_public_file,documented_local_only
vendor/bcdatamapper/datascrapers/bc/early-learning/cache/products/blobs/cd034b108675450c7b18397f7106a9f3300c8f183f60c3cee182dd05755f1cdc.json.gz,1251969,701d901e2bab3b0ecb0c78136ab24986d803c2fc74d39cebb7fd65113e018b8a,ignored,vendor_only_no_exact_public_file,documented_local_only
vendor/bcdatamapper/datascrapers/bc/early-learning/cache/products/blobs/cd50be7cb7f97035270e2e605c58cab43426092215c724e5642ff65e510d0812.json.gz,299355,170bc097eef4f2ce27397c8c44e96e042e9ea2e67c05ba8a5f20664d4e23cd5b,ignored,vendor_only_no_exact_public_file,documented_local_only
vendor/bcdatamapper/datascrapers/bc/early-learning/cache/products/blobs/d0869620b102fc79d7a92519dcfaa0990304089ec9c26e13b45bdc1b376a39e5.json.gz,23564,7bc004bed39a072f711f3f6ad9fbaa495c12a2cd799804c0a61fb144d5450eb3,ignored,vendor_only_no_exact_public_file,documented_local_only
vendor/bcdatamapper/datascrapers/bc/early-learning/cache/products/blobs/d098bdb1d457bf064b96b04a7340f0e5318d085a2cfe9b39c64f3441073bc13a.json.gz,3105,eceb5469122c39039ed9358861d9feba9c456d9e18152353a2a1c854ec92a234,ignored,vendor_only_no_exact_public_file,documented_local_only
vendor/bcdatamapper/datascrapers/bc/early-learning/cache/products/blobs/d13cf837ff5c36fa658cc866c2ccd8301d78a8ea8d1e6b6bc6dde829abd92a10.json.gz,997466,d104d7842b8149d1f5ffffc0b363389795eb8482ffd9f52cab933617001e819b,ignored,vendor_only_no_exact_public_file,documented_local_only
vendor/bcdatamapper/datascrapers/bc/early-learning/cache/products/blobs/d303c0686f7e65fec1547f5e5c316fcd3e53a3d619f87cae65736ef79b062436.json.gz,3115,aaf1fa161221ac560893472fd683f2be3be75f9d3c95eff8ae138c66e86b4f52,ignored,vendor_only_no_exact_public_file,documented_local_only
vendor/bcdatamapper/datascrapers/bc/early-learning/cache/products/blobs/d365a2dcde2a1306bdc65b4209ff5d858be9302334df6e596e8cbad65f24baca.json.gz,3060,4a8d86fa0c0c7fa62e291ce378a09fe4b265c467af30a72d2a70bba5c1e8d109,ignored,vendor_only_no_exact_public_file,documented_local_only
vendor/bcdatamapper/datascrapers/bc/early-learning/cache/products/blobs/d5aeb1ad4ea6452db36fba57b80ac555400386352a6d75afa2780a59473e4005.json.gz,1611478,4c44e569d5907703b9f393f2bb77675c1582d1026beee760af7499c01b44363b,ignored,vendor_only_no_exact_public_file,documented_local_only
vendor/bcdatamapper/datascrapers/bc/early-learning/cache/products/blobs/d69f596f227ae571bd4ff311856a64a44ddc96616d112491e57f80a3d2f59ac8.json.gz,15113,a0f0348880a987ccf296e8a350e0dc5dc1acce1caa533ac37101a5e887681c50,ignored,vendor_only_no_exact_public_file,documented_local_only
vendor/bcdatamapper/datascrapers/bc/early-learning/cache/products/blobs/d799741f1b11e0a6594266d16a2f4fdfbb539fc0d1c8232cf4d9e299893950eb.json.gz,27922,a6501bbee083d3559eb1042ca2da9c53c22b286d4bfb90dbf977e03f50f604a5,ignored,vendor_only_no_exact_public_file,documented_local_only
vendor/bcdatamapper/datascrapers/bc/early-learning/cache/products/blobs/d82e91c03c024b7aff3cf7a7a7df0c67838550ab48d87eae9b9f4132cf7c8909.json.gz,997451,e82065826eaf9abfc128108f3e0398a90ab9b88924ebccd5c0d7052038c5198e,ignored,vendor_only_no_exact_public_file,documented_local_only
vendor/bcdatamapper/datascrapers/bc/early-learning/cache/products/blobs/d832f3c0692df3a0ec66cd426c1614f05dcfaa2d76bc0fdab8a8031c94d1da99.json.gz,137606,da30deb38ffb6b8bc1635fb941f22bf7eaf3bee1d2b6828b716b01a0d7746b08,ignored,vendor_only_no_exact_public_file,documented_local_only
vendor/bcdatamapper/datascrapers/bc/early-learning/cache/products/blobs/da2500b4da5b94a14040693cf4c93e3e57259ce7de1cf226438a4ee58d23fb7d.json.gz,552472,d54de3a8618bc061bff554e62df3079bd308ab36b5df301623d77b5020d3a8f1,ignored,vendor_only_no_exact_public_file,documented_local_only
vendor/bcdatamapper/datascrapers/bc/early-learning/cache/products/blobs/dab6885fb61e91fd3231446236651a78d5dc2946033488a92d6c5ce90d350e44.json.gz,1268983,b68ee813abc52d2eadf0d9b77de257bb7a4a8411ad04f3e0048197df63eb310e,ignored,vendor_only_no_exact_public_file,documented_local_only
vendor/bcdatamapper/datascrapers/bc/early-learning/cache/products/blobs/dd0c79eb714cbdc3d727d780983e75f597af7bd8460e0f7621f5e2c7a4ce647f.json.gz,848863,0ab13c7fc5632d7f5a843f60ccfd5bda722c4c1ce27474e61e293a65c4f71c38,ignored,vendor_only_no_exact_public_file,documented_local_only
vendor/bcdatamapper/datascrapers/bc/early-learning/cache/products/blobs/e19ba4a09d861403c57cc1a408323934be2b5fbdeb3521f33c62aee572a1fd96.json.gz,348200,8efa166374c4a41f464c80e7a89e456a2d8f733752ced5a2d76a6c1342801d30,ignored,vendor_only_no_exact_public_file,documented_local_only
vendor/bcdatamapper/datascrapers/bc/early-learning/cache/products/blobs/e27c89ad15b9969aeca4859f04518b13ca5f1b029a215e053550c20b1880f350.json.gz,299355,eb9ce8246939f6295afc5f6cd90ecf61879357b79d81c7b53560cdb595f5e724,ignored,vendor_only_no_exact_public_file,documented_local_only
vendor/bcdatamapper/datascrapers/bc/early-learning/cache/products/blobs/e39e251c4f07dc8def8cb2985654f0154414a4005ef92dbcd5bbe231b94a8b55.json.gz,28118,76dd60617539050efab9a1e76471b1df18068b4a891c6fda5da85ff5a7685187,ignored,vendor_only_no_exact_public_file,documented_local_only
vendor/bcdatamapper/datascrapers/bc/early-learning/cache/products/blobs/e41d02f08fdc4bbf3cb1bd5b1b12acd0ceea7ff339d0ed79c67a2d8f434d7904.json.gz,203762,826e43537f793be5456d790a7a93d4d147e070b1d79994c1d825d0a9671d1600,ignored,vendor_only_no_exact_public_file,documented_local_only
vendor/bcdatamapper/datascrapers/bc/early-learning/cache/products/blobs/e4b976eca83bd2b87988b6e57fd9a0398f1f3f5973ef083e6d465bbcce121774.json.gz,1251969,f222c06ca9fcee5d01b162b50492e8c2b5121195e5dc1cbbf550a16c0d31a33f,ignored,vendor_only_no_exact_public_file,documented_local_only
vendor/bcdatamapper/datascrapers/bc/early-learning/cache/products/blobs/e4e17fc23bcef9ddf7b0dcbe5f1cda7d39b895dbe50ef0fc27bb55b7d296f82d.json.gz,722450,5a279287800b4cb9857f0c7aedcc704f41ebd25f334869a3beb6b5c3920dd1a5,ignored,vendor_only_no_exact_public_file,documented_local_only
vendor/bcdatamapper/datascrapers/bc/early-learning/cache/products/blobs/e51817d41300e00a137225aef846c050bae091dc4df7bc63a47ecf9f5dfe3ccc.json.gz,934030,3956d264fe6203f78d3715fc48a39f7da61530dcfec3160ad2b9c3178386f77b,ignored,vendor_only_no_exact_public_file,documented_local_only
vendor/bcdatamapper/datascrapers/bc/early-learning/cache/products/blobs/e63177c96941616930507b863b30e3c09f1e957f1b555921a82977fa9891b093.json.gz,3103,aa97c8479ab480dbdd023dd2101cfa45008757ebc3711f1082954d5f6b09842e,ignored,vendor_only_no_exact_public_file,documented_local_only
vendor/bcdatamapper/datascrapers/bc/early-learning/cache/products/blobs/e6b4d4cb5d6b1400a1d2462da1a3db58eff38756663d8f0a51344b50e59e7d36.json.gz,752300,8242c023d0592e70751f054e126364b280c5f09398189346fc253363d0342c7a,ignored,vendor_only_no_exact_public_file,documented_local_only
vendor/bcdatamapper/datascrapers/bc/early-learning/cache/products/blobs/e7c782b65d0fb2edc33015df5191955d4a51c09a47840d9adc28e398d9ab8d67.json.gz,299340,dc48835b2f9f8129c7584d181b695079256fa11f5837335255d4f30472f6b3c2,ignored,vendor_only_no_exact_public_file,documented_local_only
vendor/bcdatamapper/datascrapers/bc/early-learning/cache/products/blobs/e957f0c8cea42192fbe32ccef045992917c363841ef88643502e2d34eb688245.json.gz,79485,fdb1d327cdfbb3cdb95661187e8442203a091bb2a75b665620fd02a1a87b6186,ignored,vendor_only_no_exact_public_file,documented_local_only
vendor/bcdatamapper/datascrapers/bc/early-learning/cache/products/blobs/eb2b5a926ae3d9d12441b58b8ee271f77f3b07cf1996cf4fdfa4dfe4f4029a98.json.gz,546563,0fb4634fed5fdd9524f606b4e561ece62781c8e990644e8bfee7a5993f58df3d,ignored,vendor_only_no_exact_public_file,documented_local_only
vendor/bcdatamapper/datascrapers/bc/early-learning/cache/products/blobs/eb35d901d2033ec24481de75ba3c41b468d730503445907b061d0d580cd8052b.json.gz,1268968,4ecf657de16f964dbd99198a7f6f5089f1895985a5b0e9368fd14c87e46397bf,ignored,vendor_only_no_exact_public_file,documented_local_only
vendor/bcdatamapper/datascrapers/bc/early-learning/cache/products/blobs/eb95176b4061f3e5f592d7dacd1194b09d75e6faf372ba54058290b8b2cc3afb.json.gz,804062,355b8c78ae69af70a9158d7de340182c1d1948a0c9ff814f3e060091a0e7054a,ignored,vendor_only_no_exact_public_file,documented_local_only
vendor/bcdatamapper/datascrapers/bc/early-learning/cache/products/blobs/ee096bae34527eb5cf5cdd604c24bf77aa767b93903a045bdf3440ccb2e77cc0.json.gz,112147,631cfb5e0a2311c3014eb4bff58cb51ecda2f9576f21c73c4b4aaf73531532e9,ignored,vendor_only_no_exact_public_file,documented_local_only
vendor/bcdatamapper/datascrapers/bc/early-learning/cache/products/blobs/ee7332a88136a1d73da3bedb81e08076ece9918e96f43c4b113575dcadc28069.json.gz,892633,dcbc57d6c77009e8e29200a6f0ccf80bb5a67940f57ff0860867423941336023,ignored,vendor_only_no_exact_public_file,documented_local_only
vendor/bcdatamapper/datascrapers/bc/early-learning/cache/products/blobs/eeb311201bc8363aecd7ccc485af5ec5bd20a44232c4471afd33e7d59fcc5316.json.gz,298367,d9b28f8506a137b09dfe4c0219c0224385031ff83549b2c8ebdaadf8c6607135,ignored,vendor_only_no_exact_public_file,documented_local_only
vendor/bcdatamapper/datascrapers/bc/early-learning/cache/products/blobs/f1b264c0d258a14520ef99f95ec0bef3a5b6e95ee4e9db91a229bb36c8b57556.json.gz,297856,9965da1765159bec1151329c6b7ab604f6ba042a24a78df804e430c615ff956c,ignored,vendor_only_no_exact_public_file,documented_local_only
vendor/bcdatamapper/datascrapers/bc/early-learning/cache/products/blobs/f3366634fb55617f4ad50f3b6778eeedb0107271c9845c609c3c5e91032337a8.json.gz,64433,fa7b6926e3ad44003802249f4acb3bd9ea22fedd0e3eb62134b8d3f58d3e8e12,ignored,vendor_only_no_exact_public_file,documented_local_only
vendor/bcdatamapper/datascrapers/bc/early-learning/cache/products/blobs/f63ab9ed71ac71792d853fc684dadc41bfcc46d70a38bf5888348ab523c35e97.json.gz,1546711,637f94ae9352cd9e841b4773b048921f14e74057c985ebde8a0a94da076e1239,ignored,vendor_only_no_exact_public_file,documented_local_only
vendor/bcdatamapper/datascrapers/bc/early-learning/cache/products/blobs/f78fe0e925feeb8075b2abffb464bc70ffa2ca1aaebf5a8a710994296e4a920d.json.gz,997466,bfcdf820057a2d7db97b70c0e1c29d3b79d036f9c76f9a263bede8cfef4690b2,ignored,vendor_only_no_exact_public_file,documented_local_only
vendor/bcdatamapper/datascrapers/bc/early-learning/cache/products/blobs/f7c7b1f3779cd7fa94f5eba1e55f1a41c0f8a5f296b954458c4711b22933ba59.json.gz,3055,22a5c6ba89040ad102d52aab73be3faafbf500838fa6758e015feead589751b2,ignored,vendor_only_no_exact_public_file,documented_local_only
vendor/bcdatamapper/datascrapers/bc/early-learning/cache/products/blobs/f8a4fb1167d30070157d602725db547afe6f0bc91e57f8db24d29063387d2ae8.json.gz,7985240,dfbe5c89068c36cafe4824bfc7e37ce9fc6e4866d5702b77a7393dc9be4b5195,ignored,vendor_only_no_exact_public_file,documented_local_only
vendor/bcdatamapper/datascrapers/bc/early-learning/cache/products/blobs/f9b2c2b8b897504ae54d57e0eaf3108c1ddf1af9705dfa5b49b227f95457e838.json.gz,490035,9154df69fbe0efa2a2487654410c5fd3479878f107e748e1ecbafdacd592dba5,ignored,vendor_only_no_exact_public_file,documented_local_only
vendor/bcdatamapper/datascrapers/bc/early-learning/cache/products/blobs/fa4230c773a9def649911f15f5ce894a55b4fc7c826161aa5868bd81fa77395e.json.gz,7567887,6db97b6f540ea1154fdae609d2f31d441d710edcb47539d12029414292be88da,ignored,vendor_only_no_exact_public_file,documented_local_only
vendor/bcdatamapper/datascrapers/bc/early-learning/cache/products/blobs/fba97d91535fe9e80603e18064ff8d80bc8a6721d797f12cb9c196ed4680558b.json.gz,3808,3283501b28ffd19f6f0560bb0efef5fcea737e6e4f03c697a505a9b7b48ac6ea,ignored,vendor_only_no_exact_public_file,documented_local_only
vendor/bcdatamapper/datascrapers/bc/early-learning/cache/products/blobs/fc58201ae410ddfcbdf7090111daeface8038d64c77d6820ff8fad766e84371d.json.gz,203591,2198105c732647fbaba3746318ea76582d233b464ff63e679a7681f3c87a6e2a,ignored,vendor_only_no_exact_public_file,documented_local_only
vendor/bcdatamapper/datascrapers/bc/early-learning/cache/products/blobs/fec5fe36998199f635dba3c9070ab27bad3f112a5980f74a9cf5372f7f18d336.json.gz,687302,72c81d24a95cbb47f785e296eae348700c0c74f7a3629fa5a07912ec982c6b46,ignored,vendor_only_no_exact_public_file,documented_local_only
vendor/bcdatamapper/datascrapers/bc/early-learning/cache/products/blobs/fecf32de25ad835958e1db22b4c3d6f2a7e60479d8cfa2c81a98e273017d6443.json.gz,7567887,1986e226d27c06c8eb1f740159d944dcef694ad2ae5de576f990869dd3f890e6,ignored,vendor_only_no_exact_public_file,documented_local_only
vendor/bcdatamapper/datascrapers/bc/early-learning/cache/products/blobs/fef89ec9d1980182899da2702e77ab6ea2edecad91b1226b449f5a667e38bff0.json.gz,804062,57c86cb1c263c5de99613ca05fb68aaa805a467b805411506812cd44b60a1e8a,ignored,vendor_only_no_exact_public_file,documented_local_only
vendor/bcdatamapper/datascrapers/bc/early-learning/cache/products/blobs/ff64aefc1b66c933a5e0105b9ad4f91de3e4e0a156aa983b4e7d3bacea037b5d.json.gz,107307,d8c147139623925d14c142be5e07a33cb81f8f9be9d3b1927e8018e9e86c6278,ignored,vendor_only_no_exact_public_file,documented_local_only
vendor/bcdatamapper/datascrapers/bc/early-learning/cache/products/latest.json,267320,3bf6df13cfb0b5cab256ce049b9a206be98f5ccb4fab11b6960f9456e5fd9fc5,ignored,vendor_only_no_exact_public_file,documented_local_only
vendor/bcdatamapper/datascrapers/bc/early-learning/cache/products/releases/1194962f121268042d70b918eec25bfc76573a0cbb4c14c88c79cacc57c566aa.json,97334,1b04979abe186defd6e7b55d81aa914e29fb103af66cc213d295223b291f7432,ignored,vendor_only_no_exact_public_file,documented_local_only
vendor/bcdatamapper/datascrapers/bc/early-learning/cache/products/releases/268de599f0ebc7a450e1b34d4787b13f32e8cede856e6b6ae62dd34c7a2ffbb4.json,46558,d3f15cf9f07eec7442d3f5cb51d2693c3d54f3cbfda63e5f133abc09ef5a1845,ignored,vendor_only_no_exact_public_file,documented_local_only
vendor/bcdatamapper/datascrapers/bc/early-learning/cache/products/releases/2f0916720f38d94a42c8be6e4099c0a6c99879117fc92943ab8490c078148d8f.json,104551,d4c3d0aa5a3bf3863bfb21f99dc6b9a3f7a030aa2c774b788d0066bccedd2b49,ignored,vendor_only_no_exact_public_file,documented_local_only
vendor/bcdatamapper/datascrapers/bc/early-learning/cache/products/releases/5dcbca6f9de8f8b2ab76c12fb965e350a43bb0f273c59bf4e786bd5d686dc71b.json,35611,6ce3ab71b827b8377f1c08a2979229c3a1192073c895ffb3e6e0db39e96a32e7,ignored,vendor_only_no_exact_public_file,documented_local_only
vendor/bcdatamapper/datascrapers/bc/early-learning/cache/products/releases/6c3c186638a00f0a3f27b8332d4c4fe2a4d8dd39bb2d58585ccf4f930662f368.json,116973,3dc1fa5cd12504ace4eea4f7081e47b0c0c10eb470a58e2878f6bde198956a22,ignored,vendor_only_no_exact_public_file,documented_local_only
vendor/bcdatamapper/datascrapers/bc/early-learning/cache/products/releases/7e90522653991b68968448a6069143bfbdc13dddc6a1ff7c857bba9df4b7b909.json,85737,f554ce258fd820e2a6e3b40e5091961e3938478e5dc04589cc50ceeb21dcd2dc,ignored,vendor_only_no_exact_public_file,documented_local_only
vendor/bcdatamapper/datascrapers/bc/early-learning/cache/products/releases/a0d4caa3724928be9d037df475da49631f68d788787afed8147d17bf355c044c.json,108242,449d6d483c24c5df3971231c7882fcbd2051b0bf4e2b26c46b1548dd9ee32676,ignored,vendor_only_no_exact_public_file,documented_local_only
vendor/bcdatamapper/datascrapers/bc/early-learning/cache/products/releases/baa7f5cbbcf71cc6abdfa662247d923e8e614ebf923fd1b10004ab78675db45f.json,109236,e9430fb8a49669e9b81beabe60471ac43413a9772a5eece277c1b9ed04cf004e,ignored,vendor_only_no_exact_public_file,documented_local_only
vendor/bcdatamapper/datascrapers/bc/early-learning/cache/products/releases/e3eef1a63c1f1a4d9210abfe012e63731d015170d394a91045b6b18e18872e21.json,76744,2f16e55ae3d1079c0179d2592180959feaacb23c59066ed465da727fa05e8ac8,ignored,vendor_only_no_exact_public_file,documented_local_only
vendor/bcdatamapper/datascrapers/bc/early-learning/cache/products/releases/e6d4424ad49e0ed99f255398c28de307f8bb7e8466fa6d5b3b9e9d027cd71d7e.json,267320,3bf6df13cfb0b5cab256ce049b9a206be98f5ccb4fab11b6960f9456e5fd9fc5,ignored,vendor_only_no_exact_public_file,documented_local_only
vendor/bcdatamapper/datascrapers/bc/early-learning/cache/products/releases/f42b7913238714c29fe6aefcbea8e619798490019bd4f28c3977234fdbc3b854.json,76905,a88510ce88f06667b350efd9bf4be00aa11e98e9223fbce6768c5145e90f2806,ignored,vendor_only_no_exact_public_file,documented_local_only
vendor/bcdatamapper/datascrapers/bc/early-learning/cache/products/validation.json,39041,b1c0a1f5c9c8ae828c1bb9f52968cf06dfe5026379968a5ce6946c52ca6b7be9,ignored,vendor_only_no_exact_public_file,documented_local_only
vendor/bcdatamapper/datascrapers/bc/environmental-remediation/cache/catalogue-metadata.json,23321,ca1b7622f9d36741135bebf90970fe6f91eba6efdd65959c727077d941dcc5bf,ignored,vendor_only_no_exact_public_file,documented_local_only
vendor/bcdatamapper/datascrapers/bc/environmental-remediation/cache/environmental-remediation-sites.geojson,16841436,3c8cca5e3b90c25410cc9fc084f4bd6476c7367ccaba7b9fa817b38c9870092f,ignored,vendor_only_no_exact_public_file,documented_local_only
vendor/bcdatamapper/datascrapers/bc/environmental-remediation/cache/environmental-remediation-sites.geojson.gz,2077966,6c6fbaa98b20cea62e9da9ade838ab3c59431b19aed00e5c4e3137e481471e64,ignored,vendor_only_no_exact_public_file,documented_local_only
vendor/bcdatamapper/datascrapers/bc/environmental-remediation/cache/manifest.json,1707,016e61b62d3a0b11f794770ca2eec0ad00d7385dfa189bc4f600538fcd0aebe7,ignored,vendor_only_no_exact_public_file,documented_local_only
vendor/bcdatamapper/datascrapers/bc/environmental-remediation/cache/map-manifest.json,875,a69523fe9869e971d3a518d99724bbeddd8d734a5423db1b69eac607e3ef4214,ignored,vendor_only_no_exact_public_file,documented_local_only
vendor/bcdatamapper/datascrapers/bc/environmental-remediation/cache/sites-adf390488e1118ef36c97c84cefcf21f946cdee65fdc9086f3d52a2245016601.geojson.gz,1355551,779ee188cf9719d97861c580d32acd1529e46964b4589847c0ce7e70b245c8cc,ignored,vendor_only_no_exact_public_file,documented_local_only
vendor/bcdatamapper/datascrapers/bc/environmental-remediation/source/environmental-remediation-sites.geojson.gz,2077966,6c6fbaa98b20cea62e9da9ade838ab3c59431b19aed00e5c4e3137e481471e64,ignored,vendor_only_no_exact_public_file,documented_local_only
vendor/bcdatamapper/datascrapers/bc/parcelmap/source/polygons/extracted/complete.txt,64,ff9c6e41d4b1ddbaa70eb9064b6176cd1c1177fb21fc31f82b58679a3e3fe9bc,ignored,vendor_only_no_exact_public_file,documented_local_only
vendor/bcdatamapper/datascrapers/bc/parcelmap/source/polygons/extracted/pmbc_parcel_poly_sv.gdb/a00000001.TablesByName.atx,4118,44fd9692ce0fc3112264e8ce41882b219d2f9d3a3036b11d1f83f175a3cf1377,ignored,vendor_only_no_exact_public_file,documented_local_only
vendor/bcdatamapper/datascrapers/bc/parcelmap/source/polygons/extracted/pmbc_parcel_poly_sv.gdb/a00000001.gdbindexes,110,80ba95b873e151074244f7655f9e29ce8967aab1bd57ff4c06a329b723a3d46c,ignored,vendor_only_no_exact_public_file,documented_local_only
vendor/bcdatamapper/datascrapers/bc/parcelmap/source/polygons/extracted/pmbc_parcel_poly_sv.gdb/a00000001.gdbtable,330,85bca6a79cb4fe0bef54a5632c0d7b2773671c44eb4a1a17f52c494ed881924c,ignored,vendor_only_no_exact_public_file,documented_local_only
vendor/bcdatamapper/datascrapers/bc/parcelmap/source/polygons/extracted/pmbc_parcel_poly_sv.gdb/a00000001.gdbtablx,5152,b65d6bdd23b973033884654531d2ed75d5c4e55fd260bf23631bbecf9f7edab5,ignored,vendor_only_no_exact_public_file,documented_local_only
vendor/bcdatamapper/datascrapers/bc/parcelmap/source/polygons/extracted/pmbc_parcel_poly_sv.gdb/a00000002.gdbtable,2055,9efa50dc62a40e109a546054943ae5ad4b3d41aa81ece0dfa026b7b23cb09da8,ignored,vendor_only_no_exact_public_file,documented_local_only
vendor/bcdatamapper/datascrapers/bc/parcelmap/source/polygons/extracted/pmbc_parcel_poly_sv.gdb/a00000002.gdbtablx,5152,f3ac9865dec6ab40e73d91dd1f5c2eef0248e66e359d4abb1d97edba92b5df88,ignored,vendor_only_no_exact_public_file,documented_local_only
vendor/bcdatamapper/datascrapers/bc/parcelmap/source/polygons/extracted/pmbc_parcel_poly_sv.gdb/a00000003.gdbindexes,42,de0911d18e2f304380c04ae123ea18057d262d788301f7cc3148298231c7c618,ignored,vendor_only_no_exact_public_file,documented_local_only
vendor/bcdatamapper/datascrapers/bc/parcelmap/source/polygons/extracted/pmbc_parcel_poly_sv.gdb/a00000003.gdbtable,1079,4b4d75442d517c96264bea7637651d2fe15fb8d5669ae400c800189a044da7ab,ignored,vendor_only_no_exact_public_file,documented_local_only
vendor/bcdatamapper/datascrapers/bc/parcelmap/source/polygons/extracted/pmbc_parcel_poly_sv.gdb/a00000003.gdbtablx,5152,d63fd5f8a490aa6aeffde1336e80ce35b5399af5752a72b316570a670b09d167,ignored,vendor_only_no_exact_public_file,documented_local_only
vendor/bcdatamapper/datascrapers/bc/parcelmap/source/polygons/extracted/pmbc_parcel_poly_sv.gdb/a00000004.CatItemsByPhysicalName.atx,4118,c12e5bcaae734109358d637a5af2e3916fd793974f5723450139f13f215c97c9,ignored,vendor_only_no_exact_public_file,documented_local_only
vendor/bcdatamapper/datascrapers/bc/parcelmap/source/polygons/extracted/pmbc_parcel_poly_sv.gdb/a00000004.CatItemsByType.atx,4118,cffffae84219f406a5c19bf1be66bc0f803180ba954587f3aaa9a466d951f278,ignored,vendor_only_no_exact_public_file,documented_local_only
vendor/bcdatamapper/datascrapers/bc/parcelmap/source/polygons/extracted/pmbc_parcel_poly_sv.gdb/a00000004.FDO_UUID.atx,4118,cff8daec24507b65ca66c930b6a746fe76b364e75e5c58c859eb57afc61ba48d,ignored,vendor_only_no_exact_public_file,documented_local_only
vendor/bcdatamapper/datascrapers/bc/parcelmap/source/polygons/extracted/pmbc_parcel_poly_sv.gdb/a00000004.gdbindexes,310,f29887c93b126a3feb0e20958cd73cc774f76ab79284b9c7286dc12eb05db858,ignored,vendor_only_no_exact_public_file,documented_local_only
vendor/bcdatamapper/datascrapers/bc/parcelmap/source/polygons/extracted/pmbc_parcel_poly_sv.gdb/a00000004.gdbtable,10097,345d0233daebfe6f856801f2c466b97243b8eeafad389d29761b0bdbd85a7887,ignored,vendor_only_no_exact_public_file,documented_local_only
vendor/bcdatamapper/datascrapers/bc/parcelmap/source/polygons/extracted/pmbc_parcel_poly_sv.gdb/a00000004.gdbtablx,5152,a0398b957bd0ce48f4de7e4504da3d4a006a5abb17f8ca5b81c123bacbcc3f08,ignored,vendor_only_no_exact_public_file,documented_local_only
vendor/bcdatamapper/datascrapers/bc/parcelmap/source/polygons/extracted/pmbc_parcel_poly_sv.gdb/a00000004.spx,4118,027866f78134de031571290fab2599ab7879bd7df84030ee324b233b891058aa,ignored,vendor_only_no_exact_public_file,documented_local_only
vendor/bcdatamapper/datascrapers/bc/parcelmap/source/polygons/extracted/pmbc_parcel_poly_sv.gdb/a00000005.CatItemTypesByName.atx,12310,5e901522888a8153c398e005ac61c7352e3fe920bf2b7a84d76d2b4caeee9817,ignored,vendor_only_no_exact_public_file,documented_local_only
vendor/bcdatamapper/datascrapers/bc/parcelmap/source/polygons/extracted/pmbc_parcel_poly_sv.gdb/a00000005.CatItemTypesByParentTypeID.atx,4118,d8ba35a73b3e10a55caae8ccf875f10ca3288d1c0d18aad51bf52182b322ec0e,ignored,vendor_only_no_exact_public_file,documented_local_only
vendor/bcdatamapper/datascrapers/bc/parcelmap/source/polygons/extracted/pmbc_parcel_poly_sv.gdb/a00000005.CatItemTypesByUUID.atx,4118,480f1f90818c3dc361c6e9ffc09330781a1c55ba52f7cb1a1925b2d791beba5e,ignored,vendor_only_no_exact_public_file,documented_local_only
vendor/bcdatamapper/datascrapers/bc/parcelmap/source/polygons/extracted/pmbc_parcel_poly_sv.gdb/a00000005.gdbindexes,296,c21e650994b48cc72d174b3caf2ac1bd19e2d7305c8087aaae97e24caecf98a5,ignored,vendor_only_no_exact_public_file,documented_local_only
vendor/bcdatamapper/datascrapers/bc/parcelmap/source/polygons/extracted/pmbc_parcel_poly_sv.gdb/a00000005.gdbtable,2071,457b2ef15090d858e7c3e88d41131d1054b241836d2f4cc6d61d082bbf7e6aa3,ignored,vendor_only_no_exact_public_file,documented_local_only
vendor/bcdatamapper/datascrapers/bc/parcelmap/source/polygons/extracted/pmbc_parcel_poly_sv.gdb/a00000005.gdbtablx,5152,fbe2191ecb633ff3a4c3d449dd4dcd964389c72dc6686aa02f6ce6fcea31cc6f,ignored,vendor_only_no_exact_public_file,documented_local_only
vendor/bcdatamapper/datascrapers/bc/parcelmap/source/polygons/extracted/pmbc_parcel_poly_sv.gdb/a00000006.CatRelsByDestinationID.atx,4118,ba34bb2b2e083472664af79122fae888ea9047b4dd48d3db2baddcef8c5817be,ignored,vendor_only_no_exact_public_file,documented_local_only
vendor/bcdatamapper/datascrapers/bc/parcelmap/source/polygons/extracted/pmbc_parcel_poly_sv.gdb/a00000006.CatRelsByOriginID.atx,4118,0adb8aeb7fb68a537e74b95905ef2cd41807f367fa6fdd1ddd1bb4aa2de32c00,ignored,vendor_only_no_exact_public_file,documented_local_only
vendor/bcdatamapper/datascrapers/bc/parcelmap/source/polygons/extracted/pmbc_parcel_poly_sv.gdb/a00000006.CatRelsByType.atx,4118,6d3e70cde98b562357b052142f673a021f177647763f7cf5b73cc415d671fbfb,ignored,vendor_only_no_exact_public_file,documented_local_only
vendor/bcdatamapper/datascrapers/bc/parcelmap/source/polygons/extracted/pmbc_parcel_poly_sv.gdb/a00000006.FDO_UUID.atx,4118,78e554a7221bd28db673c6ae33465172af2e8900f59cee140255a1c39c2d73f2,ignored,vendor_only_no_exact_public_file,documented_local_only
vendor/bcdatamapper/datascrapers/bc/parcelmap/source/polygons/extracted/pmbc_parcel_poly_sv.gdb/a00000006.gdbindexes,318,1919a00326f198a90dc97545ec448c10b2b90d367020222212f7b00433fe09b5,ignored,vendor_only_no_exact_public_file,documented_local_only
vendor/bcdatamapper/datascrapers/bc/parcelmap/source/polygons/extracted/pmbc_parcel_poly_sv.gdb/a00000006.gdbtable,263,decf4cc4f8205c11db244c22249b68a42b73947462780bff3667e7f1a3ba4351,ignored,vendor_only_no_exact_public_file,documented_local_only
vendor/bcdatamapper/datascrapers/bc/parcelmap/source/polygons/extracted/pmbc_parcel_poly_sv.gdb/a00000006.gdbtablx,5152,d9c498cb200741d86e8fd4adbd17f8b5dd4f35abf4dfad3f88239c84ac999d0e,ignored,vendor_only_no_exact_public_file,documented_local_only
vendor/bcdatamapper/datascrapers/bc/parcelmap/source/polygons/extracted/pmbc_parcel_poly_sv.gdb/a00000007.CatRelTypesByBackwardLabel.atx,12310,1d51717d5b9de760d2488edb544637d875f131ad96483b96bf95aecff7f679d5,ignored,vendor_only_no_exact_public_file,documented_local_only
vendor/bcdatamapper/datascrapers/bc/parcelmap/source/polygons/extracted/pmbc_parcel_poly_sv.gdb/a00000007.CatRelTypesByDestItemTypeID.atx,4118,655a5548325b8adf939e69851f9f52ae3b61244d998df60811169142a1a77648,ignored,vendor_only_no_exact_public_file,documented_local_only
vendor/bcdatamapper/datascrapers/bc/parcelmap/source/polygons/extracted/pmbc_parcel_poly_sv.gdb/a00000007.CatRelTypesByForwardLabel.atx,12310,c3471d1b80a6cc2ac1a094743a52f72a6dd6bbcca787604cacaa0ba409a9b583,ignored,vendor_only_no_exact_public_file,documented_local_only
vendor/bcdatamapper/datascrapers/bc/parcelmap/source/polygons/extracted/pmbc_parcel_poly_sv.gdb/a00000007.CatRelTypesByName.atx,12310,3e4d57cabb14dc7b1f3510441e0b5ebd94f01e7412f272993b98502eea3d9577,ignored,vendor_only_no_exact_public_file,documented_local_only
vendor/bcdatamapper/datascrapers/bc/parcelmap/source/polygons/extracted/pmbc_parcel_poly_sv.gdb/a00000007.CatRelTypesByOriginItemTypeID.atx,4118,9c7f665eb045df2a910a6800d0919af507bed2a42d2e9547a4004ba235fec5de,ignored,vendor_only_no_exact_public_file,documented_local_only
vendor/bcdatamapper/datascrapers/bc/parcelmap/source/polygons/extracted/pmbc_parcel_poly_sv.gdb/a00000007.CatRelTypesByUUID.atx,4118,209099cc5bdb713a603488740c831b805af7138397499f5d946a2c8aed69d446,ignored,vendor_only_no_exact_public_file,documented_local_only
vendor/bcdatamapper/datascrapers/bc/parcelmap/source/polygons/extracted/pmbc_parcel_poly_sv.gdb/a00000007.gdbindexes,602,dc98e24d04eddd7f38905d176c1ea43c547a3a2daa0c80091a20d3443c726621,ignored,vendor_only_no_exact_public_file,documented_local_only
vendor/bcdatamapper/datascrapers/bc/parcelmap/source/polygons/extracted/pmbc_parcel_poly_sv.gdb/a00000007.gdbtable,3626,f6cc24256e330ab468b5c594309b1493c2028fe072c9f13e5fe41b2084ce9a16,ignored,vendor_only_no_exact_public_file,documented_local_only
vendor/bcdatamapper/datascrapers/bc/parcelmap/source/polygons/extracted/pmbc_parcel_poly_sv.gdb/a00000007.gdbtablx,5152,1d81aa3c399da5feba68a24ae6461edfca18cfaa9d81a1f1dab9b8b8a64e590c,ignored,vendor_only_no_exact_public_file,documented_local_only
vendor/bcdatamapper/datascrapers/bc/parcelmap/source/polygons/extracted/pmbc_parcel_poly_sv.gdb/a00000009.gdbindexes,120,5b93eeac585546cb186eaf299ba8ec588ce982ce0a0db1ecdc6171927ebb89c1,ignored,vendor_only_no_exact_public_file,documented_local_only
vendor/bcdatamapper/datascrapers/bc/parcelmap/source/polygons/extracted/pmbc_parcel_poly_sv.gdb/a00000009.gdbtable,505610418,c9279ba5305acf047bb5cfb19a4bdc19af89391457a95388ed31997cf5523344,ignored,vendor_only_no_exact_public_file,documented_local_only
vendor/bcdatamapper/datascrapers/bc/parcelmap/source/polygons/extracted/pmbc_parcel_poly_sv.gdb/a00000009.gdbtablx,8668192,30a1338c9ed9378def7d6ca8d97575363536c489ddb4e45ce5f131c05a18e604,ignored,vendor_only_no_exact_public_file,documented_local_only
vendor/bcdatamapper/datascrapers/bc/parcelmap/source/polygons/extracted/pmbc_parcel_poly_sv.gdb/a00000009.spx,25419798,8955a79af934b49f653d8e2236cadd5155a919e8d66c31bf8d9d8b15d2eac40b,ignored,vendor_only_no_exact_public_file,documented_local_only
vendor/bcdatamapper/datascrapers/bc/parcelmap/source/polygons/pmbc_parcel_poly_sv.zip,317965520,b79dc1a3dec1046e17b58982cd1bdfdc2494838020e8ab263d91149f23eda2b8,ignored,vendor_only_no_exact_public_file,documented_local_only
vendor/bcdatamapper/datascrapers/bc/parcelmap/source/public-land/audit-exceptions.csv,216663,17bb9b5b8a3c282e938c22598083a6a488f8867e06c7b4144212d036a7141099,ignored,vendor_only_no_exact_public_file,documented_local_only
vendor/bcdatamapper/datascrapers/bc/parcelmap/source/public-land/audit-geometry-comparison.csv,13811593,3d86636ffa6a5d75e0ec6e59e59dd1d60f25d81d90fb4f129f7bc1a3712efb2b,ignored,vendor_only_no_exact_public_file,documented_local_only
vendor/bcdatamapper/datascrapers/bc/parcelmap/source/public-land/audit-missing-pid-footprints.json,104272,02e5e7997e514c83d197616b808edcd1c6bca686bdf050c579e4500515823154,ignored,vendor_only_no_exact_public_file,documented_local_only
vendor/bcdatamapper/datascrapers/bc/parcelmap/source/public-land/audit-missing-pids.json,1872,c9cc394d379ade4024ceaf86f4a4b3ac3099d49a01d78dc0518ef846a6aa0d4a,ignored,vendor_only_no_exact_public_file,documented_local_only
vendor/bcdatamapper/datascrapers/bc/parcelmap/source/public-land/audit-rd-spatial-check.json,12293,8beb4938e2c122ab52c4f936431d1c06c10bfe3282cab18e2caf9ce121682a82,ignored,vendor_only_no_exact_public_file,documented_local_only
vendor/bcdatamapper/datascrapers/bc/parcelmap/source/public-land/conservancies.json.gz,7006235,c67a8d0b53c50c7f933aae280241c57c40b4e82367e2c635f641695442d4ae62,ignored,vendor_only_no_exact_public_file,documented_local_only
vendor/bcdatamapper/datascrapers/bc/parcelmap/source/public-land/missing-pids-fabric-query.json,3677,0f89ce92d3fec5fe3eb353c357c4831c1f33c0cdf006b1a5e6cca52894acdaa3,ignored,vendor_only_no_exact_public_file,documented_local_only
vendor/bcdatamapper/datascrapers/bc/parcelmap/source/public-land/national_parks.json.gz,1894397,c37ba78acd19b13fff59f37c17e53ba4e9bdb6e0e8dda9453ddd54b1f1de141c,ignored,vendor_only_no_exact_public_file,documented_local_only
vendor/bcdatamapper/datascrapers/bc/parcelmap/source/public-land/parcel-decisions.csv.gz,2708037,c4ac151587ab3acc1bf0a4b10192c90a1058b301613858a017d7273d0dc60334,ignored,vendor_only_no_exact_public_file,documented_local_only
vendor/bcdatamapper/datascrapers/bc/parcelmap/source/public-land/provincial_parks.json.gz,12274240,4667fb72feb50603b72c0a132f7b150bf668035089443f98439761d665291d15,ignored,vendor_only_no_exact_public_file,documented_local_only
vendor/bcdatamapper/datascrapers/bc/parcelmap/source/public-land/public-land-candidates.gpkg,205869056,323a5b7a51fd0c06d6d83e9f7d6fd9036573386262b3ca3bb75be16150758791,ignored,vendor_only_no_exact_public_file,documented_local_only
vendor/bcdatamapper/datascrapers/bc/parcelmap/source/public-land/regional_districts.json.gz,6627097,1f300a8dc2f18c778a1833e288b030943009ba8d6644a7b5fb841c9285ee5b65,ignored,vendor_only_no_exact_public_file,documented_local_only
vendor/bcdatamapper/datascrapers/bc/parcelmap/source/public-land/reserves.json.gz,3706514,ef3207356ea672ca238727e898fe6c801e460781ee07aa61bbcedcac09c23846,ignored,vendor_only_no_exact_public_file,documented_local_only
vendor/bcdatamapper/datascrapers/bc/parcelmap/source/public-land/ubc-pid-comparison.json,5119,71cfa9025377be875f656aa6ceba9f2cb50cde11955c23b974129cb2d4b0cd4c,ignored,vendor_only_no_exact_public_file,documented_local_only
vendor/bcdatamapper/datascrapers/bc/parcelmap/source/public-land/ubc-published-attributes.json.gz,618105,cfd887d00dec997a1ab6eb22ff0ccaeee83f3c10618291dbca57242eff25ef5a,ignored,vendor_only_no_exact_public_file,documented_local_only
vendor/bcdatamapper/datascrapers/bc/parcelmap/source/public-land/ubc-published-geometry.json.gz,6392990,34e5eaa58900a56449638b03810bbe1f114aa54ee8019a73ce9e3bd2a66410cd,ignored,vendor_only_no_exact_public_file,documented_local_only
