{"type":"FeatureCollection","features":[{"type":"Feature","id":"1-PRG:3548","geometry":{"type":"LineString","coordinates":[[-122.78228,53.91828],[-122.78222,53.91763],[-122.7843,53.91764],[-122.78455,53.9174],[-122.78446,53.91738],[-122.78541,53.91609],[-122.78595,53.91614],[-122.78592,53.91604],[-122.78652,53.91604],[-122.78762,53.91631],[-122.78848,53.91631],[-122.78924,53.91619],[-122.78979,53.91625],[-122.78977,53.91616],[-122.79243,53.91609],[-122.79377,53.91615],[-122.79427,53.91634],[-122.79433,53.91625],[-122.79596,53.91655],[-122.79931,53.91722],[-122.79934,53.91715],[-122.80034,53.91735],[-122.80105,53.91774],[-122.80216,53.91707],[-122.80221,53.91698],[-122.80247,53.91574],[-122.80262,53.91544],[-122.80252,53.91544],[-122.80259,53.91505],[-122.80489,53.91489],[-122.80698,53.91487],[-122.80718,53.91487],[-122.8073,53.91342],[-122.80718,53.91336],[-122.80718,53.91239],[-122.80723,53.91127],[-122.80714,53.91043],[-122.80861,53.91051],[-122.80861,53.91044],[-122.81148,53.91044],[-122.81131,53.91091],[-122.81149,53.91091],[-122.81149,53.91149],[-122.81177,53.91208],[-122.81207,53.91237],[-122.81341,53.91325],[-122.81349,53.9132],[-122.8156,53.91451],[-122.81569,53.91446],[-122.81612,53.9147],[-122.81567,53.915],[-122.81558,53.91524],[-122.81558,53.91668],[-122.81487,53.91662],[-122.81487,53.91668],[-122.8133,53.91669],[-122.813,53.91675],[-122.81199,53.91757],[-122.81169,53.9177],[-122.81177,53.91774],[-122.81101,53.91835],[-122.81086,53.91862],[-122.81085,53.91993],[-122.81074,53.92029],[-122.81085,53.92029],[-122.81084,53.92057],[-122.80895,53.92052],[-122.80895,53.92057],[-122.80751,53.92057],[-122.8074,53.92124],[-122.80751,53.92124],[-122.80743,53.92192],[-122.8072,53.92223],[-122.80692,53.92247],[-122.8076,53.92281],[-122.80744,53.92269],[-122.80786,53.92286],[-122.8103,53.92288],[-122.81184,53.92293],[-122.81183,53.92287],[-122.81291,53.92287],[-122.81299,53.92283],[-122.81361,53.92225],[-122.81477,53.92266],[-122.81634,53.92268],[-122.81634,53.92308],[-122.81576,53.92365],[-122.81544,53.92412],[-122.81523,53.92508],[-122.81561,53.92513],[-122.8185,53.92509],[-122.81972,53.92493],[-122.81967,53.92526],[-122.81985,53.92523],[-122.82046,53.92647],[-122.82054,53.92673],[-122.82016,53.9278],[-122.82032,53.92782],[-122.81982,53.92927],[-122.81958,53.93071],[-122.81955,53.93118],[-122.81788,53.93111],[-122.81788,53.93116],[-122.81587,53.93116],[-122.81555,53.93116],[-122.81465,53.93073],[-122.81459,53.93079],[-122.81276,53.92998],[-122.81202,53.92955],[-122.81192,53.92956],[-122.8097,53.92815],[-122.80926,53.92792],[-122.80921,53.92797],[-122.8079,53.92758],[-122.80614,53.92732],[-122.80576,53.9272],[-122.80573,53.92726],[-122.80321,53.92711],[-122.80307,53.92711],[-122.8031,53.92775],[-122.80319,53.92784],[-122.80311,53.92801],[-122.80326,53.92799],[-122.80359,53.92914],[-122.80372,53.92913],[-122.80401,53.92986],[-122.80392,53.93097],[-122.80401,53.93097],[-122.80402,53.93229],[-122.8039,53.9326],[-122.80402,53.93258],[-122.80402,53.93387],[-122.80387,53.93417],[-122.80403,53.93417],[-122.80396,53.93559],[-122.80382,53.93577],[-122.80334,53.93598],[-122.80284,53.93602],[-122.80113,53.93568],[-122.80112,53.93575],[-122.80039,53.93564],[-122.79944,53.93569],[-122.79876,53.93594],[-122.79843,53.93554],[-122.79832,53.93559],[-122.79712,53.93466],[-122.79661,53.93421],[-122.7965,53.9339],[-122.79671,53.93313],[-122.79663,53.93286],[-122.79443,53.93161],[-122.7942,53.9314],[-122.79414,53.92996],[-122.79427,53.92882],[-122.79415,53.92882],[-122.79415,53.92729],[-122.79426,53.92699],[-122.79415,53.92699],[-122.79416,53.92488],[-122.79417,53.92366],[-122.79428,53.9232],[-122.79418,53.9232],[-122.79419,53.92197],[-122.79431,53.92157],[-122.79419,53.92158],[-122.7942,53.92098],[-122.79428,53.92089],[-122.7943,53.92056],[-122.79274,53.92049],[-122.79274,53.92057],[-122.79045,53.92049],[-122.79045,53.92057],[-122.78877,53.92057],[-122.78678,53.92051],[-122.78668,53.92057],[-122.7843,53.92057],[-122.78218,53.92057],[-122.78197,53.92047],[-122.78181,53.92033],[-122.7818,53.91941],[-122.78193,53.91917],[-122.78202,53.91912],[-122.7822,53.91912],[-122.78228,53.91828]]},"properties":{"routeId":"1-PRG","routeShortName":"1","routeLongName":"Heritage","routeColor":"#004B8D","routeTextColor":"#FFFFFF","shapeId":"3548","headsigns":["Heritage"],"directions":["0"]}},{"type":"Feature","id":"5-PRG:31631","geometry":{"type":"LineString","coordinates":[[-122.76552,53.88405],[-122.76529,53.88408],[-122.76529,53.88448],[-122.76514,53.88471],[-122.76384,53.88551],[-122.76286,53.88631],[-122.76249,53.88666],[-122.76223,53.88765],[-122.76236,53.88765],[-122.76233,53.8888],[-122.7643,53.88881],[-122.7644,53.88884],[-122.76652,53.88887],[-122.76819,53.88889],[-122.76988,53.8889],[-122.7714,53.8888],[-122.77137,53.88873],[-122.7716,53.8887],[-122.77316,53.88826],[-122.77409,53.88814],[-122.77685,53.88815],[-122.77956,53.88828],[-122.78022,53.88834],[-122.78022,53.88828],[-122.78412,53.88828],[-122.7857,53.88828],[-122.7871,53.8883],[-122.78699,53.88862],[-122.7871,53.88862],[-122.7871,53.88889],[-122.78751,53.88971],[-122.78868,53.89084],[-122.78884,53.89103],[-122.78891,53.89208],[-122.78878,53.89243],[-122.78891,53.89243],[-122.7889,53.89335],[-122.78889,53.89514],[-122.78876,53.89619],[-122.78889,53.89619],[-122.78889,53.89711],[-122.78908,53.89758],[-122.78942,53.898],[-122.79059,53.89877],[-122.79065,53.89886],[-122.79066,53.89893],[-122.7906,53.89909],[-122.79,53.89933],[-122.79009,53.89939],[-122.78966,53.89951],[-122.78697,53.89951],[-122.7862,53.89945],[-122.7862,53.89951],[-122.78426,53.89953],[-122.78235,53.89953],[-122.78046,53.89952],[-122.78017,53.89946],[-122.78008,53.89943],[-122.78,53.89937],[-122.77994,53.89926],[-122.77995,53.89882],[-122.77958,53.89848]]},"properties":{"routeId":"5-PRG","routeShortName":"5","routeLongName":"Victoria/5th","routeColor":"#8CC63F","routeTextColor":"#FFFFFF","shapeId":"31631","headsigns":["Victoria - To Pine Centre"],"directions":["1"]}},{"type":"Feature","id":"5-PRG:31641","geometry":{"type":"LineString","coordinates":[[-122.77958,53.89848],[-122.77937,53.89835],[-122.77951,53.89829],[-122.77988,53.89788],[-122.7807,53.89752],[-122.78161,53.89841],[-122.78216,53.89896],[-122.78218,53.89964],[-122.78326,53.89972],[-122.78327,53.89964],[-122.78502,53.89963],[-122.78624,53.89963],[-122.78662,53.8997],[-122.78624,53.89963],[-122.78887,53.89964],[-122.78954,53.89969],[-122.78965,53.89964],[-122.79011,53.89953],[-122.79073,53.89918],[-122.7909,53.89914],[-122.79101,53.89913],[-122.79112,53.89914],[-122.79129,53.89918],[-122.79171,53.89949],[-122.79364,53.90056],[-122.79551,53.90167],[-122.79566,53.90187],[-122.79576,53.90182],[-122.7965,53.90227],[-122.797,53.90272],[-122.79728,53.90317],[-122.79726,53.90471],[-122.79739,53.90471],[-122.79738,53.90732],[-122.79843,53.90739],[-122.79843,53.90732],[-122.8,53.90733],[-122.80187,53.90733],[-122.80337,53.9074],[-122.80337,53.90733],[-122.80516,53.90734],[-122.80888,53.90735],[-122.81074,53.90735],[-122.8109,53.90745],[-122.81101,53.90756],[-122.81112,53.90802],[-122.81101,53.90756],[-122.81107,53.90762],[-122.81146,53.90866],[-122.81148,53.91028],[-122.81073,53.91021],[-122.81073,53.91028],[-122.80746,53.91029],[-122.80694,53.91029],[-122.80683,53.91109],[-122.80695,53.9111],[-122.80697,53.91241],[-122.80698,53.91487],[-122.80687,53.91521],[-122.80698,53.91521],[-122.80698,53.91651],[-122.80687,53.91708],[-122.80699,53.91708],[-122.80734,53.9195],[-122.80749,53.91949],[-122.80751,53.92057],[-122.80582,53.92052],[-122.80587,53.9206],[-122.80574,53.92063],[-122.80285,53.92062],[-122.80171,53.92054],[-122.80171,53.92062],[-122.79976,53.92062],[-122.79871,53.92054],[-122.79871,53.92061],[-122.79631,53.92061],[-122.79618,53.92056],[-122.7943,53.92056],[-122.79274,53.92049],[-122.79274,53.92057],[-122.79045,53.92049],[-122.79045,53.92057],[-122.78877,53.92057],[-122.78678,53.92051],[-122.78668,53.92057],[-122.7843,53.92057],[-122.78218,53.92057],[-122.78197,53.92047],[-122.78181,53.92033],[-122.7818,53.91941],[-122.78193,53.91917],[-122.78202,53.91912],[-122.7822,53.91912],[-122.78228,53.91828],[-122.78222,53.91763],[-122.7843,53.91764],[-122.78416,53.9199],[-122.7843,53.9199],[-122.7843,53.92057],[-122.78218,53.92057],[-122.78037,53.92057],[-122.77924,53.92049],[-122.77924,53.92057],[-122.77751,53.92058],[-122.77628,53.9205],[-122.77628,53.92058],[-122.7745,53.92059],[-122.77327,53.92052],[-122.77327,53.92059],[-122.77151,53.9206],[-122.77025,53.92051],[-122.77025,53.9206],[-122.76859,53.9206],[-122.76747,53.92052],[-122.76747,53.9206],[-122.76648,53.92061],[-122.76648,53.91963],[-122.7656,53.91964],[-122.76591,53.91958],[-122.7656,53.91964],[-122.76504,53.91964],[-122.76505,53.92061],[-122.7647,53.92056],[-122.7647,53.92061],[-122.76289,53.92061],[-122.76154,53.92051],[-122.76153,53.92059],[-122.76014,53.92052],[-122.75989,53.92047],[-122.75925,53.92024],[-122.75864,53.91968],[-122.75835,53.9195],[-122.7569,53.91916],[-122.75642,53.91895],[-122.75637,53.91901],[-122.75331,53.91814],[-122.75301,53.91797],[-122.75296,53.91804],[-122.75153,53.91763],[-122.7512,53.91754],[-122.75094,53.91739],[-122.7512,53.91754],[-122.74974,53.91712],[-122.74849,53.91668],[-122.74843,53.91675],[-122.74666,53.91624],[-122.7451,53.9158],[-122.74634,53.91441],[-122.74625,53.91438],[-122.74697,53.91349],[-122.7474,53.91367]]},"properties":{"routeId":"5-PRG","routeShortName":"5","routeLongName":"Victoria/5th","routeColor":"#8CC63F","routeTextColor":"#FFFFFF","shapeId":"31641","headsigns":["Victoria To Downtown"],"directions":["0"]}},{"type":"Feature","id":"5-PRG:31769","geometry":{"type":"LineString","coordinates":[[-122.7474,53.91367],[-122.74744,53.91362],[-122.75005,53.91436],[-122.75163,53.9148],[-122.75203,53.91453],[-122.75189,53.91448],[-122.75259,53.91363],[-122.75322,53.91299],[-122.75312,53.91296],[-122.75413,53.91171],[-122.75454,53.91142],[-122.75438,53.91138],[-122.75455,53.91114],[-122.75474,53.91106],[-122.7551,53.91061],[-122.75527,53.90987],[-122.75518,53.9097],[-122.75516,53.90845],[-122.75536,53.90807],[-122.75516,53.90808],[-122.75516,53.90668],[-122.75515,53.90544],[-122.75526,53.90479],[-122.75514,53.90479],[-122.75515,53.90246],[-122.75522,53.90178],[-122.75516,53.90001],[-122.75519,53.89857],[-122.75529,53.89746],[-122.75519,53.89746],[-122.75521,53.8964],[-122.75523,53.89603],[-122.75575,53.89603],[-122.75777,53.89687],[-122.75997,53.89847],[-122.7602,53.89855],[-122.76021,53.89848],[-122.76063,53.89849],[-122.76062,53.89649],[-122.76072,53.89612],[-122.76062,53.89612],[-122.76062,53.89509],[-122.76062,53.89418],[-122.76071,53.89351],[-122.76065,53.89258],[-122.76073,53.89233],[-122.76069,53.8909],[-122.76071,53.88995],[-122.7608,53.88968],[-122.76072,53.88944],[-122.76073,53.88879],[-122.76132,53.88885],[-122.76133,53.88879],[-122.76233,53.8888],[-122.76249,53.88798],[-122.76235,53.88798],[-122.76238,53.88689],[-122.76249,53.88666],[-122.76384,53.88551],[-122.76514,53.88471],[-122.76529,53.88448],[-122.7655,53.88441],[-122.76564,53.88421],[-122.76552,53.88405],[-122.76529,53.88408],[-122.76529,53.88448],[-122.76514,53.88471],[-122.76384,53.88551],[-122.76286,53.88631],[-122.76249,53.88666],[-122.76223,53.88765],[-122.76236,53.88765],[-122.76233,53.8888],[-122.7643,53.88881],[-122.7644,53.88884],[-122.76652,53.88887],[-122.76819,53.88889],[-122.76988,53.8889],[-122.7714,53.8888],[-122.77137,53.88873],[-122.7716,53.8887],[-122.77316,53.88826],[-122.77409,53.88814],[-122.77685,53.88815],[-122.77956,53.88828],[-122.78022,53.88834],[-122.78022,53.88828],[-122.78412,53.88828],[-122.7857,53.88828],[-122.7871,53.8883],[-122.78699,53.88862],[-122.7871,53.88862],[-122.7871,53.88889],[-122.78751,53.88971],[-122.78868,53.89084],[-122.78884,53.89103],[-122.78891,53.89208],[-122.78878,53.89243],[-122.78891,53.89243],[-122.7889,53.89335],[-122.78889,53.89514],[-122.78876,53.89619],[-122.78889,53.89619],[-122.78889,53.89711],[-122.78908,53.89758],[-122.78942,53.898],[-122.79059,53.89877],[-122.79065,53.89886],[-122.79066,53.89893],[-122.7906,53.89909],[-122.79,53.89933],[-122.79009,53.89939],[-122.78966,53.89951],[-122.78697,53.89951],[-122.7862,53.89945],[-122.7862,53.89951],[-122.78426,53.89953],[-122.78235,53.89953],[-122.78046,53.89952],[-122.78017,53.89946],[-122.78008,53.89943],[-122.78,53.89937],[-122.77994,53.89926],[-122.77995,53.89882],[-122.77958,53.89848]]},"properties":{"routeId":"5-PRG","routeShortName":"5","routeLongName":"Victoria/5th","routeColor":"#8CC63F","routeTextColor":"#FFFFFF","shapeId":"31769","headsigns":["Victoria - To Pine Centre"],"directions":["1"]}},{"type":"Feature","id":"10-PRG:26869","geometry":{"type":"LineString","coordinates":[[-122.78229,53.91791],[-122.78222,53.91763],[-122.7843,53.91764],[-122.78455,53.9174],[-122.78446,53.91738],[-122.78541,53.91609],[-122.78497,53.91525],[-122.78367,53.91541],[-122.78263,53.91541],[-122.78232,53.91537],[-122.78096,53.91537],[-122.78075,53.91541],[-122.77928,53.91536],[-122.77752,53.9154],[-122.77634,53.91535],[-122.776,53.9154],[-122.77377,53.9154],[-122.7734,53.91535],[-122.77302,53.9154],[-122.77077,53.9154],[-122.77047,53.91537],[-122.76854,53.9154],[-122.76647,53.9154],[-122.76553,53.91541],[-122.76617,53.91536],[-122.76496,53.91544],[-122.76292,53.91591],[-122.7616,53.91622],[-122.76091,53.91562],[-122.7606,53.91546],[-122.75992,53.91523],[-122.76009,53.91507],[-122.76086,53.91409],[-122.76118,53.91369],[-122.76273,53.91424],[-122.76325,53.91461],[-122.76365,53.91441],[-122.76359,53.91343],[-122.7637,53.91271],[-122.76362,53.91253],[-122.76071,53.91171],[-122.76032,53.91196],[-122.76046,53.912],[-122.75976,53.91285],[-122.75884,53.91397],[-122.75662,53.91328],[-122.75658,53.91333],[-122.75532,53.91298],[-122.75437,53.91397],[-122.75449,53.91401],[-122.75375,53.91491],[-122.75309,53.91555],[-122.7532,53.91558],[-122.75249,53.91646],[-122.75153,53.91763],[-122.7512,53.91754],[-122.75094,53.91739],[-122.7512,53.91754],[-122.74974,53.91712],[-122.74849,53.91668],[-122.74843,53.91675],[-122.74666,53.91624],[-122.7451,53.9158],[-122.74634,53.91441],[-122.74625,53.91438],[-122.74697,53.91349],[-122.74733,53.91313]]},"properties":{"routeId":"10-PRG","routeShortName":"10","routeLongName":"Downtown/Spruceland","routeColor":"#F37421","routeTextColor":"#FFFFFF","shapeId":"26869","headsigns":["Downtown via Duchess Park"],"directions":["0"]}},{"type":"Feature","id":"10-PRG:3084","geometry":{"type":"LineString","coordinates":[[-122.78229,53.91791],[-122.78222,53.91763],[-122.7843,53.91764],[-122.78455,53.9174],[-122.78446,53.91738],[-122.78541,53.91609],[-122.78497,53.91525],[-122.78367,53.91541],[-122.78263,53.91541],[-122.78232,53.91537],[-122.78096,53.91537],[-122.78075,53.91541],[-122.77928,53.91536],[-122.77752,53.9154],[-122.77634,53.91535],[-122.776,53.9154],[-122.77377,53.9154],[-122.7734,53.91535],[-122.77302,53.9154],[-122.77077,53.9154],[-122.77047,53.91537],[-122.76854,53.9154],[-122.76647,53.9154],[-122.76553,53.91541],[-122.76617,53.91536],[-122.76496,53.91544],[-122.76425,53.9156],[-122.76378,53.91497],[-122.76325,53.91461],[-122.76365,53.91441],[-122.76359,53.91343],[-122.7637,53.91271],[-122.76362,53.91253],[-122.76071,53.91171],[-122.76032,53.91196],[-122.76046,53.912],[-122.75976,53.91285],[-122.75884,53.91397],[-122.75662,53.91328],[-122.75658,53.91333],[-122.75532,53.91298],[-122.75437,53.91397],[-122.75449,53.91401],[-122.75375,53.91491],[-122.75309,53.91555],[-122.7532,53.91558],[-122.75249,53.91646],[-122.75153,53.91763],[-122.7512,53.91754],[-122.75094,53.91739],[-122.7512,53.91754],[-122.74974,53.91712],[-122.74849,53.91668],[-122.74843,53.91675],[-122.74666,53.91624],[-122.7451,53.9158],[-122.74634,53.91441],[-122.74625,53.91438],[-122.74697,53.91349],[-122.74733,53.91313]]},"properties":{"routeId":"10-PRG","routeShortName":"10","routeLongName":"Downtown/Spruceland","routeColor":"#F37421","routeTextColor":"#FFFFFF","shapeId":"3084","headsigns":["Downtown"],"directions":["0"]}},{"type":"Feature","id":"10-PRG:4478","geometry":{"type":"LineString","coordinates":[[-122.74733,53.91313],[-122.74719,53.91321],[-122.74818,53.9122],[-122.74858,53.91188],[-122.74911,53.91169],[-122.75123,53.91131],[-122.75104,53.91129],[-122.75255,53.91098],[-122.75319,53.91085],[-122.75335,53.91086],[-122.75491,53.91057],[-122.75651,53.91032],[-122.75647,53.91025],[-122.75795,53.90994],[-122.75878,53.90985],[-122.75874,53.90978],[-122.75972,53.90964],[-122.76002,53.90966],[-122.76153,53.91006],[-122.76281,53.91033],[-122.76382,53.91041],[-122.76299,53.91148],[-122.76332,53.91092],[-122.76241,53.91218],[-122.76362,53.91253],[-122.76353,53.91279],[-122.76361,53.91299],[-122.76362,53.91394],[-122.76365,53.91441],[-122.76325,53.91461],[-122.76396,53.91531],[-122.76407,53.91532],[-122.76425,53.9156],[-122.76496,53.91544],[-122.76551,53.91546],[-122.76714,53.91541],[-122.76825,53.91543],[-122.77,53.9154],[-122.77116,53.91544],[-122.77149,53.9154],[-122.77377,53.9154],[-122.77412,53.91544],[-122.77449,53.9154],[-122.77676,53.9154],[-122.77732,53.91542],[-122.77901,53.91539],[-122.78011,53.91543],[-122.78075,53.91541],[-122.78098,53.91545],[-122.78232,53.91546],[-122.78263,53.91541],[-122.78413,53.91538],[-122.78497,53.91525],[-122.78541,53.91609],[-122.78503,53.91646],[-122.78512,53.91648],[-122.7843,53.91764],[-122.78416,53.9199],[-122.7843,53.9199],[-122.7843,53.92057],[-122.78218,53.92057],[-122.78197,53.92047],[-122.78181,53.92033],[-122.7818,53.91941],[-122.78193,53.91917],[-122.78202,53.91912],[-122.7822,53.91912],[-122.78229,53.91791]]},"properties":{"routeId":"10-PRG","routeShortName":"10","routeLongName":"Downtown/Spruceland","routeColor":"#F37421","routeTextColor":"#FFFFFF","shapeId":"4478","headsigns":["Spruceland"],"directions":["1"]}},{"type":"Feature","id":"11-PRG:3076","geometry":{"type":"LineString","coordinates":[[-122.78228,53.91828],[-122.78222,53.91763],[-122.7843,53.91764],[-122.78416,53.9199],[-122.7843,53.9199],[-122.78431,53.92065],[-122.78652,53.92065],[-122.78688,53.92071],[-122.78699,53.92065],[-122.78876,53.92065],[-122.78987,53.92071],[-122.78988,53.92065],[-122.79177,53.92066],[-122.79225,53.92071],[-122.79243,53.92066],[-122.79413,53.92066],[-122.79412,53.92089],[-122.7942,53.92098],[-122.79403,53.92174],[-122.79419,53.92174],[-122.79418,53.92266],[-122.79406,53.9232],[-122.79418,53.92319],[-122.79416,53.92488],[-122.79402,53.92575],[-122.79415,53.92576],[-122.79396,53.92714],[-122.79415,53.92714],[-122.79414,53.92913],[-122.79396,53.93032],[-122.79414,53.93032],[-122.7942,53.9314],[-122.79443,53.93161],[-122.79645,53.93272],[-122.79663,53.93286],[-122.79671,53.93313],[-122.7965,53.9339],[-122.79661,53.93421],[-122.79793,53.93529],[-122.79841,53.93582],[-122.79854,53.93577],[-122.79876,53.93594],[-122.79944,53.93569],[-122.80039,53.93564],[-122.80116,53.93585],[-122.80119,53.93576],[-122.80284,53.93602],[-122.80334,53.93598],[-122.80382,53.93577],[-122.80392,53.93563],[-122.80403,53.9347],[-122.80415,53.93417],[-122.80403,53.93417],[-122.80402,53.93307],[-122.80402,53.93241],[-122.8042,53.93261],[-122.80402,53.93241],[-122.8041,53.93084],[-122.80401,53.9307],[-122.80391,53.92932],[-122.80381,53.92935],[-122.80354,53.92826],[-122.80339,53.92829],[-122.80319,53.92784],[-122.80325,53.92774],[-122.80321,53.92711],[-122.80479,53.92715],[-122.80563,53.92732],[-122.80565,53.92725],[-122.8079,53.92758],[-122.80919,53.92802],[-122.80967,53.92813],[-122.81124,53.92913],[-122.81193,53.92966],[-122.81202,53.92962],[-122.81386,53.9305],[-122.81509,53.93107],[-122.81516,53.93101],[-122.81555,53.93116],[-122.81719,53.93116],[-122.81827,53.93123],[-122.81827,53.93117],[-122.81981,53.93118],[-122.81994,53.93014],[-122.82076,53.92758],[-122.82086,53.92681],[-122.81997,53.9249],[-122.8184,53.92498],[-122.8184,53.92509],[-122.81523,53.92508],[-122.81543,53.92417],[-122.81584,53.92374],[-122.81569,53.92383],[-122.81634,53.92308],[-122.81634,53.92268],[-122.81477,53.92266],[-122.81361,53.92225],[-122.81299,53.92283],[-122.81291,53.92287],[-122.81113,53.92288],[-122.81019,53.9228],[-122.81019,53.92288],[-122.80852,53.9228],[-122.80852,53.92288],[-122.80786,53.92286],[-122.80709,53.92255],[-122.80758,53.9222],[-122.80748,53.92216],[-122.80759,53.92202],[-122.80771,53.92167],[-122.80772,53.92068],[-122.80839,53.92074],[-122.81084,53.92069],[-122.81094,53.92031],[-122.81085,53.92031],[-122.81086,53.91862],[-122.81101,53.91835],[-122.81199,53.91757],[-122.81321,53.91677],[-122.81318,53.91672],[-122.8133,53.91669],[-122.81558,53.91668],[-122.81565,53.91605],[-122.81558,53.91524],[-122.81567,53.915],[-122.81632,53.91456],[-122.81326,53.91286],[-122.81296,53.91255],[-122.81283,53.91262],[-122.81235,53.91236],[-122.81199,53.91207],[-122.81179,53.91174],[-122.81171,53.91044],[-122.81171,53.91029],[-122.81073,53.91021],[-122.81073,53.91028],[-122.80746,53.91029],[-122.80694,53.91029],[-122.80683,53.91109],[-122.80695,53.9111],[-122.80697,53.91241],[-122.80698,53.91487],[-122.80649,53.9148],[-122.80649,53.91488],[-122.80489,53.91489],[-122.80259,53.91505],[-122.80227,53.91615],[-122.80238,53.91616],[-122.80221,53.91698],[-122.80216,53.91707],[-122.80137,53.91744],[-122.80147,53.91749],[-122.80105,53.91774],[-122.80034,53.91735],[-122.79882,53.91706],[-122.79913,53.91707],[-122.79882,53.91706],[-122.79706,53.91675],[-122.79521,53.91631],[-122.79515,53.9164],[-122.79377,53.91615],[-122.79098,53.91613],[-122.78962,53.91608],[-122.78963,53.91617],[-122.78924,53.91619],[-122.78848,53.91631],[-122.78762,53.91631],[-122.78645,53.91593],[-122.78643,53.91604],[-122.78541,53.91609],[-122.78503,53.91646],[-122.78512,53.91648],[-122.7843,53.91764],[-122.78416,53.9199],[-122.7843,53.9199],[-122.7843,53.92057],[-122.78218,53.92057],[-122.78197,53.92047],[-122.78181,53.92033],[-122.7818,53.91941],[-122.78193,53.91917],[-122.78202,53.91912],[-122.7822,53.91912],[-122.78228,53.91828]]},"properties":{"routeId":"11-PRG","routeShortName":"11","routeLongName":"Heritage","routeColor":"#00AEEF","routeTextColor":"#FFFFFF","shapeId":"3076","headsigns":["Heritage"],"directions":["1"]}},{"type":"Feature","id":"11-PRG:40945","geometry":{"type":"LineString","coordinates":[[-122.75969,53.91524],[-122.75973,53.91518],[-122.7606,53.91546],[-122.76128,53.91589],[-122.7616,53.91622],[-122.76496,53.91544],[-122.7693,53.9154],[-122.77377,53.9154],[-122.77824,53.9154],[-122.78075,53.91541],[-122.78098,53.91545],[-122.78232,53.91546],[-122.78263,53.91541],[-122.78413,53.91538],[-122.78497,53.91525],[-122.78541,53.91609],[-122.7843,53.91764],[-122.7843,53.92057],[-122.78213,53.92057],[-122.78181,53.92033],[-122.7818,53.91941],[-122.78193,53.91917],[-122.78202,53.91912],[-122.7822,53.91912],[-122.78228,53.91828],[-122.78222,53.91763],[-122.7843,53.91764],[-122.78416,53.9199],[-122.7843,53.9199],[-122.78431,53.92065],[-122.78652,53.92065],[-122.78688,53.92071],[-122.78699,53.92065],[-122.78876,53.92065],[-122.78987,53.92071],[-122.78988,53.92065],[-122.79177,53.92066],[-122.79225,53.92071],[-122.79243,53.92066],[-122.79413,53.92066],[-122.79412,53.92089],[-122.7942,53.92098],[-122.79403,53.92174],[-122.79419,53.92174],[-122.79418,53.92266],[-122.79406,53.9232],[-122.79418,53.92319],[-122.79416,53.92488],[-122.79402,53.92575],[-122.79415,53.92576],[-122.79396,53.92714],[-122.79415,53.92714],[-122.79414,53.92913],[-122.79396,53.93032],[-122.79414,53.93032],[-122.7942,53.9314],[-122.79443,53.93161],[-122.79645,53.93272],[-122.79663,53.93286],[-122.79671,53.93313],[-122.7965,53.9339],[-122.79661,53.93421],[-122.79793,53.93529],[-122.79841,53.93582],[-122.79854,53.93577],[-122.79876,53.93594],[-122.79944,53.93569],[-122.80039,53.93564],[-122.80116,53.93585],[-122.80119,53.93576],[-122.80284,53.93602],[-122.80334,53.93598],[-122.80382,53.93577],[-122.80392,53.93563],[-122.80403,53.9347],[-122.80415,53.93417],[-122.80403,53.93417],[-122.80402,53.93307],[-122.80402,53.93241],[-122.8042,53.93261],[-122.80402,53.93241],[-122.8041,53.93084],[-122.80401,53.9307],[-122.80391,53.92932],[-122.80381,53.92935],[-122.80354,53.92826],[-122.80339,53.92829],[-122.80319,53.92784],[-122.80325,53.92774],[-122.80321,53.92711],[-122.80479,53.92715],[-122.80563,53.92732],[-122.80565,53.92725],[-122.8079,53.92758],[-122.80919,53.92802],[-122.80967,53.92813],[-122.81124,53.92913],[-122.81193,53.92966],[-122.81202,53.92962],[-122.81386,53.9305],[-122.81509,53.93107],[-122.81516,53.93101],[-122.81555,53.93116],[-122.81719,53.93116],[-122.81827,53.93123],[-122.81827,53.93117],[-122.81981,53.93118],[-122.81994,53.93014],[-122.82076,53.92758],[-122.82086,53.92681],[-122.81997,53.9249],[-122.8184,53.92498],[-122.8184,53.92509],[-122.81523,53.92508],[-122.81543,53.92417],[-122.81584,53.92374],[-122.81569,53.92383],[-122.81634,53.92308],[-122.81634,53.92268],[-122.81477,53.92266],[-122.81361,53.92225],[-122.81299,53.92283],[-122.81291,53.92287],[-122.81113,53.92288],[-122.81019,53.9228],[-122.81019,53.92288],[-122.80852,53.9228],[-122.80852,53.92288],[-122.80786,53.92286],[-122.80709,53.92255],[-122.80758,53.9222],[-122.80748,53.92216],[-122.80759,53.92202],[-122.80771,53.92167],[-122.80772,53.92068],[-122.80839,53.92074],[-122.81084,53.92069],[-122.81094,53.92031],[-122.81085,53.92031],[-122.81086,53.91862],[-122.81101,53.91835],[-122.81199,53.91757],[-122.81321,53.91677],[-122.81318,53.91672],[-122.8133,53.91669],[-122.81558,53.91668],[-122.81565,53.91605],[-122.81558,53.91524],[-122.81567,53.915],[-122.81632,53.91456],[-122.81326,53.91286],[-122.81296,53.91255],[-122.81283,53.91262],[-122.81235,53.91236],[-122.81199,53.91207],[-122.81179,53.91174],[-122.81171,53.91044],[-122.81171,53.91029],[-122.81073,53.91021],[-122.81073,53.91028],[-122.80746,53.91029],[-122.80694,53.91029],[-122.80683,53.91109],[-122.80695,53.9111],[-122.80697,53.91241],[-122.80698,53.91487],[-122.80649,53.9148],[-122.80649,53.91488],[-122.80489,53.91489],[-122.80259,53.91505],[-122.80227,53.91615],[-122.80238,53.91616],[-122.80221,53.91698],[-122.80216,53.91707],[-122.80137,53.91744],[-122.80147,53.91749],[-122.80105,53.91774],[-122.80034,53.91735],[-122.79882,53.91706],[-122.79913,53.91707],[-122.79882,53.91706],[-122.79706,53.91675],[-122.79521,53.91631],[-122.79515,53.9164],[-122.79377,53.91615],[-122.79098,53.91613],[-122.78962,53.91608],[-122.78963,53.91617],[-122.78924,53.91619],[-122.78848,53.91631],[-122.78762,53.91631],[-122.78645,53.91593],[-122.78643,53.91604],[-122.78541,53.91609],[-122.78503,53.91646],[-122.78512,53.91648],[-122.7843,53.91764],[-122.78416,53.9199],[-122.7843,53.9199],[-122.7843,53.92057],[-122.78218,53.92057],[-122.78197,53.92047],[-122.78181,53.92033],[-122.7818,53.91941],[-122.78193,53.91917],[-122.78202,53.91912],[-122.7822,53.91912],[-122.78228,53.91828]]},"properties":{"routeId":"11-PRG","routeShortName":"11","routeLongName":"Heritage","routeColor":"#00AEEF","routeTextColor":"#FFFFFF","shapeId":"40945","headsigns":["Heritage"],"directions":["1"]}},{"type":"Feature","id":"12-PRG:40949","geometry":{"type":"LineString","coordinates":[[-122.78604,53.86516],[-122.78635,53.86513],[-122.78655,53.86504],[-122.78695,53.86507],[-122.78727,53.86502],[-122.7875,53.86491],[-122.78766,53.86475],[-122.78781,53.86394],[-122.78919,53.86298],[-122.79082,53.86393],[-122.7911,53.86418],[-122.79132,53.8645],[-122.79344,53.86443],[-122.79539,53.86409],[-122.79694,53.86352],[-122.79962,53.8621],[-122.80036,53.86168],[-122.80099,53.86094],[-122.80138,53.86075],[-122.80183,53.8606],[-122.80256,53.86051],[-122.80409,53.85981],[-122.80579,53.85933],[-122.80681,53.85919],[-122.80956,53.85883],[-122.80965,53.8583],[-122.80956,53.8583],[-122.80955,53.85606],[-122.80675,53.856],[-122.80675,53.85608],[-122.80639,53.85608],[-122.80655,53.8546],[-122.8064,53.8546],[-122.80641,53.8522],[-122.8081,53.8522],[-122.80842,53.85227],[-122.80841,53.8522],[-122.81105,53.8522],[-122.81302,53.85221],[-122.81422,53.85229],[-122.81422,53.85219],[-122.81528,53.8522],[-122.8153,53.85159],[-122.81506,53.85149],[-122.81503,53.85159],[-122.81296,53.85158],[-122.81295,53.85061],[-122.813,53.84957],[-122.81449,53.84863],[-122.81437,53.84857],[-122.81521,53.84797],[-122.81647,53.84861],[-122.81731,53.84905],[-122.81776,53.84919],[-122.81934,53.84998],[-122.81959,53.85004],[-122.82163,53.85026],[-122.82259,53.85023],[-122.82343,53.84996],[-122.82358,53.8498],[-122.82371,53.84948],[-122.82436,53.84884],[-122.82436,53.84697],[-122.82431,53.84583],[-122.82431,53.8449],[-122.82439,53.84254],[-122.82432,53.84245],[-122.82432,53.83969],[-122.82442,53.83814],[-122.82433,53.83814],[-122.82433,53.83768],[-122.82166,53.83766],[-122.82166,53.83773],[-122.81569,53.83772],[-122.81512,53.83778],[-122.8151,53.83509],[-122.81522,53.83473],[-122.81509,53.83473],[-122.81518,53.83078],[-122.81506,53.83078],[-122.81506,53.83055],[-122.81947,53.83052],[-122.82049,53.83056],[-122.82096,53.83068],[-122.82251,53.83178],[-122.8229,53.83192],[-122.82334,53.83199],[-122.82419,53.83203],[-122.82429,53.832],[-122.82494,53.8321],[-122.82671,53.83263],[-122.82723,53.83302],[-122.8287,53.83508],[-122.82882,53.83661],[-122.82941,53.83767],[-122.83047,53.83843],[-122.83064,53.83864],[-122.83073,53.8386],[-122.8333,53.84031],[-122.83338,53.84044],[-122.83341,53.84056],[-122.83331,53.84078],[-122.82797,53.84587],[-122.825,53.84879],[-122.82361,53.85019],[-122.82306,53.85106],[-122.82172,53.85519],[-122.82108,53.85619],[-122.82006,53.85702],[-122.81876,53.85765],[-122.81707,53.85804],[-122.81658,53.85811],[-122.81619,53.85804],[-122.81602,53.85796],[-122.81583,53.85783],[-122.81478,53.85797],[-122.81488,53.85804],[-122.81462,53.85815],[-122.81432,53.85823],[-122.81243,53.85848],[-122.80956,53.85883],[-122.8079,53.85899],[-122.80677,53.85911],[-122.80679,53.85917],[-122.80476,53.8596],[-122.8037,53.85992],[-122.80376,53.85997],[-122.80274,53.86044],[-122.80117,53.86079],[-122.80036,53.86168],[-122.79694,53.86352],[-122.79539,53.86409],[-122.79344,53.86443],[-122.79132,53.8645],[-122.7911,53.86418],[-122.79082,53.86393],[-122.78919,53.86298],[-122.78781,53.86394],[-122.78766,53.86475],[-122.7875,53.86491],[-122.78727,53.86502],[-122.78695,53.86507],[-122.78655,53.86504],[-122.78635,53.86513],[-122.78607,53.8651]]},"properties":{"routeId":"12-PRG","routeShortName":"12","routeLongName":"Parkridge","routeColor":"#FCAF17","routeTextColor":"#FFFFFF","shapeId":"40949","headsigns":["Westgate"],"directions":["0"]}},{"type":"Feature","id":"12-PRG:40977","geometry":{"type":"LineString","coordinates":[[-122.78604,53.86516],[-122.78635,53.86513],[-122.78655,53.86504],[-122.78695,53.86507],[-122.78727,53.86502],[-122.7875,53.86491],[-122.78766,53.86475],[-122.78781,53.86394],[-122.78919,53.86298],[-122.79082,53.86393],[-122.7911,53.86418],[-122.79132,53.8645],[-122.79344,53.86443],[-122.79539,53.86409],[-122.79694,53.86352],[-122.79962,53.8621],[-122.80036,53.86168],[-122.80099,53.86094],[-122.80138,53.86075],[-122.80183,53.8606],[-122.80256,53.86051],[-122.80409,53.85981],[-122.80579,53.85933],[-122.80681,53.85919],[-122.80956,53.85883],[-122.80965,53.8583],[-122.80956,53.8583],[-122.80955,53.85606],[-122.80675,53.856],[-122.80675,53.85608],[-122.80639,53.85608],[-122.80655,53.8546],[-122.8064,53.8546],[-122.80641,53.8522],[-122.8081,53.8522],[-122.80842,53.85227],[-122.80841,53.8522],[-122.81105,53.8522],[-122.81302,53.85221],[-122.81422,53.85229],[-122.81422,53.85219],[-122.81528,53.8522],[-122.8153,53.85159],[-122.81506,53.85149],[-122.81503,53.85159],[-122.81296,53.85158],[-122.81295,53.85061],[-122.813,53.84957],[-122.81449,53.84863],[-122.81437,53.84857],[-122.81521,53.84797],[-122.81647,53.84861],[-122.81731,53.84905],[-122.81776,53.84919],[-122.81934,53.84998],[-122.81959,53.85004],[-122.82163,53.85026],[-122.82259,53.85023],[-122.82343,53.84996],[-122.82358,53.8498],[-122.82371,53.84948],[-122.82436,53.84884],[-122.82436,53.84697],[-122.82431,53.84583],[-122.82431,53.8449],[-122.82439,53.84254],[-122.82432,53.84245],[-122.82432,53.83969],[-122.82442,53.83814],[-122.82433,53.83814],[-122.82433,53.83768],[-122.82166,53.83766],[-122.82166,53.83773],[-122.81569,53.83772],[-122.81512,53.83778],[-122.8151,53.83509],[-122.81522,53.83473],[-122.81509,53.83473],[-122.81518,53.83078],[-122.81506,53.83078],[-122.81506,53.83055],[-122.81947,53.83052],[-122.82049,53.83056],[-122.82096,53.83068],[-122.82251,53.83178],[-122.8229,53.83192],[-122.82334,53.83199],[-122.82419,53.83203],[-122.82429,53.832],[-122.82494,53.8321],[-122.82671,53.83263],[-122.82723,53.83302],[-122.8287,53.83508],[-122.82882,53.83661],[-122.82941,53.83767],[-122.83047,53.83843],[-122.83064,53.83864],[-122.83073,53.8386],[-122.8333,53.84031],[-122.83338,53.84044],[-122.83341,53.84056],[-122.83331,53.84078],[-122.82797,53.84587],[-122.825,53.84879],[-122.82361,53.85019],[-122.82306,53.85106],[-122.82172,53.85519],[-122.82108,53.85619],[-122.82006,53.85702],[-122.81876,53.85765],[-122.81707,53.85804],[-122.81658,53.85811],[-122.81619,53.85804],[-122.81602,53.85796],[-122.81583,53.85783],[-122.81478,53.85797],[-122.81488,53.85804],[-122.81462,53.85815],[-122.81432,53.85823],[-122.81243,53.85848],[-122.80956,53.85883],[-122.8079,53.85899],[-122.80677,53.85911],[-122.80679,53.85917],[-122.80476,53.8596],[-122.8037,53.85992],[-122.80376,53.85997],[-122.80274,53.86044],[-122.80117,53.86079],[-122.80036,53.86168],[-122.79694,53.86352],[-122.79539,53.86409],[-122.79344,53.86443],[-122.79132,53.8645],[-122.7911,53.86418],[-122.79082,53.86393],[-122.78919,53.86298],[-122.78781,53.86394],[-122.78766,53.86475],[-122.7875,53.86491],[-122.78727,53.86502],[-122.78695,53.86507],[-122.78655,53.86504],[-122.78635,53.86513],[-122.78607,53.8651],[-122.78597,53.86511],[-122.78577,53.86502],[-122.78341,53.86485],[-122.78317,53.86487],[-122.78301,53.86492],[-122.78287,53.865],[-122.78242,53.8655],[-122.78237,53.86633],[-122.78073,53.86638],[-122.78034,53.86644],[-122.78027,53.86649],[-122.77873,53.86654],[-122.77858,53.86703],[-122.77835,53.8673],[-122.77799,53.86757],[-122.77714,53.86795],[-122.77672,53.86827],[-122.7765,53.86859],[-122.77445,53.86819],[-122.77151,53.86775],[-122.77081,53.86757],[-122.77009,53.86728],[-122.76942,53.86689],[-122.76875,53.86614],[-122.76835,53.86503],[-122.76716,53.86364],[-122.76629,53.86395],[-122.7639,53.8655],[-122.7644,53.86586],[-122.7645,53.86589],[-122.76492,53.86637],[-122.7651,53.86695],[-122.7647,53.86819],[-122.76428,53.86955],[-122.76438,53.87065],[-122.76525,53.87172],[-122.76551,53.872],[-122.76812,53.87363],[-122.76842,53.87381],[-122.76903,53.87353],[-122.7705,53.87266],[-122.77099,53.87248],[-122.77304,53.87217],[-122.77463,53.87192],[-122.77576,53.87197],[-122.77714,53.87228],[-122.77735,53.87207],[-122.77725,53.87205],[-122.77729,53.87196],[-122.77722,53.87161],[-122.77645,53.87081],[-122.77613,53.87035],[-122.77615,53.87023],[-122.77607,53.87015],[-122.77607,53.86961],[-122.77644,53.86871],[-122.77786,53.86899],[-122.77974,53.86919],[-122.78003,53.86931],[-122.78014,53.86942],[-122.78015,53.86962],[-122.77831,53.87362],[-122.77748,53.87449],[-122.77641,53.87506],[-122.77537,53.87536],[-122.77293,53.87555],[-122.77196,53.87587],[-122.77108,53.87648],[-122.77048,53.87741],[-122.76973,53.88246],[-122.76943,53.88347],[-122.76757,53.886],[-122.76732,53.88701],[-122.76724,53.89217],[-122.76719,53.89556],[-122.76873,53.89876],[-122.76869,53.89972],[-122.76809,53.90058],[-122.76266,53.90481],[-122.76228,53.90501],[-122.76235,53.90514],[-122.76257,53.9053],[-122.763,53.90544],[-122.76494,53.90542],[-122.76593,53.90564],[-122.76718,53.90634],[-122.76613,53.90706],[-122.76608,53.90715],[-122.76571,53.90727],[-122.76581,53.90732],[-122.76458,53.90815],[-122.76284,53.90936],[-122.76229,53.90977],[-122.76151,53.91068],[-122.76071,53.91171],[-122.76032,53.91196],[-122.76046,53.912],[-122.75976,53.91285],[-122.75884,53.91397],[-122.75821,53.91476],[-122.75969,53.91524]]},"properties":{"routeId":"12-PRG","routeShortName":"12","routeLongName":"Parkridge","routeColor":"#FCAF17","routeTextColor":"#FFFFFF","shapeId":"40977","headsigns":["Parkridge"],"directions":["0"]}},{"type":"Feature","id":"12-PRG:40991","geometry":{"type":"LineString","coordinates":[[-122.75969,53.91524],[-122.75973,53.91518],[-122.75992,53.91523],[-122.76055,53.91446],[-122.75884,53.91397],[-122.75976,53.91285],[-122.76071,53.91171],[-122.76151,53.91068],[-122.76234,53.90972],[-122.76372,53.90874],[-122.76499,53.90787],[-122.76605,53.90726],[-122.76599,53.90721],[-122.76608,53.90715],[-122.76621,53.90712],[-122.76728,53.9064],[-122.76593,53.90564],[-122.76494,53.90542],[-122.763,53.90544],[-122.76283,53.90539],[-122.76277,53.90531],[-122.76275,53.90509],[-122.76287,53.90483],[-122.76813,53.90066],[-122.76842,53.90036],[-122.76893,53.89919],[-122.7689,53.89874],[-122.76747,53.89552],[-122.76746,53.88947],[-122.76749,53.88693],[-122.76747,53.88686],[-122.76757,53.88635],[-122.76963,53.8835],[-122.77004,53.88208],[-122.77063,53.87748],[-122.77124,53.87656],[-122.77201,53.87595],[-122.77293,53.87562],[-122.77499,53.87549],[-122.77573,53.87537],[-122.77655,53.87511],[-122.77761,53.87452],[-122.77828,53.87393],[-122.77895,53.87284],[-122.78059,53.86916],[-122.77445,53.86819],[-122.77151,53.86775],[-122.77081,53.86757],[-122.77009,53.86728],[-122.76942,53.86689],[-122.76875,53.86614],[-122.76835,53.86503],[-122.76716,53.86364],[-122.76629,53.86395],[-122.7639,53.8655],[-122.7644,53.86586],[-122.7645,53.86589],[-122.76492,53.86637],[-122.7651,53.86695],[-122.7647,53.86819],[-122.76428,53.86955],[-122.76438,53.87065],[-122.76525,53.87172],[-122.76551,53.872],[-122.76812,53.87363],[-122.76842,53.87381],[-122.76903,53.87353],[-122.7705,53.87266],[-122.77099,53.87248],[-122.77304,53.87217],[-122.77463,53.87192],[-122.77576,53.87197],[-122.77714,53.87228],[-122.77735,53.87207],[-122.77725,53.87205],[-122.77729,53.87196],[-122.77722,53.87161],[-122.77645,53.87081],[-122.77613,53.87035],[-122.77615,53.87023],[-122.77607,53.87015],[-122.77607,53.86961],[-122.77644,53.86871],[-122.77689,53.86819],[-122.77694,53.86808],[-122.77714,53.86795],[-122.77799,53.86757],[-122.77835,53.8673],[-122.77858,53.86703],[-122.77873,53.86654],[-122.78034,53.8665],[-122.78073,53.86638],[-122.78237,53.86633],[-122.78242,53.8655],[-122.78287,53.865],[-122.78301,53.86492],[-122.78317,53.86487],[-122.78341,53.86485],[-122.78522,53.86494],[-122.78577,53.86498],[-122.78604,53.86516]]},"properties":{"routeId":"12-PRG","routeShortName":"12","routeLongName":"Parkridge","routeColor":"#FCAF17","routeTextColor":"#FFFFFF","shapeId":"40991","headsigns":["Westgate"],"directions":["0"]}},{"type":"Feature","id":"15-PRG:10033","geometry":{"type":"LineString","coordinates":[[-122.74733,53.91313],[-122.74719,53.91321],[-122.74818,53.9122],[-122.74858,53.91188],[-122.74911,53.91169],[-122.75123,53.91131],[-122.75104,53.91129],[-122.75255,53.91098],[-122.75319,53.91085],[-122.75335,53.91086],[-122.75491,53.91057],[-122.75651,53.91032],[-122.75647,53.91025],[-122.75795,53.90994],[-122.75878,53.90985],[-122.75874,53.90978],[-122.75972,53.90964],[-122.76002,53.90966],[-122.76153,53.91006],[-122.76281,53.91033],[-122.76571,53.91046],[-122.76785,53.91042],[-122.7694,53.91042],[-122.76973,53.91046],[-122.76997,53.91042],[-122.77176,53.91042],[-122.7727,53.91048],[-122.7727,53.91042],[-122.77447,53.91042],[-122.77562,53.91046],[-122.77821,53.91042],[-122.77921,53.9105],[-122.77921,53.91042],[-122.7812,53.91043],[-122.78318,53.9105],[-122.78318,53.91043],[-122.78532,53.91043],[-122.78704,53.91047],[-122.78935,53.91043],[-122.79116,53.91048],[-122.79133,53.91044],[-122.7936,53.91044],[-122.79552,53.91049],[-122.79644,53.91044],[-122.79644,53.91033],[-122.79801,53.91033],[-122.79824,53.91043],[-122.80002,53.91044],[-122.80109,53.9105],[-122.80109,53.91044],[-122.80291,53.91045],[-122.80402,53.91049],[-122.80449,53.91045],[-122.80449,53.91027],[-122.80483,53.91028],[-122.80512,53.91035],[-122.80861,53.91051],[-122.80861,53.91044],[-122.81148,53.91044],[-122.81246,53.91049],[-122.81245,53.91042],[-122.81315,53.9104],[-122.81443,53.91016],[-122.81501,53.90992],[-122.81561,53.90949],[-122.81605,53.90874],[-122.81607,53.90836],[-122.81441,53.90516],[-122.81375,53.90303],[-122.812,53.89968],[-122.80977,53.89681],[-122.80884,53.89489],[-122.80865,53.89383],[-122.80858,53.89371],[-122.80862,53.89055],[-122.80865,53.88962],[-122.80881,53.88895],[-122.80931,53.88824],[-122.81041,53.88764],[-122.81103,53.88745],[-122.81225,53.8873],[-122.81361,53.88734],[-122.81358,53.88787],[-122.81369,53.88816],[-122.8145,53.88891],[-122.81471,53.88944],[-122.81472,53.88966],[-122.81422,53.89079],[-122.81403,53.89083],[-122.81393,53.8909],[-122.81364,53.89128]]},"properties":{"routeId":"15-PRG","routeShortName":"15","routeLongName":"UNBC/Downtown","routeColor":"#00AA47","routeTextColor":"#FFFFFF","shapeId":"10033","headsigns":["UNBC"],"directions":["1"]}},{"type":"Feature","id":"15-PRG:10094","geometry":{"type":"LineString","coordinates":[[-122.81364,53.89128],[-122.81376,53.8913],[-122.8138,53.89142],[-122.81394,53.89147],[-122.81411,53.89147],[-122.81424,53.89141],[-122.81445,53.89099],[-122.81441,53.89088],[-122.81422,53.89079],[-122.81472,53.88966],[-122.81471,53.88944],[-122.8145,53.88891],[-122.81369,53.88816],[-122.81358,53.88787],[-122.81361,53.88734],[-122.81167,53.88734],[-122.81103,53.88745],[-122.81041,53.88764],[-122.80931,53.88824],[-122.80881,53.88895],[-122.80858,53.89371],[-122.80854,53.89384],[-122.80873,53.8949],[-122.80967,53.89684],[-122.81182,53.89969],[-122.81351,53.90288],[-122.81469,53.90625],[-122.8157,53.90788],[-122.81589,53.90835],[-122.81586,53.90882],[-122.81575,53.90908],[-122.81548,53.90943],[-122.81503,53.90979],[-122.81442,53.91006],[-122.81371,53.91024],[-122.81171,53.91029],[-122.81073,53.91021],[-122.81073,53.91028],[-122.80746,53.91029],[-122.80588,53.91027],[-122.80511,53.91023],[-122.80483,53.91028],[-122.80374,53.91019],[-122.80374,53.91027],[-122.80076,53.91026],[-122.79916,53.91025],[-122.79888,53.91022],[-122.79735,53.91022],[-122.7963,53.91016],[-122.7963,53.91022],[-122.79553,53.91022],[-122.7954,53.91026],[-122.79352,53.91026],[-122.79303,53.9102],[-122.79279,53.91026],[-122.7913,53.91027],[-122.7911,53.91022],[-122.78921,53.91022],[-122.78695,53.91023],[-122.7863,53.91015],[-122.7863,53.91023],[-122.78472,53.91024],[-122.78308,53.91027],[-122.78124,53.9103],[-122.78065,53.91023],[-122.78065,53.9103],[-122.77834,53.91031],[-122.7779,53.91022],[-122.7779,53.91031],[-122.77524,53.91031],[-122.77482,53.91024],[-122.77482,53.91031],[-122.77238,53.91031],[-122.7719,53.91027],[-122.7694,53.91031],[-122.7685,53.91031],[-122.76887,53.91024],[-122.7685,53.91031],[-122.76644,53.91031],[-122.76613,53.91025],[-122.76621,53.91031],[-122.76399,53.91031],[-122.76245,53.91017],[-122.7605,53.90967],[-122.76001,53.90955],[-122.75969,53.90952],[-122.75925,53.90956],[-122.75796,53.90983],[-122.75747,53.90984],[-122.75752,53.90992],[-122.75563,53.9103],[-122.75495,53.91043],[-122.75491,53.91057],[-122.75457,53.91103],[-122.75455,53.91114],[-122.75392,53.91167],[-122.75414,53.91171],[-122.75322,53.91284],[-122.75258,53.91348],[-122.75273,53.91346],[-122.75197,53.91438],[-122.75131,53.91519],[-122.75104,53.91538],[-122.75114,53.91539],[-122.75038,53.91633],[-122.75012,53.91647],[-122.75024,53.9165],[-122.74917,53.91764],[-122.74929,53.91767],[-122.74847,53.91868],[-122.74773,53.91956],[-122.74741,53.91966],[-122.74698,53.91972],[-122.74441,53.91901],[-122.74381,53.91876],[-122.74375,53.91883],[-122.74289,53.91859],[-122.74383,53.9176],[-122.7437,53.91755],[-122.74449,53.91656],[-122.74509,53.91595],[-122.745,53.91592],[-122.74573,53.91502],[-122.74634,53.91441],[-122.74625,53.91438],[-122.74697,53.91349],[-122.74733,53.91313]]},"properties":{"routeId":"15-PRG","routeShortName":"15","routeLongName":"UNBC/Downtown","routeColor":"#00AA47","routeTextColor":"#FFFFFF","shapeId":"10094","headsigns":["Downtown"],"directions":["0"]}},{"type":"Feature","id":"15-PRG:4499","geometry":{"type":"LineString","coordinates":[[-122.81073,53.91021],[-122.81073,53.91028],[-122.80746,53.91029],[-122.80588,53.91027],[-122.80511,53.91023],[-122.80483,53.91028],[-122.80374,53.91019],[-122.80374,53.91027],[-122.80076,53.91026],[-122.79916,53.91025],[-122.79888,53.91022],[-122.79735,53.91022],[-122.7963,53.91016],[-122.7963,53.91022],[-122.79553,53.91022],[-122.7954,53.91026],[-122.79352,53.91026],[-122.79303,53.9102],[-122.79279,53.91026],[-122.7913,53.91027],[-122.7911,53.91022],[-122.78921,53.91022],[-122.78695,53.91023],[-122.7863,53.91015],[-122.7863,53.91023],[-122.78472,53.91024],[-122.78308,53.91027],[-122.78124,53.9103],[-122.78065,53.91023],[-122.78065,53.9103],[-122.77834,53.91031],[-122.7779,53.91022],[-122.7779,53.91031],[-122.77524,53.91031],[-122.77482,53.91024],[-122.77482,53.91031],[-122.77238,53.91031],[-122.7719,53.91027],[-122.7694,53.91031],[-122.7685,53.91031],[-122.76887,53.91024],[-122.7685,53.91031],[-122.76644,53.91031],[-122.76613,53.91025],[-122.76621,53.91031],[-122.76399,53.91031],[-122.76245,53.91017],[-122.7605,53.90967],[-122.76001,53.90955],[-122.75969,53.90952],[-122.75925,53.90956],[-122.75796,53.90983],[-122.75747,53.90984],[-122.75752,53.90992],[-122.75563,53.9103],[-122.75495,53.91043],[-122.75491,53.91057],[-122.75457,53.91103],[-122.75455,53.91114],[-122.75392,53.91167],[-122.75414,53.91171],[-122.75322,53.91284],[-122.75258,53.91348],[-122.75273,53.91346],[-122.75197,53.91438],[-122.75131,53.91519],[-122.75104,53.91538],[-122.75114,53.91539],[-122.75038,53.91633],[-122.75012,53.91647],[-122.75024,53.9165],[-122.74917,53.91764],[-122.74929,53.91767],[-122.74847,53.91868],[-122.74773,53.91956],[-122.74741,53.91966],[-122.74698,53.91972],[-122.74441,53.91901],[-122.74381,53.91876],[-122.74375,53.91883],[-122.74289,53.91859],[-122.74383,53.9176],[-122.7437,53.91755],[-122.74449,53.91656],[-122.74509,53.91595],[-122.745,53.91592],[-122.74573,53.91502],[-122.74634,53.91441],[-122.74625,53.91438],[-122.74697,53.91349],[-122.74733,53.91313]]},"properties":{"routeId":"15-PRG","routeShortName":"15","routeLongName":"UNBC/Downtown","routeColor":"#00AA47","routeTextColor":"#FFFFFF","shapeId":"4499","headsigns":["Downtown"],"directions":["0"]}},{"type":"Feature","id":"16-PRG:3126","geometry":{"type":"LineString","coordinates":[[-122.77445,53.86819],[-122.77151,53.86775],[-122.77081,53.86757],[-122.77009,53.86728],[-122.76942,53.86689],[-122.76875,53.86614],[-122.76835,53.86503],[-122.76716,53.86364],[-122.76653,53.8628],[-122.76652,53.86221],[-122.76647,53.86207],[-122.76644,53.86055],[-122.76648,53.86023],[-122.7664,53.85928],[-122.76659,53.8588],[-122.76678,53.85855],[-122.76738,53.85816],[-122.76785,53.85778],[-122.76791,53.85766],[-122.7693,53.85692],[-122.76985,53.85649],[-122.77014,53.85598],[-122.77054,53.85419],[-122.77087,53.85254],[-122.77052,53.85009],[-122.77057,53.85011],[-122.7705,53.85001],[-122.7704,53.84939],[-122.77048,53.84896],[-122.76874,53.84888],[-122.76876,53.84893],[-122.76721,53.84905],[-122.7658,53.8491],[-122.76369,53.84934],[-122.76207,53.84967],[-122.76197,53.84973],[-122.76152,53.84987],[-122.76242,53.85094],[-122.76245,53.85133],[-122.76234,53.85158],[-122.76208,53.85177],[-122.76209,53.85186],[-122.76065,53.853],[-122.76034,53.85327],[-122.76014,53.85377],[-122.76022,53.85483],[-122.7598,53.85479],[-122.75827,53.85493],[-122.75801,53.85506],[-122.75773,53.85539],[-122.75787,53.85629],[-122.75864,53.85719],[-122.75885,53.8574],[-122.76002,53.8581],[-122.76247,53.85854],[-122.76189,53.86014],[-122.76177,53.86051],[-122.76213,53.86169],[-122.76214,53.86265],[-122.76209,53.86287],[-122.76216,53.86407],[-122.76236,53.86459],[-122.7625,53.86466],[-122.76269,53.86485],[-122.7639,53.8655],[-122.7644,53.86586],[-122.7645,53.86589],[-122.76492,53.86637],[-122.7651,53.86695],[-122.7647,53.86819],[-122.76428,53.86955],[-122.76438,53.87065],[-122.76525,53.87172],[-122.76551,53.872],[-122.76812,53.87363],[-122.76842,53.87381],[-122.76903,53.87353],[-122.7705,53.87266],[-122.77099,53.87248],[-122.77304,53.87217],[-122.77463,53.87192],[-122.77576,53.87197],[-122.77714,53.87228],[-122.77735,53.87207],[-122.77725,53.87205],[-122.77729,53.87196],[-122.77722,53.87161],[-122.77645,53.87081],[-122.77613,53.87035],[-122.77615,53.87023],[-122.77607,53.87015],[-122.77607,53.86961],[-122.77644,53.86871],[-122.77786,53.86899],[-122.77974,53.86919],[-122.78554,53.86991],[-122.78597,53.87],[-122.78701,53.87002],[-122.78771,53.86992],[-122.78909,53.8695],[-122.79035,53.86931],[-122.79251,53.86923],[-122.79398,53.86922],[-122.79412,53.86919],[-122.79605,53.86946],[-122.79756,53.86993],[-122.79942,53.871],[-122.80191,53.87197],[-122.80235,53.87217],[-122.80191,53.87197],[-122.80335,53.87266],[-122.80416,53.87329],[-122.80492,53.87421],[-122.80668,53.87702],[-122.80939,53.88142],[-122.81063,53.8827],[-122.8117,53.88336],[-122.81552,53.88474],[-122.81664,53.88533],[-122.81737,53.88593],[-122.81756,53.8862],[-122.81762,53.88648],[-122.8174,53.88682],[-122.81703,53.8871],[-122.81649,53.88726],[-122.81361,53.88734],[-122.81358,53.88787],[-122.81369,53.88816],[-122.8145,53.88891],[-122.81471,53.88944],[-122.81472,53.88966],[-122.81422,53.89079],[-122.81403,53.89083],[-122.81393,53.8909],[-122.81364,53.89128]]},"properties":{"routeId":"16-PRG","routeShortName":"16","routeLongName":"UNBC/College Heights","routeColor":"#ED1D8F","routeTextColor":"#FFFFFF","shapeId":"3126","headsigns":["Unbc"],"directions":["1"]}},{"type":"Feature","id":"16-PRG:3130","geometry":{"type":"LineString","coordinates":[[-122.81364,53.89128],[-122.81376,53.8913],[-122.8138,53.89142],[-122.81394,53.89147],[-122.81411,53.89147],[-122.81424,53.89141],[-122.81445,53.89099],[-122.81441,53.89088],[-122.81422,53.89079],[-122.81472,53.88966],[-122.81471,53.88944],[-122.8145,53.88891],[-122.81369,53.88816],[-122.81358,53.88787],[-122.81361,53.88734],[-122.81552,53.88735],[-122.81649,53.88726],[-122.81703,53.8871],[-122.8174,53.88682],[-122.81762,53.88648],[-122.81756,53.8862],[-122.81737,53.88593],[-122.81664,53.88533],[-122.81552,53.88474],[-122.8126,53.88374],[-122.8117,53.88336],[-122.81063,53.8827],[-122.80939,53.88142],[-122.80709,53.87767],[-122.80492,53.87421],[-122.80416,53.87329],[-122.80253,53.87221],[-122.80196,53.87195],[-122.79942,53.871],[-122.79756,53.86993],[-122.79605,53.86946],[-122.79412,53.86919],[-122.79399,53.86915],[-122.79208,53.86912],[-122.7895,53.86929],[-122.78732,53.86988],[-122.78624,53.86991],[-122.78501,53.86967],[-122.78499,53.86974],[-122.78127,53.86925],[-122.77903,53.86896],[-122.77703,53.86868],[-122.77445,53.86819],[-122.77151,53.86775],[-122.77081,53.86757],[-122.77009,53.86728],[-122.76942,53.86689],[-122.76875,53.86614],[-122.76835,53.86503],[-122.76716,53.86364],[-122.76653,53.8628],[-122.76652,53.86221],[-122.76647,53.86207],[-122.76644,53.86055],[-122.76648,53.86023],[-122.7664,53.85928],[-122.76659,53.8588],[-122.76678,53.85855],[-122.76738,53.85816],[-122.76785,53.85778],[-122.76791,53.85766],[-122.7693,53.85692],[-122.76985,53.85649],[-122.77014,53.85598],[-122.77054,53.85419],[-122.77087,53.85254],[-122.77052,53.85009],[-122.77057,53.85011],[-122.7705,53.85001],[-122.7704,53.84939],[-122.77048,53.84896],[-122.76874,53.84888],[-122.76876,53.84893],[-122.76721,53.84905],[-122.7658,53.8491],[-122.76369,53.84934],[-122.76207,53.84967],[-122.76197,53.84973],[-122.76152,53.84987],[-122.76242,53.85094],[-122.76245,53.85133],[-122.76234,53.85158],[-122.76208,53.85177],[-122.76209,53.85186],[-122.76065,53.853],[-122.76034,53.85327],[-122.76014,53.85377],[-122.76022,53.85483],[-122.7598,53.85479],[-122.75827,53.85493],[-122.75801,53.85506],[-122.75773,53.85539],[-122.75787,53.85629],[-122.75864,53.85719],[-122.75885,53.8574],[-122.76002,53.8581],[-122.76247,53.85854],[-122.76189,53.86014],[-122.76177,53.86051],[-122.76213,53.86169],[-122.76214,53.86265],[-122.76209,53.86287],[-122.76216,53.86407],[-122.76236,53.86459],[-122.7625,53.86466],[-122.76269,53.86485],[-122.7639,53.8655],[-122.7644,53.86586],[-122.7645,53.86589],[-122.76492,53.86637],[-122.7651,53.86695],[-122.7647,53.86819],[-122.76428,53.86955],[-122.76438,53.87065],[-122.76525,53.87172],[-122.76551,53.872],[-122.76812,53.87363],[-122.76842,53.87381],[-122.76903,53.87353],[-122.7705,53.87266],[-122.77099,53.87248],[-122.77304,53.87217],[-122.77463,53.87192],[-122.77576,53.87197],[-122.77714,53.87228],[-122.77735,53.87207],[-122.77725,53.87205],[-122.77729,53.87196],[-122.77722,53.87161],[-122.77645,53.87081],[-122.77613,53.87035],[-122.77615,53.87023],[-122.77607,53.87015],[-122.77607,53.86961],[-122.77644,53.86871],[-122.77786,53.86899],[-122.77974,53.86919],[-122.78554,53.86991],[-122.78597,53.87],[-122.78701,53.87002],[-122.78771,53.86992],[-122.78909,53.8695],[-122.79035,53.86931],[-122.79251,53.86923],[-122.79398,53.86922],[-122.79412,53.86919],[-122.79605,53.86946],[-122.79756,53.86993],[-122.79942,53.871],[-122.80191,53.87197],[-122.80235,53.87217],[-122.80191,53.87197],[-122.80335,53.87266],[-122.80416,53.87329],[-122.80492,53.87421],[-122.80668,53.87702],[-122.80939,53.88142],[-122.81063,53.8827],[-122.8117,53.88336],[-122.81552,53.88474],[-122.81664,53.88533],[-122.81737,53.88593],[-122.81756,53.8862],[-122.81762,53.88648],[-122.8174,53.88682],[-122.81703,53.8871],[-122.81649,53.88726],[-122.81361,53.88734],[-122.81358,53.88787],[-122.81369,53.88816],[-122.8145,53.88891],[-122.81471,53.88944],[-122.81472,53.88966],[-122.81422,53.89079],[-122.81403,53.89083],[-122.81393,53.8909],[-122.81364,53.89128]]},"properties":{"routeId":"16-PRG","routeShortName":"16","routeLongName":"UNBC/College Heights","routeColor":"#ED1D8F","routeTextColor":"#FFFFFF","shapeId":"3130","headsigns":["College Heights"],"directions":["1"]}},{"type":"Feature","id":"16-PRG:36414","geometry":{"type":"LineString","coordinates":[[-122.81364,53.89128],[-122.81376,53.8913],[-122.8138,53.89142],[-122.81394,53.89147],[-122.81411,53.89147],[-122.81424,53.89141],[-122.81445,53.89099],[-122.81441,53.89088],[-122.81422,53.89079],[-122.81472,53.88966],[-122.81471,53.88944],[-122.8145,53.88891],[-122.81369,53.88816],[-122.81358,53.88787],[-122.81361,53.88734],[-122.81552,53.88735],[-122.81649,53.88726],[-122.81703,53.8871],[-122.8174,53.88682],[-122.81762,53.88648],[-122.81756,53.8862],[-122.81737,53.88593],[-122.81664,53.88533],[-122.81552,53.88474],[-122.8126,53.88374],[-122.8117,53.88336],[-122.81063,53.8827],[-122.80939,53.88142],[-122.80709,53.87767],[-122.80492,53.87421],[-122.80416,53.87329],[-122.80253,53.87221],[-122.80196,53.87195],[-122.79942,53.871],[-122.79756,53.86993],[-122.79605,53.86946],[-122.79412,53.86919],[-122.79399,53.86915],[-122.79208,53.86912],[-122.7895,53.86929],[-122.78732,53.86988],[-122.78624,53.86991],[-122.78501,53.86967],[-122.78499,53.86974],[-122.78127,53.86925],[-122.77903,53.86896],[-122.77703,53.86868],[-122.77445,53.86819],[-122.77151,53.86775],[-122.77081,53.86757],[-122.77009,53.86728],[-122.76942,53.86689],[-122.76875,53.86614],[-122.76835,53.86503],[-122.76716,53.86364],[-122.76653,53.8628],[-122.76652,53.86221],[-122.76647,53.86207],[-122.76644,53.86055],[-122.76648,53.86023],[-122.7664,53.85928],[-122.76659,53.8588],[-122.76678,53.85855],[-122.76738,53.85816],[-122.76785,53.85778],[-122.76791,53.85766],[-122.7693,53.85692],[-122.76985,53.85649],[-122.77014,53.85598],[-122.77054,53.85419],[-122.77087,53.85254],[-122.77052,53.85009],[-122.77057,53.85011],[-122.7705,53.85001],[-122.7704,53.84939],[-122.77048,53.84896],[-122.76874,53.84888],[-122.76876,53.84893],[-122.76721,53.84905],[-122.7658,53.8491],[-122.76369,53.84934],[-122.76207,53.84967],[-122.76197,53.84973],[-122.76152,53.84987],[-122.76242,53.85094],[-122.76245,53.85133],[-122.76234,53.85158],[-122.76208,53.85177],[-122.76209,53.85186],[-122.76065,53.853],[-122.76034,53.85327],[-122.76014,53.85377],[-122.76022,53.85483],[-122.7598,53.85479],[-122.75827,53.85493],[-122.75801,53.85506],[-122.75773,53.85539],[-122.75787,53.85629],[-122.75864,53.85719],[-122.75885,53.8574],[-122.76002,53.8581],[-122.76247,53.85854],[-122.76189,53.86014],[-122.76177,53.86051],[-122.76213,53.86169],[-122.76214,53.86265],[-122.76209,53.86287],[-122.76216,53.86407],[-122.76236,53.86459],[-122.7625,53.86466],[-122.76269,53.86485],[-122.7639,53.8655],[-122.7644,53.86586],[-122.7645,53.86589],[-122.76492,53.86637],[-122.7651,53.86695],[-122.7647,53.86819],[-122.76428,53.86955],[-122.76438,53.87065],[-122.76525,53.87172],[-122.76551,53.872],[-122.76812,53.87363],[-122.76842,53.87381],[-122.76903,53.87353],[-122.7705,53.87266],[-122.77099,53.87248],[-122.77304,53.87217],[-122.77463,53.87192],[-122.77576,53.87197],[-122.77714,53.87228],[-122.77735,53.87207],[-122.77725,53.87205],[-122.77729,53.87196],[-122.77722,53.87161],[-122.77645,53.87081],[-122.77613,53.87035],[-122.77615,53.87023],[-122.77607,53.87015],[-122.77607,53.86961],[-122.77644,53.86871],[-122.77786,53.86899],[-122.77974,53.86919],[-122.78554,53.86991],[-122.78597,53.87],[-122.78701,53.87002],[-122.78771,53.86992],[-122.78909,53.8695],[-122.79035,53.86931],[-122.79251,53.86923],[-122.79398,53.86922],[-122.79412,53.86919],[-122.79605,53.86946],[-122.79756,53.86993],[-122.79942,53.871],[-122.80191,53.87197],[-122.80235,53.87217],[-122.80191,53.87197],[-122.80335,53.87266],[-122.80416,53.87329],[-122.80492,53.87421],[-122.80668,53.87702],[-122.80939,53.88142],[-122.81063,53.8827],[-122.8117,53.88336],[-122.81552,53.88474],[-122.81664,53.88533],[-122.81737,53.88593],[-122.81756,53.8862],[-122.81762,53.88648],[-122.8174,53.88682],[-122.81703,53.8871],[-122.81649,53.88726],[-122.81361,53.88734],[-122.81358,53.88787],[-122.81369,53.88816],[-122.8145,53.88891],[-122.81471,53.88944],[-122.81472,53.88966],[-122.81422,53.89079],[-122.81403,53.89083],[-122.81393,53.8909],[-122.81364,53.89128]]},"properties":{"routeId":"16-PRG","routeShortName":"16","routeLongName":"UNBC/College Heights","routeColor":"#ED1D8F","routeTextColor":"#FFFFFF","shapeId":"36414","headsigns":["College Heights"],"directions":["1"]}},{"type":"Feature","id":"19-PRG:3115","geometry":{"type":"LineString","coordinates":[[-122.81364,53.89128],[-122.81376,53.8913],[-122.8138,53.89142],[-122.81394,53.89147],[-122.81411,53.89147],[-122.81424,53.89141],[-122.81445,53.89099],[-122.81441,53.89088],[-122.81422,53.89079],[-122.81472,53.88966],[-122.81471,53.88944],[-122.8145,53.88891],[-122.81369,53.88816],[-122.81358,53.88787],[-122.81361,53.88734],[-122.81552,53.88735],[-122.81649,53.88726],[-122.81703,53.8871],[-122.8174,53.88682],[-122.81762,53.88648],[-122.81756,53.8862],[-122.81737,53.88593],[-122.81664,53.88533],[-122.81552,53.88474],[-122.8126,53.88374],[-122.8117,53.88336],[-122.81063,53.8827],[-122.80939,53.88142],[-122.80709,53.87767],[-122.80492,53.87421],[-122.80416,53.87329],[-122.80253,53.87221],[-122.80196,53.87195],[-122.79942,53.871],[-122.79756,53.86993],[-122.79605,53.86946],[-122.79412,53.86919],[-122.79399,53.86915],[-122.79208,53.86912],[-122.7895,53.86929],[-122.78732,53.86988],[-122.78624,53.86991],[-122.78501,53.86967],[-122.78499,53.86974],[-122.78127,53.86925],[-122.77903,53.86896],[-122.77703,53.86868],[-122.77445,53.86819],[-122.77151,53.86775],[-122.77081,53.86757],[-122.77009,53.86728],[-122.76942,53.86689],[-122.76875,53.86614],[-122.76835,53.86503],[-122.76716,53.86364],[-122.76653,53.8628],[-122.76652,53.86221],[-122.76647,53.86207],[-122.76644,53.86055],[-122.76648,53.86023],[-122.7664,53.85928],[-122.76645,53.85906],[-122.76728,53.85907],[-122.76798,53.85892],[-122.76876,53.85851],[-122.76989,53.85789],[-122.77029,53.85768],[-122.77118,53.85638],[-122.77146,53.85614],[-122.772,53.85585],[-122.7725,53.85572],[-122.77339,53.85566],[-122.77558,53.85563],[-122.77729,53.85561],[-122.77794,53.85562],[-122.7786,53.8556],[-122.77866,53.85651],[-122.77879,53.85687],[-122.77902,53.85718],[-122.77965,53.85769],[-122.77981,53.8577],[-122.78134,53.85861],[-122.7823,53.85937],[-122.78297,53.86014],[-122.78301,53.86049],[-122.78304,53.86135],[-122.78322,53.86168],[-122.78365,53.86214],[-122.78585,53.86219],[-122.7868,53.86221],[-122.78801,53.86246],[-122.78887,53.86289],[-122.78893,53.86285],[-122.78919,53.86298],[-122.78781,53.86394],[-122.78766,53.86475],[-122.7875,53.86491],[-122.78727,53.86502],[-122.78695,53.86507],[-122.7866,53.86504],[-122.78634,53.86514],[-122.78604,53.86516],[-122.78575,53.86502],[-122.78341,53.86485],[-122.78317,53.86487],[-122.78301,53.86492],[-122.78287,53.865],[-122.78242,53.8655],[-122.78237,53.86633],[-122.78073,53.86638],[-122.78034,53.86644],[-122.78027,53.86649],[-122.77873,53.86654],[-122.77858,53.86703],[-122.77835,53.8673],[-122.77799,53.86757],[-122.77714,53.86795],[-122.77672,53.86827],[-122.77644,53.86871],[-122.77786,53.86899],[-122.77974,53.86919],[-122.78554,53.86991],[-122.78597,53.87],[-122.78701,53.87002],[-122.78771,53.86992],[-122.78909,53.8695],[-122.79035,53.86931],[-122.79251,53.86923],[-122.79398,53.86922],[-122.79412,53.86919],[-122.79605,53.86946],[-122.79756,53.86993],[-122.79942,53.871],[-122.80191,53.87197],[-122.80235,53.87217],[-122.80191,53.87197],[-122.80335,53.87266],[-122.80416,53.87329],[-122.80492,53.87421],[-122.80668,53.87702],[-122.80939,53.88142],[-122.81063,53.8827],[-122.8117,53.88336],[-122.81552,53.88474],[-122.81664,53.88533],[-122.81737,53.88593],[-122.81756,53.8862],[-122.81762,53.88648],[-122.8174,53.88682],[-122.81703,53.8871],[-122.81649,53.88726],[-122.81361,53.88734],[-122.81358,53.88787],[-122.81369,53.88816],[-122.8145,53.88891],[-122.81471,53.88944],[-122.81472,53.88966],[-122.81422,53.89079],[-122.81403,53.89083],[-122.81393,53.8909],[-122.81364,53.89128]]},"properties":{"routeId":"19-PRG","routeShortName":"19","routeLongName":"UNBC/Westgate","routeColor":"#B2BB1E","routeTextColor":"#FFFFFF","shapeId":"3115","headsigns":["UNBC"],"directions":["0"]}},{"type":"Feature","id":"46-PRG:30001","geometry":{"type":"LineString","coordinates":[[-122.77985,53.89863],[-122.78007,53.89873],[-122.78008,53.89884],[-122.78004,53.8989],[-122.77995,53.89895],[-122.77994,53.89926],[-122.77984,53.89943],[-122.77963,53.89957],[-122.77924,53.89963],[-122.77687,53.90051],[-122.77422,53.90151],[-122.77389,53.90174],[-122.77365,53.90202],[-122.77358,53.90358],[-122.77347,53.90381],[-122.77358,53.90381],[-122.77352,53.90439],[-122.77328,53.90472],[-122.77453,53.905],[-122.77683,53.90512],[-122.77753,53.90509],[-122.77797,53.90498],[-122.77834,53.90479],[-122.77886,53.90436],[-122.77968,53.90361],[-122.78019,53.90316],[-122.78039,53.90305],[-122.78057,53.903],[-122.78087,53.90301],[-122.78105,53.90308],[-122.7812,53.9032],[-122.7812,53.90364],[-122.78367,53.90364],[-122.7839,53.90359],[-122.78492,53.90359],[-122.78442,53.90363],[-122.78531,53.90359],[-122.78575,53.9047],[-122.7857,53.90527],[-122.78579,53.90512],[-122.7858,53.90617],[-122.7858,53.90669],[-122.78595,53.9071],[-122.78589,53.90773],[-122.78596,53.90864],[-122.78695,53.90865],[-122.78695,53.90959],[-122.78695,53.91023],[-122.78598,53.91014],[-122.78598,53.91023],[-122.78358,53.91026],[-122.78181,53.91029],[-122.78065,53.91023],[-122.78065,53.9103],[-122.77834,53.91031],[-122.7779,53.91022],[-122.7779,53.91031],[-122.77524,53.91031],[-122.77482,53.91024],[-122.77482,53.91031],[-122.77238,53.91031],[-122.7719,53.91027],[-122.7694,53.91031],[-122.76927,53.91031],[-122.76937,53.90833],[-122.76926,53.90833],[-122.76926,53.90794],[-122.76915,53.90765],[-122.76888,53.90735],[-122.76756,53.90656],[-122.76718,53.90634],[-122.76613,53.90706],[-122.76608,53.90715],[-122.76571,53.90727],[-122.76581,53.90732],[-122.76458,53.90815],[-122.76386,53.90833],[-122.7618,53.90836],[-122.7618,53.90842],[-122.75999,53.90843],[-122.75876,53.90838],[-122.759,53.90844],[-122.75795,53.90844],[-122.75794,53.90983],[-122.75747,53.90984],[-122.75752,53.90992],[-122.75563,53.9103],[-122.75495,53.91043],[-122.75491,53.91057],[-122.75457,53.91103],[-122.75455,53.91114],[-122.75392,53.91167],[-122.75414,53.91171],[-122.75322,53.91284],[-122.75258,53.91348],[-122.75273,53.91346],[-122.75197,53.91438],[-122.75131,53.91519],[-122.75104,53.91538],[-122.75114,53.91539],[-122.75038,53.91633],[-122.74882,53.9159],[-122.74729,53.91546],[-122.74689,53.91571],[-122.74705,53.91576],[-122.74637,53.91659],[-122.74571,53.9174],[-122.74544,53.91754],[-122.74557,53.91758],[-122.74441,53.91901],[-122.74381,53.91876],[-122.74375,53.91883],[-122.74289,53.91859],[-122.74383,53.9176],[-122.7437,53.91755],[-122.74449,53.91656],[-122.74509,53.91595],[-122.745,53.91592],[-122.74573,53.91502],[-122.74634,53.91441],[-122.74625,53.91438],[-122.74697,53.91349],[-122.74733,53.91313]]},"properties":{"routeId":"46-PRG","routeShortName":"46","routeLongName":"Queensway","routeColor":"#77AF99","routeTextColor":"#FFFFFF","shapeId":"30001","headsigns":["Queensway - To Downtown"],"directions":["0"]}},{"type":"Feature","id":"46-PRG:30005","geometry":{"type":"LineString","coordinates":[[-122.74733,53.91313],[-122.74719,53.91321],[-122.74818,53.9122],[-122.74858,53.91188],[-122.74826,53.91178],[-122.74809,53.91177],[-122.74602,53.91217],[-122.74419,53.91254],[-122.74347,53.91259],[-122.74307,53.91253],[-122.74284,53.91243],[-122.74251,53.91201],[-122.74231,53.9115],[-122.74238,53.91108],[-122.74231,53.91115],[-122.7423,53.91047],[-122.7405,53.91043],[-122.7405,53.91048],[-122.73876,53.91048],[-122.73802,53.91048],[-122.73802,53.90905],[-122.73807,53.90925],[-122.73801,53.90717],[-122.73806,53.90635],[-122.73801,53.90622],[-122.738,53.90545],[-122.74085,53.90546],[-122.74127,53.9055],[-122.7414,53.90546],[-122.74228,53.90546],[-122.74228,53.90646],[-122.74229,53.90847],[-122.74293,53.9085],[-122.74309,53.90845],[-122.74518,53.90845],[-122.7472,53.9085],[-122.74735,53.90846],[-122.74944,53.90846],[-122.75085,53.90844],[-122.75093,53.90599],[-122.75086,53.90583],[-122.75086,53.90546],[-122.74917,53.90546],[-122.74894,53.90538],[-122.74894,53.90546],[-122.74656,53.90547],[-122.74442,53.90542],[-122.74417,53.90546],[-122.74228,53.90546],[-122.7424,53.90486],[-122.74227,53.90486],[-122.74226,53.90378],[-122.74212,53.90333],[-122.74151,53.9025],[-122.7414,53.90217],[-122.74146,53.90138],[-122.74139,53.90129],[-122.74139,53.90036],[-122.74138,53.89945],[-122.74147,53.89821],[-122.74138,53.89808],[-122.74138,53.89683],[-122.74205,53.89687],[-122.7444,53.89683],[-122.74565,53.89689],[-122.74566,53.89683],[-122.74592,53.89683],[-122.74596,53.89504],[-122.74748,53.89503],[-122.74748,53.894],[-122.74757,53.89375],[-122.74749,53.89366],[-122.74749,53.89319],[-122.74794,53.893],[-122.74823,53.89275],[-122.74859,53.89205],[-122.74868,53.89196],[-122.74992,53.89136],[-122.753,53.88996],[-122.75449,53.88928],[-122.75488,53.88917],[-122.75497,53.88906],[-122.75537,53.88892],[-122.75593,53.8888],[-122.758,53.88876],[-122.75875,53.88877],[-122.75836,53.88881],[-122.75875,53.88877],[-122.76073,53.88879],[-122.76132,53.88885],[-122.76133,53.88879],[-122.7643,53.88881],[-122.7644,53.88884],[-122.76652,53.88887],[-122.76745,53.88889],[-122.76749,53.88693],[-122.76747,53.88686],[-122.76757,53.88635],[-122.76861,53.88486],[-122.76895,53.88463],[-122.76914,53.88458],[-122.7693,53.88456],[-122.77124,53.88458],[-122.77347,53.88457],[-122.77347,53.88365],[-122.77346,53.88231],[-122.77352,53.88189],[-122.77347,53.88175],[-122.77346,53.88095],[-122.77579,53.88095],[-122.77723,53.88103],[-122.77723,53.88095],[-122.77956,53.88095],[-122.77956,53.88277],[-122.77947,53.88323],[-122.77956,53.88323],[-122.77956,53.88458],[-122.77956,53.88578],[-122.77946,53.88678],[-122.77957,53.88678],[-122.77956,53.88818],[-122.77956,53.88828],[-122.78022,53.88834],[-122.78022,53.88828],[-122.78412,53.88828],[-122.7857,53.88828],[-122.7871,53.8883],[-122.78699,53.88862],[-122.7871,53.88862],[-122.7871,53.88889],[-122.78751,53.88971],[-122.78868,53.89084],[-122.78884,53.89103],[-122.78891,53.89208],[-122.78878,53.89243],[-122.78891,53.89243],[-122.7889,53.89335],[-122.78889,53.89514],[-122.78876,53.89619],[-122.78889,53.89619],[-122.78889,53.89711],[-122.78908,53.89758],[-122.78942,53.898],[-122.79059,53.89877],[-122.79065,53.89886],[-122.79066,53.89893],[-122.7906,53.89909],[-122.79,53.89933],[-122.79009,53.89939],[-122.78966,53.89951],[-122.78697,53.89951],[-122.7862,53.89945],[-122.7862,53.89951],[-122.78426,53.89953],[-122.78235,53.89953],[-122.78231,53.89891],[-122.78082,53.89749],[-122.7807,53.89752],[-122.77988,53.89788],[-122.77951,53.89829],[-122.77985,53.89863]]},"properties":{"routeId":"46-PRG","routeShortName":"46","routeLongName":"Queensway","routeColor":"#77AF99","routeTextColor":"#FFFFFF","shapeId":"30005","headsigns":["Queensway - To Pine Centre"],"directions":["1"]}},{"type":"Feature","id":"46-PRG:31957","geometry":{"type":"LineString","coordinates":[[-122.77985,53.89863],[-122.78007,53.89873],[-122.78008,53.89884],[-122.78004,53.8989],[-122.77995,53.89895],[-122.77994,53.89926],[-122.77984,53.89943],[-122.77963,53.89957],[-122.77924,53.89963],[-122.77687,53.90051],[-122.77422,53.90151],[-122.77389,53.90174],[-122.77365,53.90202],[-122.77358,53.90358],[-122.77347,53.90381],[-122.77358,53.90381],[-122.77352,53.90439],[-122.77328,53.90472],[-122.77453,53.905],[-122.77683,53.90512],[-122.77753,53.90509],[-122.77797,53.90498],[-122.77834,53.90479],[-122.77886,53.90436],[-122.77968,53.90361],[-122.78019,53.90316],[-122.78039,53.90305],[-122.78057,53.903],[-122.78087,53.90301],[-122.78105,53.90308],[-122.7812,53.9032],[-122.7812,53.90364],[-122.78367,53.90364],[-122.7839,53.90359],[-122.78492,53.90359],[-122.78442,53.90363],[-122.78531,53.90359],[-122.78575,53.9047],[-122.7857,53.90527],[-122.78579,53.90512],[-122.7858,53.90617],[-122.7858,53.90669],[-122.78595,53.9071],[-122.78589,53.90773],[-122.78596,53.90864],[-122.78695,53.90865],[-122.78695,53.90959],[-122.78695,53.91023],[-122.78598,53.91014],[-122.78598,53.91023],[-122.78358,53.91026],[-122.78181,53.91029],[-122.78065,53.91023],[-122.78065,53.9103],[-122.77834,53.91031],[-122.7779,53.91022],[-122.7779,53.91031],[-122.77524,53.91031],[-122.77482,53.91024],[-122.77482,53.91031],[-122.77238,53.91031],[-122.7719,53.91027],[-122.7694,53.91031],[-122.76927,53.91031],[-122.76937,53.90833],[-122.76926,53.90833],[-122.76926,53.90794],[-122.76915,53.90765],[-122.76888,53.90735],[-122.76756,53.90656],[-122.76718,53.90634],[-122.76613,53.90706],[-122.76608,53.90715],[-122.76571,53.90727],[-122.76581,53.90732],[-122.76458,53.90815],[-122.76386,53.90833],[-122.7618,53.90836],[-122.7618,53.90842],[-122.75999,53.90843],[-122.75876,53.90838],[-122.759,53.90844],[-122.75795,53.90844],[-122.75794,53.90983],[-122.75747,53.90984]]},"properties":{"routeId":"46-PRG","routeShortName":"46","routeLongName":"Queensway","routeColor":"#77AF99","routeTextColor":"#FFFFFF","shapeId":"31957","headsigns":["Queensway to Parkwood"],"directions":["0"]}},{"type":"Feature","id":"47-PRG:30003","geometry":{"type":"LineString","coordinates":[[-122.74733,53.91313],[-122.74719,53.91321],[-122.74818,53.9122],[-122.74858,53.91188],[-122.74911,53.91169],[-122.75123,53.91131],[-122.75104,53.91129],[-122.75255,53.91098],[-122.75319,53.91085],[-122.75335,53.91086],[-122.75491,53.91057],[-122.75651,53.91032],[-122.75647,53.91025],[-122.75795,53.90994],[-122.75806,53.90917],[-122.75795,53.90917],[-122.75795,53.90844],[-122.75999,53.90843],[-122.76188,53.90847],[-122.76188,53.90842],[-122.76276,53.9084],[-122.76339,53.90859],[-122.76372,53.90874],[-122.76499,53.90787],[-122.76605,53.90726],[-122.76599,53.90721],[-122.76608,53.90715],[-122.76621,53.90712],[-122.76701,53.90658],[-122.76716,53.90656],[-122.76756,53.90656],[-122.76888,53.90735],[-122.76915,53.90765],[-122.76926,53.90794],[-122.76918,53.90821],[-122.76926,53.90984],[-122.76927,53.91042],[-122.76973,53.91046],[-122.76997,53.91042],[-122.77176,53.91042],[-122.7727,53.91048],[-122.7727,53.91042],[-122.77447,53.91042],[-122.77562,53.91046],[-122.77821,53.91042],[-122.77921,53.9105],[-122.77921,53.91042],[-122.7812,53.91043],[-122.78318,53.9105],[-122.78318,53.91043],[-122.78471,53.91033],[-122.78696,53.91032],[-122.78708,53.90983],[-122.78695,53.90983],[-122.78695,53.90892],[-122.78695,53.90865],[-122.78596,53.90864],[-122.78602,53.90772],[-122.7858,53.90669],[-122.7858,53.90544],[-122.78584,53.90528],[-122.78565,53.90439],[-122.78531,53.90359],[-122.7839,53.90359],[-122.78369,53.90352],[-122.78184,53.90351],[-122.7812,53.90352],[-122.7812,53.9032],[-122.78105,53.90308],[-122.78087,53.90301],[-122.78057,53.903],[-122.78039,53.90305],[-122.78019,53.90316],[-122.77878,53.90432],[-122.77864,53.90453],[-122.77834,53.90479],[-122.77797,53.90498],[-122.77753,53.90509],[-122.77453,53.905],[-122.77344,53.90476],[-122.77376,53.90432],[-122.77375,53.90269],[-122.7738,53.90203],[-122.77406,53.90173],[-122.77442,53.90153],[-122.77705,53.90062],[-122.7784,53.9001],[-122.77873,53.89997],[-122.77882,53.89987],[-122.77886,53.89977],[-122.7788,53.89968],[-122.7787,53.89961],[-122.77768,53.89935],[-122.77755,53.89922],[-122.77758,53.89913],[-122.77924,53.89841],[-122.77951,53.89829],[-122.77985,53.89863]]},"properties":{"routeId":"47-PRG","routeShortName":"47","routeLongName":"Reverse Queensway","routeColor":"#E270AB","routeTextColor":"#FFFFFF","shapeId":"30003","headsigns":["Queensway - To Pine Centre"],"directions":["1"]}},{"type":"Feature","id":"47-PRG:30025","geometry":{"type":"LineString","coordinates":[[-122.77985,53.89863],[-122.78007,53.89873],[-122.78008,53.89884],[-122.78004,53.8989],[-122.77995,53.89895],[-122.77992,53.89937],[-122.77997,53.89949],[-122.78019,53.89958],[-122.78056,53.89964],[-122.78213,53.89964],[-122.78326,53.89972],[-122.78327,53.89964],[-122.78502,53.89963],[-122.78624,53.89963],[-122.78662,53.8997],[-122.78624,53.89963],[-122.78887,53.89964],[-122.78954,53.89969],[-122.78965,53.89964],[-122.79011,53.89953],[-122.79118,53.89892],[-122.79009,53.89827],[-122.78998,53.89811],[-122.78991,53.89815],[-122.78962,53.89794],[-122.78931,53.89755],[-122.78914,53.89707],[-122.78913,53.89575],[-122.78916,53.89535],[-122.78913,53.89413],[-122.78915,53.89376],[-122.78913,53.89208],[-122.78918,53.89157],[-122.78909,53.89103],[-122.78781,53.88964],[-122.78766,53.88955],[-122.78733,53.88884],[-122.78732,53.88819],[-122.7857,53.88819],[-122.78486,53.88812],[-122.78486,53.88819],[-122.78032,53.88811],[-122.78032,53.88818],[-122.77956,53.88818],[-122.77956,53.88724],[-122.77965,53.88619],[-122.77956,53.88502],[-122.77956,53.88458],[-122.77607,53.88459],[-122.77347,53.88457],[-122.77347,53.88365],[-122.77346,53.88231],[-122.77352,53.88189],[-122.77347,53.88175],[-122.77346,53.88095],[-122.77102,53.88095],[-122.76996,53.88095],[-122.76973,53.88246],[-122.76943,53.88347],[-122.76789,53.88548],[-122.76742,53.88638],[-122.76729,53.88836],[-122.76714,53.88861],[-122.76696,53.88873],[-122.76652,53.8888],[-122.76439,53.88879],[-122.7643,53.88881],[-122.76197,53.88867],[-122.76197,53.88879],[-122.758,53.88876],[-122.75713,53.88869],[-122.75713,53.88876],[-122.75593,53.8888],[-122.75537,53.88892],[-122.753,53.88996],[-122.7511,53.89082],[-122.74924,53.89166],[-122.74868,53.89196],[-122.74823,53.89275],[-122.74794,53.893],[-122.74749,53.89319],[-122.74438,53.89398],[-122.74335,53.89416],[-122.74341,53.89423],[-122.74174,53.89474],[-122.7415,53.89497],[-122.74137,53.8953],[-122.74138,53.89633],[-122.74122,53.89723],[-122.74138,53.89723],[-122.74138,53.89857],[-122.74128,53.90008],[-122.74139,53.90003],[-122.74139,53.90129],[-122.7414,53.90217],[-122.74151,53.9025],[-122.74212,53.90333],[-122.74226,53.90378],[-122.74227,53.90483],[-122.74217,53.90509],[-122.74227,53.90483],[-122.74228,53.90585],[-122.74229,53.90847],[-122.74293,53.9085],[-122.74309,53.90845],[-122.74518,53.90845],[-122.7472,53.9085],[-122.74735,53.90846],[-122.74944,53.90846],[-122.75085,53.90844],[-122.75093,53.90599],[-122.75086,53.90583],[-122.75086,53.90546],[-122.74917,53.90546],[-122.74894,53.90538],[-122.74894,53.90546],[-122.74656,53.90547],[-122.74442,53.90542],[-122.74417,53.90546],[-122.74228,53.90546],[-122.73946,53.90546],[-122.73825,53.90541],[-122.738,53.90545],[-122.73791,53.9066],[-122.73801,53.9066],[-122.73802,53.90847],[-122.73791,53.90993],[-122.73802,53.90993],[-122.73802,53.91048],[-122.74019,53.91048],[-122.74048,53.91052],[-122.7423,53.91047],[-122.74231,53.91091],[-122.74223,53.91115],[-122.74231,53.91091],[-122.74231,53.9115],[-122.74305,53.91276],[-122.74514,53.91235],[-122.7479,53.91179],[-122.74808,53.91187],[-122.74815,53.91194],[-122.74818,53.9122],[-122.74737,53.91298],[-122.74697,53.91349],[-122.7474,53.91367],[-122.74744,53.91362],[-122.75005,53.91436],[-122.75163,53.9148],[-122.75104,53.91538],[-122.75114,53.91539],[-122.75038,53.91633],[-122.75012,53.91647],[-122.75024,53.9165],[-122.74917,53.91764],[-122.74929,53.91767],[-122.74847,53.91868],[-122.74773,53.91956],[-122.74741,53.91966],[-122.74698,53.91972],[-122.74441,53.91901],[-122.74381,53.91876],[-122.74375,53.91883],[-122.74289,53.91859],[-122.74383,53.9176],[-122.7437,53.91755],[-122.74449,53.91656],[-122.74509,53.91595],[-122.745,53.91592],[-122.74573,53.91502],[-122.74634,53.91441],[-122.74625,53.91438],[-122.74697,53.91349],[-122.74733,53.91313]]},"properties":{"routeId":"47-PRG","routeShortName":"47","routeLongName":"Reverse Queensway","routeColor":"#E270AB","routeTextColor":"#FFFFFF","shapeId":"30025","headsigns":["Queensway To Downtown"],"directions":["0"]}},{"type":"Feature","id":"55-PRG:30011","geometry":{"type":"LineString","coordinates":[[-122.74808,53.9137],[-122.74791,53.91375],[-122.74697,53.91349],[-122.74573,53.91502],[-122.74512,53.91556],[-122.74526,53.9156],[-122.74449,53.91656],[-122.74385,53.91736],[-122.74441,53.91761],[-122.74446,53.91754],[-122.74692,53.91823],[-122.74723,53.9184],[-122.74728,53.91834],[-122.74941,53.91892],[-122.7495,53.91894],[-122.7487,53.91883],[-122.7495,53.91894],[-122.74968,53.91899],[-122.75008,53.91896],[-122.75035,53.91888],[-122.75093,53.91856],[-122.75133,53.91854],[-122.75165,53.91856],[-122.75177,53.91868],[-122.75183,53.91861],[-122.75402,53.91932],[-122.75407,53.91925],[-122.75618,53.91988],[-122.75856,53.92044],[-122.76008,53.92063],[-122.76205,53.92076],[-122.76206,53.9207],[-122.76364,53.9207],[-122.7655,53.92077],[-122.7655,53.9207],[-122.76717,53.9207],[-122.7684,53.92075],[-122.76859,53.9207],[-122.77074,53.9207],[-122.77125,53.92076],[-122.77125,53.9207],[-122.773,53.9207],[-122.77425,53.92075],[-122.77425,53.92069],[-122.77604,53.92069],[-122.77824,53.92068],[-122.77873,53.92073],[-122.77873,53.92068],[-122.78037,53.92067],[-122.78181,53.92066],[-122.7818,53.91941],[-122.78193,53.91917],[-122.78202,53.91912],[-122.7822,53.91912],[-122.78228,53.91828],[-122.78222,53.91763],[-122.7843,53.91764],[-122.78416,53.9199],[-122.7843,53.9199],[-122.78431,53.92065],[-122.78652,53.92065],[-122.78688,53.92071],[-122.78699,53.92065],[-122.78876,53.92065],[-122.78987,53.92071],[-122.78988,53.92065],[-122.79177,53.92066],[-122.79225,53.92071],[-122.79243,53.92066],[-122.79413,53.92066],[-122.79511,53.92072],[-122.79511,53.92066],[-122.79617,53.92066],[-122.79631,53.92061],[-122.79976,53.92062],[-122.80018,53.92069],[-122.80018,53.92062],[-122.80285,53.92062],[-122.80332,53.92069],[-122.80333,53.92062],[-122.80574,53.92063],[-122.80597,53.92068],[-122.80751,53.92068],[-122.80772,53.92068],[-122.80772,53.91957],[-122.8078,53.91925],[-122.80764,53.91928],[-122.80727,53.91711],[-122.80718,53.91569],[-122.80718,53.91406],[-122.8073,53.91342],[-122.80718,53.91336],[-122.80718,53.91239],[-122.80723,53.91127],[-122.80714,53.91043],[-122.80861,53.91051],[-122.80861,53.91044],[-122.81148,53.91044],[-122.81171,53.91044],[-122.81179,53.90963],[-122.81167,53.90852],[-122.81124,53.90753],[-122.81104,53.90738],[-122.80888,53.90735],[-122.80534,53.90733],[-122.80375,53.90734],[-122.80349,53.90727],[-122.80348,53.90734],[-122.80187,53.90733],[-122.80002,53.90733],[-122.79761,53.90732],[-122.79774,53.90663],[-122.79761,53.90664],[-122.79763,53.90484],[-122.7977,53.90458],[-122.79764,53.90371],[-122.79756,53.90327],[-122.79708,53.90252],[-122.79595,53.90165],[-122.79587,53.9017],[-122.79472,53.90102],[-122.79397,53.90047],[-122.79388,53.90052],[-122.79151,53.89911],[-122.79104,53.89884],[-122.79,53.89933],[-122.79009,53.89939],[-122.78966,53.89951],[-122.78697,53.89951],[-122.7862,53.89945],[-122.7862,53.89951],[-122.78426,53.89953],[-122.78235,53.89953],[-122.78046,53.89952],[-122.78017,53.89946],[-122.78008,53.89943],[-122.78,53.89937],[-122.77994,53.89926],[-122.77995,53.89882],[-122.77958,53.89848]]},"properties":{"routeId":"55-PRG","routeShortName":"55","routeLongName":"5th/Victoria","routeColor":"#5D87A1","routeTextColor":"#FFFFFF","shapeId":"30011","headsigns":["Victoria - To Pine Centre"],"directions":["0"]}},{"type":"Feature","id":"55-PRG:30031","geometry":{"type":"LineString","coordinates":[[-122.78228,53.91828],[-122.78222,53.91763],[-122.7843,53.91764],[-122.78416,53.9199],[-122.7843,53.9199],[-122.78431,53.92065],[-122.78652,53.92065],[-122.78688,53.92071],[-122.78699,53.92065],[-122.78876,53.92065],[-122.78987,53.92071],[-122.78988,53.92065],[-122.79177,53.92066],[-122.79225,53.92071],[-122.79243,53.92066],[-122.79413,53.92066],[-122.79511,53.92072],[-122.79511,53.92066],[-122.79617,53.92066],[-122.79631,53.92061],[-122.79976,53.92062],[-122.80018,53.92069],[-122.80018,53.92062],[-122.80285,53.92062],[-122.80332,53.92069],[-122.80333,53.92062],[-122.80574,53.92063],[-122.80597,53.92068],[-122.80751,53.92068],[-122.80772,53.92068],[-122.80772,53.91957],[-122.8078,53.91925],[-122.80764,53.91928],[-122.80727,53.91711],[-122.80718,53.91569],[-122.80718,53.91406],[-122.8073,53.91342],[-122.80718,53.91336],[-122.80718,53.91239],[-122.80723,53.91127],[-122.80714,53.91043],[-122.80861,53.91051],[-122.80861,53.91044],[-122.81148,53.91044],[-122.81171,53.91044],[-122.81179,53.90963],[-122.81167,53.90852],[-122.81124,53.90753],[-122.81104,53.90738],[-122.80888,53.90735],[-122.80534,53.90733],[-122.80375,53.90734],[-122.80349,53.90727],[-122.80348,53.90734],[-122.80187,53.90733],[-122.80002,53.90733],[-122.79761,53.90732],[-122.79774,53.90663],[-122.79761,53.90664],[-122.79763,53.90484],[-122.7977,53.90458],[-122.79764,53.90371],[-122.79756,53.90327],[-122.79708,53.90252],[-122.79595,53.90165],[-122.79587,53.9017],[-122.79472,53.90102],[-122.79397,53.90047],[-122.79388,53.90052],[-122.79151,53.89911],[-122.79104,53.89884],[-122.79,53.89933],[-122.79009,53.89939],[-122.78966,53.89951],[-122.78697,53.89951],[-122.7862,53.89945],[-122.7862,53.89951],[-122.78426,53.89953],[-122.78235,53.89953],[-122.78046,53.89952],[-122.78017,53.89946],[-122.78008,53.89943],[-122.78,53.89937],[-122.77994,53.89926],[-122.77995,53.89882],[-122.77958,53.89848]]},"properties":{"routeId":"55-PRG","routeShortName":"55","routeLongName":"5th/Victoria","routeColor":"#5D87A1","routeTextColor":"#FFFFFF","shapeId":"30031","headsigns":["Victoria - To Pine Centre"],"directions":["0"]}},{"type":"Feature","id":"55-PRG:30055","geometry":{"type":"LineString","coordinates":[[-122.74808,53.9137],[-122.74791,53.91375],[-122.74697,53.91349],[-122.74573,53.91502],[-122.74512,53.91556],[-122.74526,53.9156],[-122.74449,53.91656],[-122.74385,53.91736],[-122.74441,53.91761],[-122.74446,53.91754],[-122.74692,53.91823],[-122.74723,53.9184],[-122.74728,53.91834],[-122.74941,53.91892],[-122.7495,53.91894],[-122.7487,53.91883],[-122.7495,53.91894],[-122.74968,53.91899],[-122.75008,53.91896],[-122.75035,53.91888],[-122.75093,53.91856],[-122.75133,53.91854],[-122.75165,53.91856],[-122.75177,53.91868],[-122.75183,53.91861],[-122.75402,53.91932],[-122.75407,53.91925],[-122.75618,53.91988],[-122.75856,53.92044],[-122.76008,53.92063],[-122.76205,53.92076],[-122.76206,53.9207],[-122.76364,53.9207],[-122.7655,53.92077],[-122.7655,53.9207],[-122.76717,53.9207],[-122.7684,53.92075],[-122.76859,53.9207],[-122.77074,53.9207],[-122.77125,53.92076],[-122.77125,53.9207],[-122.773,53.9207],[-122.77425,53.92075],[-122.77425,53.92069],[-122.77604,53.92069],[-122.77824,53.92068],[-122.77873,53.92073],[-122.77873,53.92068],[-122.78037,53.92067],[-122.78181,53.92066],[-122.7818,53.91941],[-122.78193,53.91917],[-122.78202,53.91912],[-122.7822,53.91912],[-122.78228,53.91828],[-122.78222,53.91763],[-122.7843,53.91764],[-122.78416,53.9199],[-122.7843,53.9199],[-122.78431,53.92065],[-122.78652,53.92065],[-122.78688,53.92071],[-122.78699,53.92065],[-122.78876,53.92065],[-122.78987,53.92071],[-122.78988,53.92065],[-122.79177,53.92066],[-122.79225,53.92071],[-122.79243,53.92066],[-122.79413,53.92066],[-122.79511,53.92072],[-122.79511,53.92066],[-122.79617,53.92066],[-122.79631,53.92061],[-122.79976,53.92062],[-122.80018,53.92069],[-122.80018,53.92062],[-122.80285,53.92062],[-122.80332,53.92069],[-122.80333,53.92062],[-122.80574,53.92063],[-122.80597,53.92068],[-122.80751,53.92068],[-122.80772,53.92068],[-122.80772,53.91957],[-122.8078,53.91925],[-122.80764,53.91928],[-122.80727,53.91711],[-122.80718,53.91569],[-122.80718,53.91406],[-122.8073,53.91342],[-122.80718,53.91336],[-122.80718,53.91239],[-122.80723,53.91127],[-122.80714,53.91043],[-122.80861,53.91051],[-122.80861,53.91044],[-122.81148,53.91044],[-122.81171,53.91044],[-122.81179,53.90963]]},"properties":{"routeId":"55-PRG","routeShortName":"55","routeLongName":"5th/Victoria","routeColor":"#5D87A1","routeTextColor":"#FFFFFF","shapeId":"30055","headsigns":["Victoria to Foothills"],"directions":["0"]}},{"type":"Feature","id":"55-PRG:30061","geometry":{"type":"LineString","coordinates":[[-122.77958,53.89848],[-122.77937,53.89835],[-122.77951,53.89829],[-122.77988,53.89788],[-122.7807,53.89752],[-122.78161,53.89841],[-122.78216,53.89896],[-122.78218,53.89964],[-122.78326,53.89972],[-122.78327,53.89964],[-122.78502,53.89963],[-122.78624,53.89963],[-122.78662,53.8997],[-122.78624,53.89963],[-122.78887,53.89964],[-122.78954,53.89969],[-122.78965,53.89964],[-122.79011,53.89953],[-122.79118,53.89892],[-122.79009,53.89827],[-122.78998,53.89811],[-122.78991,53.89815],[-122.78962,53.89794],[-122.78931,53.89755],[-122.78914,53.89707],[-122.78913,53.89575],[-122.78916,53.89535],[-122.78913,53.89413],[-122.78915,53.89376],[-122.78913,53.89208],[-122.78918,53.89157],[-122.78909,53.89103],[-122.78781,53.88964],[-122.78766,53.88955],[-122.78733,53.88884],[-122.78732,53.88819],[-122.7857,53.88819],[-122.78486,53.88812],[-122.78486,53.88819],[-122.78032,53.88811],[-122.78032,53.88818],[-122.77819,53.88817],[-122.77408,53.88808],[-122.77311,53.8882],[-122.77155,53.88861],[-122.7706,53.88875],[-122.76845,53.88877],[-122.7706,53.88875],[-122.77022,53.88881],[-122.7683,53.88881],[-122.76652,53.8888],[-122.76439,53.88879],[-122.7643,53.88881],[-122.76233,53.8888],[-122.76249,53.88798],[-122.76235,53.88798],[-122.76238,53.88689],[-122.76249,53.88666],[-122.76384,53.88551],[-122.76514,53.88471],[-122.76529,53.88448],[-122.7655,53.88441],[-122.76564,53.88421],[-122.76552,53.88405],[-122.76529,53.88408],[-122.76529,53.88448],[-122.76514,53.88471],[-122.76384,53.88551],[-122.76286,53.88631],[-122.76249,53.88666],[-122.76223,53.88765],[-122.76236,53.88765],[-122.76233,53.8888],[-122.76197,53.88867],[-122.76197,53.88879],[-122.76073,53.88879],[-122.76059,53.88968],[-122.76071,53.88968],[-122.76069,53.8909],[-122.76067,53.89186],[-122.76053,53.89208],[-122.76066,53.89208],[-122.76063,53.89379],[-122.76062,53.89497],[-122.76062,53.89601],[-122.7605,53.89647],[-122.76062,53.89647],[-122.76063,53.8977],[-122.76063,53.89849],[-122.76017,53.89841],[-122.76016,53.89848],[-122.75997,53.89847],[-122.75777,53.89687],[-122.756,53.89614],[-122.75575,53.89603],[-122.75523,53.89603],[-122.75508,53.89622],[-122.75522,53.89622],[-122.75519,53.89727],[-122.75519,53.89857],[-122.75505,53.89975],[-122.75517,53.89975],[-122.75513,53.90097],[-122.75501,53.90126],[-122.75512,53.90126],[-122.75514,53.90223],[-122.75514,53.90396],[-122.75501,53.90422],[-122.75514,53.90422],[-122.75515,53.90544],[-122.75502,53.90597],[-122.75515,53.90597],[-122.75516,53.90845],[-122.75497,53.90883],[-122.75516,53.90883],[-122.75518,53.9097],[-122.75507,53.90987],[-122.75491,53.91057],[-122.75457,53.91103],[-122.75455,53.91114],[-122.75392,53.91167],[-122.75414,53.91171],[-122.75322,53.91284],[-122.75258,53.91348],[-122.75273,53.91346],[-122.75197,53.91438],[-122.75163,53.9148],[-122.75005,53.91436],[-122.74853,53.91392],[-122.74808,53.9137]]},"properties":{"routeId":"55-PRG","routeShortName":"55","routeLongName":"5th/Victoria","routeColor":"#5D87A1","routeTextColor":"#FFFFFF","shapeId":"30061","headsigns":["Victoria - To Downtown"],"directions":["0"]}},{"type":"Feature","id":"55-PRG:31661","geometry":{"type":"LineString","coordinates":[[-122.78228,53.91828],[-122.78222,53.91763],[-122.7843,53.91764],[-122.78416,53.9199],[-122.7843,53.9199],[-122.78431,53.92065],[-122.78652,53.92065],[-122.78688,53.92071],[-122.78699,53.92065],[-122.78876,53.92065],[-122.78987,53.92071],[-122.78988,53.92065],[-122.79177,53.92066],[-122.79225,53.92071],[-122.79243,53.92066],[-122.79413,53.92066],[-122.79511,53.92072],[-122.79511,53.92066],[-122.79617,53.92066],[-122.79631,53.92061],[-122.79976,53.92062],[-122.80018,53.92069],[-122.80018,53.92062],[-122.80285,53.92062],[-122.80332,53.92069],[-122.80333,53.92062],[-122.80574,53.92063],[-122.80597,53.92068],[-122.80751,53.92068],[-122.80772,53.92068],[-122.80772,53.91957],[-122.8078,53.91925],[-122.80764,53.91928],[-122.80727,53.91711],[-122.80718,53.91569],[-122.80718,53.91406],[-122.8073,53.91342],[-122.80718,53.91336],[-122.80718,53.91239],[-122.80723,53.91127],[-122.80714,53.91043],[-122.80861,53.91051],[-122.80861,53.91044],[-122.81148,53.91044],[-122.81171,53.91044],[-122.81179,53.90963],[-122.81167,53.90852],[-122.81124,53.90753],[-122.81104,53.90738],[-122.80888,53.90735],[-122.80534,53.90733],[-122.80375,53.90734],[-122.80349,53.90727],[-122.80348,53.90734],[-122.80187,53.90733],[-122.80002,53.90733],[-122.79761,53.90732],[-122.79774,53.90663],[-122.79761,53.90664],[-122.79763,53.90484],[-122.7977,53.90458],[-122.79764,53.90371],[-122.79756,53.90327],[-122.79708,53.90252],[-122.79595,53.90165],[-122.79587,53.9017],[-122.79472,53.90102],[-122.79397,53.90047],[-122.79388,53.90052],[-122.79151,53.89911],[-122.79104,53.89884],[-122.79,53.89933],[-122.79009,53.89939],[-122.78966,53.89951],[-122.78697,53.89951],[-122.7862,53.89945],[-122.7862,53.89951],[-122.78426,53.89953],[-122.78235,53.89953],[-122.78046,53.89952],[-122.78017,53.89946],[-122.78008,53.89943],[-122.78,53.89937],[-122.77994,53.89926],[-122.77995,53.89882],[-122.77958,53.89848]]},"properties":{"routeId":"55-PRG","routeShortName":"55","routeLongName":"5th/Victoria","routeColor":"#5D87A1","routeTextColor":"#FFFFFF","shapeId":"31661","headsigns":["Victoria - To Pine Centre"],"directions":["1"]}},{"type":"Feature","id":"55-PRG:31667","geometry":{"type":"LineString","coordinates":[[-122.74808,53.9137],[-122.74791,53.91375],[-122.74697,53.91349],[-122.74573,53.91502],[-122.74512,53.91556],[-122.74526,53.9156],[-122.74449,53.91656],[-122.74385,53.91736],[-122.74441,53.91761],[-122.74446,53.91754],[-122.74692,53.91823],[-122.74723,53.9184],[-122.74728,53.91834],[-122.74941,53.91892],[-122.7495,53.91894],[-122.7487,53.91883],[-122.7495,53.91894],[-122.74968,53.91899],[-122.75008,53.91896],[-122.75035,53.91888],[-122.75093,53.91856],[-122.75133,53.91854],[-122.75165,53.91856],[-122.75177,53.91868],[-122.75183,53.91861],[-122.75402,53.91932],[-122.75407,53.91925],[-122.75618,53.91988],[-122.75856,53.92044],[-122.76008,53.92063],[-122.76205,53.92076],[-122.76206,53.9207],[-122.76364,53.9207],[-122.7655,53.92077],[-122.7655,53.9207],[-122.76717,53.9207],[-122.76789,53.9207],[-122.76789,53.91963],[-122.76581,53.91964],[-122.7656,53.91964],[-122.76591,53.91958],[-122.7656,53.91964],[-122.76504,53.91964],[-122.76505,53.92061],[-122.76505,53.9207],[-122.76717,53.9207],[-122.7684,53.92075],[-122.76859,53.9207],[-122.77074,53.9207],[-122.77125,53.92076],[-122.77125,53.9207],[-122.773,53.9207],[-122.77425,53.92075],[-122.77425,53.92069],[-122.77604,53.92069],[-122.77824,53.92068],[-122.77873,53.92073],[-122.77873,53.92068],[-122.78037,53.92067],[-122.78181,53.92066],[-122.7818,53.91941],[-122.78193,53.91917],[-122.78202,53.91912],[-122.7822,53.91912],[-122.78228,53.91828],[-122.78222,53.91763],[-122.7843,53.91764],[-122.78416,53.9199],[-122.7843,53.9199],[-122.78431,53.92065],[-122.78652,53.92065],[-122.78688,53.92071],[-122.78699,53.92065],[-122.78876,53.92065],[-122.78987,53.92071],[-122.78988,53.92065],[-122.79177,53.92066],[-122.79225,53.92071],[-122.79243,53.92066],[-122.79413,53.92066],[-122.79511,53.92072],[-122.79511,53.92066],[-122.79617,53.92066],[-122.79631,53.92061],[-122.79976,53.92062],[-122.80018,53.92069],[-122.80018,53.92062],[-122.80285,53.92062],[-122.80332,53.92069],[-122.80333,53.92062],[-122.80574,53.92063],[-122.80597,53.92068],[-122.80751,53.92068],[-122.80772,53.92068],[-122.80772,53.91957],[-122.8078,53.91925],[-122.80764,53.91928],[-122.80727,53.91711],[-122.80718,53.91569],[-122.80718,53.91406],[-122.8073,53.91342],[-122.80718,53.91336],[-122.80718,53.91239],[-122.80723,53.91127],[-122.80714,53.91043],[-122.80861,53.91051],[-122.80861,53.91044],[-122.81148,53.91044],[-122.81171,53.91044],[-122.81179,53.90963],[-122.81167,53.90852],[-122.81124,53.90753],[-122.81104,53.90738],[-122.80888,53.90735],[-122.80534,53.90733],[-122.80375,53.90734],[-122.80349,53.90727],[-122.80348,53.90734],[-122.80187,53.90733],[-122.80002,53.90733],[-122.79761,53.90732],[-122.79774,53.90663],[-122.79761,53.90664],[-122.79763,53.90484],[-122.7977,53.90458],[-122.79764,53.90371],[-122.79756,53.90327],[-122.79708,53.90252],[-122.79595,53.90165],[-122.79587,53.9017],[-122.79472,53.90102],[-122.79397,53.90047],[-122.79388,53.90052],[-122.79151,53.89911],[-122.79104,53.89884],[-122.79,53.89933],[-122.79009,53.89939],[-122.78966,53.89951],[-122.78697,53.89951],[-122.7862,53.89945],[-122.7862,53.89951],[-122.78426,53.89953],[-122.78235,53.89953],[-122.78046,53.89952],[-122.78017,53.89946],[-122.78008,53.89943],[-122.78,53.89937],[-122.77994,53.89926],[-122.77995,53.89882],[-122.77958,53.89848]]},"properties":{"routeId":"55-PRG","routeShortName":"55","routeLongName":"5th/Victoria","routeColor":"#5D87A1","routeTextColor":"#FFFFFF","shapeId":"31667","headsigns":["Victoria - To Pine Centre"],"directions":["1"]}},{"type":"Feature","id":"55-PRG:31710","geometry":{"type":"LineString","coordinates":[[-122.74808,53.9137],[-122.74791,53.91375],[-122.74697,53.91349],[-122.74573,53.91502],[-122.74512,53.91556],[-122.74526,53.9156],[-122.74449,53.91656],[-122.74385,53.91736],[-122.74441,53.91761],[-122.74446,53.91754],[-122.74692,53.91823],[-122.74723,53.9184],[-122.74728,53.91834],[-122.74941,53.91892],[-122.7495,53.91894],[-122.7487,53.91883],[-122.7495,53.91894],[-122.74968,53.91899],[-122.75008,53.91896],[-122.75035,53.91888],[-122.75093,53.91856],[-122.75133,53.91854],[-122.75165,53.91856],[-122.75177,53.91868],[-122.75183,53.91861],[-122.75402,53.91932],[-122.75407,53.91925],[-122.75618,53.91988],[-122.75856,53.92044],[-122.76008,53.92063],[-122.76205,53.92076],[-122.76206,53.9207],[-122.76364,53.9207],[-122.7655,53.92077],[-122.7655,53.9207],[-122.76717,53.9207],[-122.7684,53.92075],[-122.76859,53.9207],[-122.77074,53.9207],[-122.77125,53.92076],[-122.77125,53.9207],[-122.773,53.9207],[-122.77425,53.92075],[-122.77425,53.92069],[-122.77604,53.92069],[-122.77824,53.92068],[-122.77873,53.92073],[-122.77873,53.92068],[-122.78037,53.92067],[-122.78181,53.92066],[-122.7818,53.91941],[-122.78193,53.91917],[-122.78202,53.91912],[-122.7822,53.91912],[-122.78228,53.91828],[-122.78222,53.91763],[-122.7843,53.91764],[-122.78416,53.9199],[-122.7843,53.9199],[-122.78431,53.92065],[-122.78652,53.92065],[-122.78688,53.92071],[-122.78699,53.92065],[-122.78876,53.92065],[-122.78987,53.92071],[-122.78988,53.92065],[-122.79177,53.92066],[-122.79225,53.92071],[-122.79243,53.92066],[-122.79413,53.92066],[-122.79511,53.92072],[-122.79511,53.92066],[-122.79617,53.92066],[-122.79631,53.92061],[-122.79976,53.92062],[-122.80018,53.92069],[-122.80018,53.92062],[-122.80285,53.92062],[-122.80332,53.92069],[-122.80333,53.92062],[-122.80574,53.92063],[-122.80597,53.92068],[-122.80751,53.92068],[-122.80772,53.92068],[-122.80772,53.91957],[-122.8078,53.91925],[-122.80764,53.91928],[-122.80727,53.91711],[-122.80718,53.91569],[-122.80718,53.91406],[-122.8073,53.91342],[-122.80718,53.91336],[-122.80718,53.91239],[-122.80723,53.91127],[-122.80714,53.91043],[-122.80861,53.91051],[-122.80861,53.91044],[-122.81148,53.91044],[-122.81171,53.91044],[-122.81179,53.90963],[-122.81167,53.90852],[-122.81124,53.90753],[-122.81104,53.90738],[-122.80888,53.90735],[-122.80534,53.90733],[-122.80375,53.90734],[-122.80349,53.90727],[-122.80348,53.90734],[-122.80187,53.90733],[-122.80002,53.90733],[-122.79761,53.90732],[-122.79774,53.90663],[-122.79761,53.90664],[-122.79763,53.90484],[-122.7977,53.90458],[-122.79764,53.90371],[-122.79756,53.90327],[-122.79708,53.90252],[-122.79595,53.90165],[-122.79587,53.9017],[-122.79472,53.90102],[-122.79397,53.90047],[-122.79388,53.90052],[-122.79151,53.89911],[-122.79104,53.89884],[-122.79,53.89933],[-122.79009,53.89939],[-122.78966,53.89951],[-122.78697,53.89951],[-122.7862,53.89945],[-122.7862,53.89951],[-122.78426,53.89953],[-122.78235,53.89953],[-122.78046,53.89952],[-122.78017,53.89946],[-122.78008,53.89943],[-122.78,53.89937],[-122.77994,53.89926],[-122.77995,53.89882],[-122.77958,53.89848]]},"properties":{"routeId":"55-PRG","routeShortName":"55","routeLongName":"5th/Victoria","routeColor":"#5D87A1","routeTextColor":"#FFFFFF","shapeId":"31710","headsigns":["Victoria - To Pine Centre"],"directions":["1"]}},{"type":"Feature","id":"88-PRG:31691","geometry":{"type":"LineString","coordinates":[[-122.78909,53.98888],[-122.78913,53.98895],[-122.78749,53.98933],[-122.78695,53.98945],[-122.78641,53.98907],[-122.78641,53.98916],[-122.78506,53.98847],[-122.78353,53.98786],[-122.78279,53.98753],[-122.78274,53.98758],[-122.78134,53.98703],[-122.7803,53.98634],[-122.77968,53.98553],[-122.77927,53.98432],[-122.77885,53.98353],[-122.7765,53.98146],[-122.77561,53.98068],[-122.77547,53.98063],[-122.77293,53.97908],[-122.77162,53.97821],[-122.7715,53.97822],[-122.76995,53.9773],[-122.76878,53.97631],[-122.76821,53.97525],[-122.76811,53.97422],[-122.76814,53.97255],[-122.76816,53.97156],[-122.76808,53.97017],[-122.76802,53.96988],[-122.76822,53.97074],[-122.76743,53.96727],[-122.76735,53.96596],[-122.76767,53.96493],[-122.76758,53.96485],[-122.76785,53.96366],[-122.76808,53.96254],[-122.76809,53.96136],[-122.76769,53.96048],[-122.76791,53.96067],[-122.76769,53.96049],[-122.76632,53.95849],[-122.76579,53.95717],[-122.76618,53.95717],[-122.76596,53.95673],[-122.76533,53.95476],[-122.76486,53.95346],[-122.76447,53.95258],[-122.76437,53.9526],[-122.76331,53.95098],[-122.76329,53.95064],[-122.76319,53.95066],[-122.7628,53.95018],[-122.76244,53.9494],[-122.76238,53.94888],[-122.76271,53.94776],[-122.76293,53.94685],[-122.76297,53.94598],[-122.76211,53.94452],[-122.76191,53.94418],[-122.76199,53.94388],[-122.7619,53.94388],[-122.76189,53.94377],[-122.76178,53.94367],[-122.76169,53.94365],[-122.76146,53.94367],[-122.76072,53.93973],[-122.76006,53.9383],[-122.75841,53.93621],[-122.75812,53.93514],[-122.75828,53.93442],[-122.75883,53.93364],[-122.75962,53.93301],[-122.76114,53.93237],[-122.76596,53.93075],[-122.76745,53.93045],[-122.76876,53.93043],[-122.77399,53.9313],[-122.7752,53.93139],[-122.77629,53.93132],[-122.7777,53.93096],[-122.7784,53.93061],[-122.77927,53.92985],[-122.78099,53.92617],[-122.78158,53.92465],[-122.78181,53.92066],[-122.7818,53.91941],[-122.78193,53.91917],[-122.78202,53.91912],[-122.7822,53.91912],[-122.78228,53.91828],[-122.78222,53.91763],[-122.7843,53.91764],[-122.78455,53.9174],[-122.78446,53.91738],[-122.78541,53.91609],[-122.78497,53.91525],[-122.78505,53.91493],[-122.78498,53.91483],[-122.78513,53.91317],[-122.78532,53.91157],[-122.78532,53.9113],[-122.78535,53.91197],[-122.78532,53.91106],[-122.78532,53.91031],[-122.78696,53.91032],[-122.78708,53.90983],[-122.78695,53.90983],[-122.78695,53.90892],[-122.78695,53.90865],[-122.78596,53.90864],[-122.78602,53.90772],[-122.7858,53.90669],[-122.7858,53.90544],[-122.78584,53.90528],[-122.78565,53.90439],[-122.78531,53.90359],[-122.7839,53.90359],[-122.78369,53.90352],[-122.78184,53.90351],[-122.7812,53.90352],[-122.7812,53.9032],[-122.78105,53.90308],[-122.78087,53.90301],[-122.78057,53.903],[-122.78039,53.90305],[-122.78019,53.90316],[-122.77878,53.90432],[-122.77864,53.90453],[-122.77834,53.90479],[-122.77797,53.90498],[-122.77753,53.90509],[-122.77453,53.905],[-122.77344,53.90476],[-122.77376,53.90432],[-122.77375,53.90269],[-122.7738,53.90203],[-122.77406,53.90173],[-122.77442,53.90153],[-122.77705,53.90062],[-122.7784,53.9001],[-122.77873,53.89997],[-122.77882,53.89987],[-122.77886,53.89977],[-122.7788,53.89968],[-122.7787,53.89961],[-122.77768,53.89935],[-122.77755,53.89922],[-122.77758,53.89913],[-122.77924,53.89841],[-122.77951,53.89829],[-122.77985,53.89863],[-122.78007,53.89873],[-122.78008,53.89884],[-122.78004,53.8989],[-122.77995,53.89895],[-122.77992,53.89937],[-122.77997,53.89949],[-122.78019,53.89958],[-122.78056,53.89964],[-122.78213,53.89964],[-122.78235,53.89965],[-122.78231,53.89891],[-122.78082,53.89749],[-122.77983,53.89656],[-122.77968,53.89566],[-122.7796,53.89446],[-122.77962,53.89402],[-122.77956,53.89285],[-122.77965,53.89169],[-122.77956,53.89056],[-122.77961,53.88944],[-122.77956,53.88828],[-122.78022,53.88834],[-122.78022,53.88828],[-122.78412,53.88828],[-122.7857,53.88828],[-122.78732,53.8883],[-122.78745,53.88789],[-122.78732,53.88789],[-122.78731,53.88764],[-122.78602,53.88578],[-122.78591,53.88565],[-122.78654,53.88627],[-122.78504,53.88459],[-122.78469,53.88407],[-122.7846,53.88407],[-122.78343,53.88316],[-122.78193,53.88125],[-122.7818,53.88085],[-122.78204,53.87951],[-122.78223,53.87854],[-122.78259,53.87798],[-122.78298,53.87763],[-122.78471,53.87667],[-122.78413,53.87631],[-122.78258,53.87554],[-122.78164,53.87508],[-122.78078,53.87438],[-122.78254,53.87312],[-122.78324,53.87279],[-122.78398,53.87235],[-122.78507,53.87198],[-122.78497,53.8718],[-122.78491,53.87095],[-122.78507,53.87076],[-122.78503,53.87065],[-122.78505,53.87058],[-122.78561,53.86982],[-122.78501,53.86967],[-122.78499,53.86974],[-122.78127,53.86925],[-122.77903,53.86896],[-122.77703,53.86868],[-122.77445,53.86819],[-122.77151,53.86775],[-122.77081,53.86757],[-122.77009,53.86728],[-122.76942,53.86689],[-122.76875,53.86614],[-122.76835,53.86503],[-122.76716,53.86364],[-122.76653,53.8628],[-122.76652,53.86221],[-122.76647,53.86207],[-122.76644,53.86055],[-122.76648,53.86023],[-122.7664,53.85928],[-122.76645,53.85906],[-122.76728,53.85907],[-122.76798,53.85892],[-122.76876,53.85851],[-122.76989,53.85789],[-122.77029,53.85768],[-122.77118,53.85638],[-122.77146,53.85614],[-122.772,53.85585],[-122.7725,53.85572],[-122.77339,53.85566],[-122.77558,53.85563],[-122.77729,53.85561],[-122.77794,53.85562],[-122.7786,53.8556],[-122.77866,53.85651],[-122.77879,53.85687],[-122.77902,53.85718],[-122.77965,53.85769],[-122.77981,53.8577],[-122.78134,53.85861],[-122.7823,53.85937],[-122.78297,53.86014],[-122.78301,53.86049],[-122.78304,53.86135],[-122.78322,53.86168],[-122.78365,53.86214],[-122.78585,53.86219],[-122.7868,53.86221],[-122.78801,53.86246],[-122.78887,53.86289],[-122.78893,53.86285],[-122.79082,53.86393],[-122.7911,53.86418],[-122.79132,53.8645],[-122.79344,53.86443],[-122.79539,53.86409],[-122.79694,53.86352],[-122.79962,53.8621],[-122.80036,53.86168],[-122.80099,53.86094],[-122.80138,53.86075],[-122.80183,53.8606],[-122.80256,53.86051],[-122.80409,53.85981],[-122.80579,53.85933],[-122.80681,53.85919],[-122.80956,53.85883],[-122.81243,53.85848],[-122.81432,53.85823],[-122.81483,53.85809],[-122.81524,53.8579],[-122.81583,53.85783],[-122.81569,53.85811],[-122.8156,53.85819],[-122.8154,53.85826],[-122.81069,53.85883],[-122.80686,53.85931],[-122.80523,53.85967],[-122.80367,53.86023],[-122.79709,53.86367],[-122.79546,53.86425],[-122.79226,53.86487],[-122.79179,53.86484],[-122.79157,53.86473],[-122.79137,53.86458],[-122.7911,53.86418],[-122.79082,53.86393],[-122.78919,53.86298],[-122.78781,53.86394],[-122.78766,53.86475],[-122.7875,53.86491],[-122.78727,53.86502],[-122.78695,53.86507],[-122.7866,53.86504],[-122.78634,53.86514],[-122.78604,53.86516]]},"properties":{"routeId":"88-PRG","routeShortName":"88","routeLongName":"Westgate","routeColor":"#0073AE","routeTextColor":"#FFFFFF","shapeId":"31691","headsigns":["Westgate"],"directions":["1"]}},{"type":"Feature","id":"88-PRG:4296","geometry":{"type":"LineString","coordinates":[[-122.78909,53.98888],[-122.78913,53.98895],[-122.78749,53.98933],[-122.78695,53.98945],[-122.78641,53.98907],[-122.78641,53.98916],[-122.78506,53.98847],[-122.78353,53.98786],[-122.78279,53.98753],[-122.78274,53.98758],[-122.78134,53.98703],[-122.7803,53.98634],[-122.77968,53.98553],[-122.77927,53.98432],[-122.77885,53.98353],[-122.7765,53.98146],[-122.77561,53.98068],[-122.77547,53.98063],[-122.77293,53.97908],[-122.77162,53.97821],[-122.7715,53.97822],[-122.76995,53.9773],[-122.76878,53.97631],[-122.76821,53.97525],[-122.76811,53.97422],[-122.76814,53.97255],[-122.76816,53.97156],[-122.76808,53.97017],[-122.76802,53.96988],[-122.76822,53.97074],[-122.76743,53.96727],[-122.76735,53.96596],[-122.76767,53.96493],[-122.76758,53.96485],[-122.76785,53.96366],[-122.76808,53.96254],[-122.76809,53.96136],[-122.76769,53.96048],[-122.76791,53.96067],[-122.76769,53.96049],[-122.76632,53.95849],[-122.76579,53.95717],[-122.76618,53.95717],[-122.76596,53.95673],[-122.76533,53.95476],[-122.76486,53.95346],[-122.76447,53.95258],[-122.76437,53.9526],[-122.76331,53.95098],[-122.76329,53.95064],[-122.76319,53.95066],[-122.7628,53.95018],[-122.76244,53.9494],[-122.76238,53.94888],[-122.76271,53.94776],[-122.76293,53.94685],[-122.76297,53.94598],[-122.76211,53.94452],[-122.76191,53.94418],[-122.76199,53.94388],[-122.7619,53.94388],[-122.76189,53.94377],[-122.76178,53.94367],[-122.76169,53.94365],[-122.76146,53.94367],[-122.76072,53.93973],[-122.76006,53.9383],[-122.75841,53.93621],[-122.75812,53.93514],[-122.75828,53.93442],[-122.75883,53.93364],[-122.75962,53.93301],[-122.76114,53.93237],[-122.76596,53.93075],[-122.76745,53.93045],[-122.76876,53.93043],[-122.77399,53.9313],[-122.7752,53.93139],[-122.77629,53.93132],[-122.7777,53.93096],[-122.7784,53.93061],[-122.77927,53.92985],[-122.78099,53.92617],[-122.78158,53.92465],[-122.78181,53.92066],[-122.7818,53.91941],[-122.78193,53.91917],[-122.78202,53.91912],[-122.7822,53.91912],[-122.78228,53.91828],[-122.78222,53.91763],[-122.7843,53.91764],[-122.78455,53.9174],[-122.78446,53.91738],[-122.78541,53.91609],[-122.78497,53.91525],[-122.78505,53.91493],[-122.78498,53.91483],[-122.78513,53.91317],[-122.78532,53.91157],[-122.78532,53.9113],[-122.78535,53.91197],[-122.78532,53.91106],[-122.78532,53.91031],[-122.78696,53.91032],[-122.78708,53.90983],[-122.78695,53.90983],[-122.78695,53.90892],[-122.78695,53.90865],[-122.78596,53.90864],[-122.78602,53.90772],[-122.7858,53.90669],[-122.7858,53.90544],[-122.78584,53.90528],[-122.78565,53.90439],[-122.78531,53.90359],[-122.7839,53.90359],[-122.78369,53.90352],[-122.78184,53.90351],[-122.7812,53.90352],[-122.7812,53.9032],[-122.78105,53.90308],[-122.78087,53.90301],[-122.78057,53.903],[-122.78039,53.90305],[-122.78019,53.90316],[-122.77878,53.90432],[-122.77864,53.90453],[-122.77834,53.90479],[-122.77797,53.90498],[-122.77753,53.90509],[-122.77453,53.905],[-122.77344,53.90476],[-122.77376,53.90432],[-122.77375,53.90269],[-122.7738,53.90203],[-122.77406,53.90173],[-122.77442,53.90153],[-122.77705,53.90062],[-122.7784,53.9001],[-122.77873,53.89997],[-122.77882,53.89987],[-122.77886,53.89977],[-122.7788,53.89968],[-122.7787,53.89961],[-122.77768,53.89935],[-122.77755,53.89922],[-122.77758,53.89913],[-122.77924,53.89841],[-122.77951,53.89829],[-122.77985,53.89863]]},"properties":{"routeId":"88-PRG","routeShortName":"88","routeLongName":"Westgate","routeColor":"#0073AE","routeTextColor":"#FFFFFF","shapeId":"4296","headsigns":["Pine Centre"],"directions":["1"]}},{"type":"Feature","id":"89-PRG:3086","geometry":{"type":"LineString","coordinates":[[-122.78289,53.91768],[-122.78317,53.91763],[-122.7843,53.91764],[-122.78416,53.9199],[-122.7843,53.9199],[-122.7843,53.92057],[-122.78157,53.92057],[-122.78149,53.92418],[-122.77958,53.92891],[-122.77911,53.92982],[-122.77852,53.93037],[-122.77736,53.93094],[-122.77623,53.93123],[-122.77469,53.9313],[-122.76876,53.93034],[-122.76741,53.93037],[-122.76588,53.93068],[-122.76042,53.9325],[-122.75908,53.93322],[-122.7584,53.9339],[-122.75801,53.93476],[-122.75803,53.9357],[-122.75854,53.93666],[-122.75988,53.9383],[-122.76058,53.93967],[-122.76068,53.94112],[-122.76083,53.94111],[-122.76098,53.94262],[-122.76128,53.9437],[-122.76148,53.94436],[-122.76159,53.94433],[-122.76236,53.94561],[-122.7626,53.94654],[-122.76203,53.94823],[-122.76192,53.94911],[-122.76222,53.95002],[-122.76366,53.95205],[-122.76411,53.95305],[-122.76423,53.95303],[-122.76498,53.95465],[-122.76564,53.95716],[-122.76594,53.95806],[-122.76725,53.96008],[-122.76758,53.96086],[-122.76773,53.96084],[-122.76801,53.96201],[-122.7677,53.96366],[-122.76721,53.96514],[-122.76734,53.96515],[-122.76715,53.96638],[-122.76787,53.96989],[-122.76799,53.97122],[-122.76785,53.97156],[-122.76799,53.97156],[-122.76799,53.97447],[-122.76825,53.9757],[-122.76915,53.97682],[-122.77181,53.97853],[-122.77315,53.97947],[-122.77326,53.97942],[-122.77548,53.98078],[-122.7757,53.98096],[-122.77644,53.98078],[-122.77672,53.98111],[-122.7772,53.98119],[-122.77898,53.98102],[-122.77935,53.98094],[-122.77935,53.97859],[-122.78166,53.97859],[-122.78204,53.97865],[-122.78204,53.97859],[-122.78286,53.97859],[-122.78319,53.97864],[-122.78337,53.97872],[-122.78352,53.97884],[-122.7836,53.97977],[-122.78369,53.97996],[-122.78392,53.98014],[-122.78475,53.98058],[-122.78481,53.98052],[-122.78639,53.98098],[-122.7873,53.98118],[-122.78888,53.98132],[-122.78888,53.98125],[-122.7905,53.98133],[-122.79068,53.9813],[-122.79079,53.98124],[-122.79124,53.98082],[-122.79254,53.98124],[-122.79257,53.98118],[-122.79448,53.98123],[-122.79524,53.98111],[-122.79542,53.98149],[-122.79546,53.98138],[-122.79636,53.98236],[-122.79674,53.98264],[-122.7968,53.98259],[-122.79836,53.98302],[-122.79929,53.98332],[-122.79967,53.98337],[-122.80091,53.98393],[-122.80107,53.98408],[-122.80118,53.98427],[-122.80115,53.98527],[-122.80105,53.98541],[-122.80115,53.98541],[-122.80116,53.98708],[-122.80103,53.98748],[-122.80116,53.98748],[-122.80117,53.98886],[-122.79942,53.98879],[-122.79942,53.98886],[-122.79626,53.98886],[-122.79241,53.98887],[-122.79033,53.98887],[-122.78909,53.98888]]},"properties":{"routeId":"89-PRG","routeShortName":"89","routeLongName":"Hart","routeColor":"#F49A5D","routeTextColor":"#FFFFFF","shapeId":"3086","headsigns":["Hart"],"directions":["0"]}},{"type":"Feature","id":"89-PRG:3100","geometry":{"type":"LineString","coordinates":[[-122.77898,53.98102],[-122.77935,53.98094],[-122.77935,53.97859],[-122.78166,53.97859],[-122.78204,53.97865],[-122.78204,53.97859],[-122.78286,53.97859],[-122.78319,53.97864],[-122.78337,53.97872],[-122.78352,53.97884],[-122.7836,53.97977],[-122.78369,53.97996],[-122.78392,53.98014],[-122.78475,53.98058],[-122.78481,53.98052],[-122.78639,53.98098],[-122.7873,53.98118],[-122.78888,53.98132],[-122.78888,53.98125],[-122.7905,53.98133],[-122.79068,53.9813],[-122.79079,53.98124],[-122.79124,53.98082],[-122.79254,53.98124],[-122.79257,53.98118],[-122.79448,53.98123],[-122.79524,53.98111],[-122.79542,53.98149],[-122.79546,53.98138],[-122.79636,53.98236],[-122.79674,53.98264],[-122.7968,53.98259],[-122.79836,53.98302],[-122.79929,53.98332],[-122.79967,53.98337],[-122.80091,53.98393],[-122.80107,53.98408],[-122.80118,53.98427],[-122.80115,53.98527],[-122.80105,53.98541],[-122.80115,53.98541],[-122.80116,53.98708],[-122.80103,53.98748],[-122.80116,53.98748],[-122.80117,53.98886],[-122.79942,53.98879],[-122.79942,53.98886],[-122.79626,53.98886],[-122.79241,53.98887],[-122.79033,53.98887],[-122.78909,53.98888]]},"properties":{"routeId":"89-PRG","routeShortName":"89","routeLongName":"Hart","routeColor":"#F49A5D","routeTextColor":"#FFFFFF","shapeId":"3100","headsigns":["Hart"],"directions":["0"]}},{"type":"Feature","id":"89-PRG:31620","geometry":{"type":"LineString","coordinates":[[-122.78604,53.86516],[-122.78575,53.86502],[-122.78341,53.86485],[-122.78317,53.86487],[-122.78301,53.86492],[-122.78287,53.865],[-122.78242,53.8655],[-122.78237,53.86633],[-122.78073,53.86638],[-122.78034,53.86644],[-122.78027,53.86649],[-122.77873,53.86654],[-122.77858,53.86703],[-122.77835,53.8673],[-122.77799,53.86757],[-122.77714,53.86795],[-122.77672,53.86827],[-122.77644,53.86871],[-122.77786,53.86899],[-122.77974,53.86919],[-122.78554,53.86991],[-122.78501,53.87042],[-122.78514,53.87046],[-122.78505,53.87058],[-122.78491,53.87095],[-122.78497,53.8718],[-122.78507,53.87198],[-122.78255,53.87304],[-122.78254,53.87312],[-122.78133,53.87405],[-122.78078,53.87438],[-122.78097,53.87461],[-122.78298,53.87581],[-122.78457,53.8766],[-122.78446,53.87666],[-122.78401,53.8768],[-122.78446,53.87666],[-122.78285,53.87756],[-122.78233,53.87806],[-122.78208,53.87851],[-122.78164,53.88075],[-122.78177,53.88124],[-122.78301,53.88291],[-122.78428,53.88396],[-122.78483,53.8848],[-122.78498,53.88476],[-122.78582,53.88578],[-122.78671,53.88686],[-122.78675,53.88704],[-122.78711,53.88769],[-122.7871,53.88819],[-122.78486,53.88812],[-122.78486,53.88819],[-122.77956,53.88818],[-122.77946,53.88858],[-122.77956,53.88858],[-122.77956,53.88981],[-122.77946,53.89053],[-122.77956,53.89053],[-122.77956,53.8921],[-122.77947,53.89321],[-122.7796,53.89446],[-122.77965,53.89521],[-122.77953,53.89504],[-122.77965,53.89521],[-122.77983,53.89656],[-122.77982,53.89667],[-122.7807,53.89752],[-122.78161,53.89841],[-122.78216,53.89896],[-122.78219,53.89927],[-122.78213,53.89937],[-122.78202,53.89944],[-122.78188,53.89948],[-122.78162,53.89952],[-122.78046,53.89952],[-122.78017,53.89946],[-122.78008,53.89943],[-122.78,53.89937],[-122.77994,53.89926],[-122.77995,53.89882],[-122.77958,53.89848],[-122.77937,53.89835],[-122.77815,53.89891],[-122.77729,53.89926],[-122.77838,53.89953],[-122.7786,53.89963],[-122.77866,53.89969],[-122.77861,53.89981],[-122.77853,53.89989],[-122.77687,53.90051],[-122.77422,53.90151],[-122.77389,53.90174],[-122.77365,53.90202],[-122.77358,53.90358],[-122.77347,53.90381],[-122.77358,53.90381],[-122.77352,53.90439],[-122.77328,53.90472],[-122.77453,53.905],[-122.77683,53.90512],[-122.77753,53.90509],[-122.77797,53.90498],[-122.77834,53.90479],[-122.77886,53.90436],[-122.77968,53.90361],[-122.78019,53.90316],[-122.78039,53.90305],[-122.78057,53.903],[-122.78087,53.90301],[-122.78105,53.90308],[-122.7812,53.9032],[-122.7812,53.90364],[-122.78367,53.90364],[-122.7839,53.90359],[-122.78492,53.90359],[-122.78442,53.90363],[-122.78531,53.90359],[-122.78575,53.9047],[-122.7857,53.90527],[-122.78579,53.90512],[-122.7858,53.90617],[-122.7858,53.90669],[-122.78595,53.9071],[-122.78589,53.90773],[-122.78596,53.90864],[-122.78695,53.90865],[-122.78695,53.90959],[-122.78695,53.91023],[-122.7863,53.91015],[-122.7863,53.91023],[-122.78358,53.91026],[-122.7818,53.91035],[-122.78165,53.9104],[-122.78162,53.91165],[-122.7816,53.91317],[-122.78161,53.91439],[-122.78161,53.91546],[-122.78222,53.91546],[-122.78221,53.91709],[-122.78222,53.91763],[-122.78289,53.91768],[-122.78317,53.91763],[-122.7843,53.91764],[-122.78416,53.9199],[-122.7843,53.9199],[-122.7843,53.92057],[-122.78157,53.92057],[-122.78149,53.92418],[-122.77958,53.92891],[-122.77911,53.92982],[-122.77852,53.93037],[-122.77736,53.93094],[-122.77623,53.93123],[-122.77469,53.9313],[-122.76876,53.93034],[-122.76741,53.93037],[-122.76588,53.93068],[-122.76042,53.9325],[-122.75908,53.93322],[-122.7584,53.9339],[-122.75801,53.93476],[-122.75803,53.9357],[-122.75854,53.93666],[-122.75988,53.9383],[-122.76058,53.93967],[-122.76068,53.94112],[-122.76083,53.94111],[-122.76098,53.94262],[-122.76128,53.9437],[-122.76148,53.94436],[-122.76159,53.94433],[-122.76236,53.94561],[-122.7626,53.94654],[-122.76203,53.94823],[-122.76192,53.94911],[-122.76222,53.95002],[-122.76366,53.95205],[-122.76411,53.95305],[-122.76423,53.95303],[-122.76498,53.95465],[-122.76564,53.95716],[-122.76594,53.95806],[-122.76725,53.96008],[-122.76758,53.96086],[-122.76773,53.96084],[-122.76801,53.96201],[-122.7677,53.96366],[-122.76721,53.96514],[-122.76734,53.96515],[-122.76715,53.96638],[-122.76787,53.96989],[-122.76799,53.97122],[-122.76785,53.97156],[-122.76799,53.97156],[-122.76799,53.97447],[-122.76825,53.9757],[-122.76915,53.97682],[-122.77181,53.97853],[-122.77315,53.97947],[-122.77326,53.97942],[-122.77548,53.98078],[-122.7757,53.98096],[-122.77644,53.98078],[-122.77672,53.98111],[-122.7772,53.98119],[-122.77898,53.98102],[-122.77935,53.98094],[-122.77935,53.97859],[-122.78166,53.97859],[-122.78204,53.97865],[-122.78204,53.97859],[-122.78286,53.97859],[-122.78319,53.97864],[-122.78337,53.97872],[-122.78352,53.97884],[-122.7836,53.97977],[-122.78369,53.97996],[-122.78392,53.98014],[-122.78475,53.98058],[-122.78481,53.98052],[-122.78639,53.98098],[-122.7873,53.98118],[-122.78888,53.98132],[-122.78888,53.98125],[-122.7905,53.98133],[-122.79068,53.9813],[-122.79079,53.98124],[-122.79124,53.98082],[-122.79254,53.98124],[-122.79257,53.98118],[-122.79448,53.98123],[-122.79524,53.98111],[-122.79542,53.98149],[-122.79546,53.98138],[-122.79636,53.98236],[-122.79674,53.98264],[-122.7968,53.98259],[-122.79836,53.98302],[-122.79929,53.98332],[-122.79967,53.98337],[-122.80091,53.98393],[-122.80107,53.98408],[-122.80118,53.98427],[-122.80115,53.98527],[-122.80105,53.98541],[-122.80115,53.98541],[-122.80116,53.98708],[-122.80103,53.98748],[-122.80116,53.98748],[-122.80117,53.98886],[-122.79942,53.98879],[-122.79942,53.98886],[-122.79626,53.98886],[-122.79241,53.98887],[-122.79033,53.98887],[-122.78909,53.98888]]},"properties":{"routeId":"89-PRG","routeShortName":"89","routeLongName":"Hart","routeColor":"#F49A5D","routeTextColor":"#FFFFFF","shapeId":"31620","headsigns":["Hart"],"directions":["0"]}},{"type":"Feature","id":"89-PRG:32094","geometry":{"type":"LineString","coordinates":[[-122.78604,53.86516],[-122.78575,53.86502],[-122.78341,53.86485],[-122.78317,53.86487],[-122.78301,53.86492],[-122.78287,53.865],[-122.78242,53.8655],[-122.78237,53.86633],[-122.78073,53.86638],[-122.78034,53.86644],[-122.78027,53.86649],[-122.77873,53.86654],[-122.77858,53.86703],[-122.77835,53.8673],[-122.77799,53.86757],[-122.77714,53.86795],[-122.77672,53.86827],[-122.77644,53.86871],[-122.77786,53.86899],[-122.77974,53.86919],[-122.78554,53.86991],[-122.78501,53.87042],[-122.78514,53.87046],[-122.78505,53.87058],[-122.78491,53.87095],[-122.78497,53.8718],[-122.78507,53.87198],[-122.78255,53.87304],[-122.78254,53.87312],[-122.78133,53.87405],[-122.78078,53.87438],[-122.78097,53.87461],[-122.78298,53.87581],[-122.78457,53.8766],[-122.78446,53.87666],[-122.78401,53.8768],[-122.78446,53.87666],[-122.78285,53.87756],[-122.78233,53.87806],[-122.78208,53.87851],[-122.78164,53.88075],[-122.78177,53.88124],[-122.78301,53.88291],[-122.78428,53.88396],[-122.78483,53.8848],[-122.78498,53.88476],[-122.78582,53.88578],[-122.78671,53.88686],[-122.78675,53.88704],[-122.78711,53.88769],[-122.7871,53.88819],[-122.78486,53.88812],[-122.78486,53.88819],[-122.77956,53.88818],[-122.77946,53.88858],[-122.77956,53.88858],[-122.77956,53.88981],[-122.77946,53.89053],[-122.77956,53.89053],[-122.77956,53.8921],[-122.77947,53.89321],[-122.7796,53.89446],[-122.77965,53.89521],[-122.77953,53.89504],[-122.77965,53.89521],[-122.77983,53.89656],[-122.77982,53.89667],[-122.7807,53.89752],[-122.78161,53.89841],[-122.78216,53.89896],[-122.78219,53.89927],[-122.78213,53.89937],[-122.78202,53.89944],[-122.78188,53.89948],[-122.78162,53.89952],[-122.78046,53.89952],[-122.78017,53.89946],[-122.78008,53.89943],[-122.78,53.89937],[-122.77994,53.89926],[-122.77995,53.89882],[-122.77958,53.89848]]},"properties":{"routeId":"89-PRG","routeShortName":"89","routeLongName":"Hart","routeColor":"#F49A5D","routeTextColor":"#FFFFFF","shapeId":"32094","headsigns":["Pine Centre"],"directions":["0"]}},{"type":"Feature","id":"91-PRG:20318","geometry":{"type":"LineString","coordinates":[[-122.78909,53.98888],[-122.78913,53.98895],[-122.78749,53.98933],[-122.78659,53.98953],[-122.7865,53.98959],[-122.78478,53.98959],[-122.78514,53.98953],[-122.78478,53.98959],[-122.78193,53.98959],[-122.78121,53.98953],[-122.78148,53.98959],[-122.77681,53.98959],[-122.77668,53.99001],[-122.77681,53.99001],[-122.77682,53.99076],[-122.77694,53.99106],[-122.77746,53.99171],[-122.77746,53.99342],[-122.77834,53.99347],[-122.78068,53.99345],[-122.781,53.99351],[-122.781,53.99345],[-122.78362,53.99344],[-122.78439,53.99342],[-122.7842,53.99337],[-122.78642,53.99306],[-122.78782,53.99257],[-122.78775,53.99253],[-122.78834,53.99221],[-122.7913,53.99386],[-122.79024,53.99338],[-122.79237,53.99446],[-122.79266,53.99474],[-122.79276,53.99467],[-122.7954,53.99617],[-122.79589,53.99617],[-122.79624,53.99623],[-122.79589,53.99617],[-122.7977,53.99618],[-122.79846,53.99618],[-122.80001,53.99775],[-122.80077,53.99915],[-122.80046,53.99915],[-122.8005,53.99947],[-122.80055,53.99932],[-122.80079,54.00039],[-122.80068,54.00148],[-122.80082,54.00148],[-122.80078,54.00413],[-122.80065,54.00433],[-122.80078,54.00433],[-122.80076,54.00549],[-122.80062,54.00706],[-122.80074,54.00706],[-122.80074,54.00718],[-122.8011,54.00719],[-122.80108,54.00842],[-122.80104,54.00874],[-122.80097,54.00879],[-122.8004,54.01029],[-122.80017,54.01064],[-122.80077,54.01086],[-122.80102,54.01079],[-122.80111,54.01065],[-122.80111,54.01052],[-122.80122,54.01034],[-122.80111,54.01052],[-122.80123,54.00932],[-122.80138,54.00809],[-122.80141,54.00692],[-122.80152,54.00542],[-122.80144,54.0051],[-122.80111,54.00511],[-122.80111,54.00481],[-122.80118,54.00477],[-122.80121,54.0036],[-122.80117,54.00034],[-122.80089,53.99915],[-122.80044,53.99819],[-122.79948,53.99691],[-122.79903,53.99646],[-122.79903,53.99635],[-122.79906,53.99629],[-122.79914,53.99621],[-122.79923,53.99618],[-122.80118,53.99619],[-122.80129,53.99564],[-122.80118,53.99564],[-122.80119,53.99438],[-122.80129,53.99333],[-122.80118,53.99332],[-122.80127,53.99192],[-122.80118,53.99192],[-122.80125,53.98956],[-122.80116,53.98817],[-122.80126,53.98749],[-122.80116,53.98749],[-122.80116,53.98586],[-122.80116,53.98492],[-122.80118,53.98427],[-122.80107,53.98408],[-122.80091,53.98393],[-122.79967,53.98337],[-122.79937,53.98321],[-122.79933,53.98328],[-122.79712,53.98271],[-122.79666,53.98253],[-122.79636,53.98236],[-122.79555,53.98148],[-122.79535,53.98113],[-122.79524,53.98111],[-122.79507,53.98042],[-122.79513,53.98009],[-122.79569,53.97944],[-122.79562,53.9794],[-122.79642,53.97892],[-122.79806,53.97841],[-122.79926,53.97798],[-122.80161,53.97796],[-122.79985,53.97517],[-122.79563,53.97031],[-122.79507,53.96929],[-122.79497,53.96832],[-122.7951,53.96769],[-122.79607,53.96636],[-122.79743,53.9654],[-122.79821,53.96504],[-122.79969,53.96459],[-122.80114,53.96434],[-122.80662,53.96413],[-122.80921,53.96384],[-122.81088,53.96343],[-122.81226,53.96261],[-122.81294,53.96166],[-122.81375,53.95855],[-122.81383,53.95845],[-122.81385,53.95839],[-122.81395,53.95827],[-122.81411,53.95819],[-122.81426,53.95815],[-122.81449,53.95814],[-122.81565,53.95846],[-122.81831,53.96009],[-122.81937,53.96051],[-122.82132,53.96101],[-122.82251,53.96122],[-122.82227,53.96161],[-122.82179,53.9615],[-122.82204,53.96112],[-122.81937,53.96051],[-122.81831,53.96009],[-122.81615,53.9587],[-122.81519,53.9583],[-122.81323,53.95787],[-122.81273,53.95768],[-122.81269,53.95775],[-122.80892,53.95688],[-122.80784,53.95668],[-122.80649,53.95623],[-122.80516,53.95548],[-122.804,53.95455],[-122.80358,53.95412],[-122.8035,53.95415],[-122.80268,53.9535],[-122.80188,53.95252],[-122.80088,53.95129],[-122.80002,53.95039],[-122.79893,53.94925],[-122.79862,53.94884],[-122.79844,53.94873],[-122.79691,53.94724],[-122.796,53.94628],[-122.79479,53.94514],[-122.7931,53.94333],[-122.79224,53.94224],[-122.79213,53.94228],[-122.78972,53.93968],[-122.78956,53.93943],[-122.78846,53.93827],[-122.7879,53.93716],[-122.78738,53.93551],[-122.78723,53.93475],[-122.78713,53.93476],[-122.78631,53.93236],[-122.78621,53.93212],[-122.78601,53.93187],[-122.78573,53.93165],[-122.7852,53.93146],[-122.78291,53.93125],[-122.78265,53.93117],[-122.78224,53.93113],[-122.78141,53.9311],[-122.78102,53.93101],[-122.78084,53.93092],[-122.78073,53.93079],[-122.78079,53.93052],[-122.78071,53.93026],[-122.77986,53.92954],[-122.77981,53.92917],[-122.78099,53.92617],[-122.78158,53.92465],[-122.78182,53.9229],[-122.78181,53.92066],[-122.7818,53.91941],[-122.78193,53.91917],[-122.78202,53.91912],[-122.7822,53.91912],[-122.78222,53.91763],[-122.78289,53.91768]]},"properties":{"routeId":"91-PRG","routeShortName":"91","routeLongName":"Spruceland/Hart","routeColor":"#B3AA7E","routeTextColor":"#FFFFFF","shapeId":"20318","headsigns":["Spruceland"],"directions":["1"]}},{"type":"Feature","id":"91-PRG:20353","geometry":{"type":"LineString","coordinates":[[-122.78289,53.91768],[-122.78317,53.91763],[-122.7843,53.91764],[-122.78416,53.9199],[-122.7843,53.9199],[-122.7843,53.92057],[-122.78157,53.92057],[-122.78156,53.92291],[-122.78149,53.92418],[-122.77991,53.92815],[-122.77958,53.92891],[-122.77938,53.9291],[-122.77904,53.92966],[-122.77885,53.92985],[-122.77728,53.93039],[-122.7771,53.93048],[-122.77682,53.93085],[-122.78051,53.93116],[-122.78117,53.93131],[-122.78119,53.93121],[-122.78262,53.93131],[-122.78291,53.93125],[-122.78464,53.93138],[-122.7852,53.93146],[-122.78573,53.93165],[-122.78601,53.93187],[-122.78621,53.93212],[-122.7869,53.93413],[-122.78688,53.93443],[-122.787,53.93442],[-122.78738,53.93551],[-122.7879,53.93715],[-122.78844,53.93824],[-122.78972,53.93968],[-122.78975,53.93985],[-122.78985,53.93982],[-122.79228,53.94243],[-122.79258,53.94288],[-122.79227,53.94242],[-122.7931,53.94333],[-122.79478,53.94514],[-122.79543,53.94598],[-122.79555,53.94594],[-122.79691,53.94724],[-122.7981,53.94838],[-122.79848,53.94893],[-122.79859,53.9489],[-122.80002,53.95039],[-122.80088,53.95129],[-122.80188,53.95252],[-122.80268,53.9535],[-122.80391,53.95448],[-122.80397,53.95467],[-122.80409,53.95462],[-122.80516,53.95548],[-122.80636,53.95617],[-122.80784,53.95668],[-122.80895,53.957],[-122.809,53.95693],[-122.81152,53.95749],[-122.81257,53.9578],[-122.8126,53.95773],[-122.81449,53.95814],[-122.81565,53.95846],[-122.81773,53.95975],[-122.81928,53.96048],[-122.82132,53.96101],[-122.82251,53.96122],[-122.82227,53.96161],[-122.82179,53.9615],[-122.82204,53.96112],[-122.81937,53.96051],[-122.81831,53.96009],[-122.81615,53.9587],[-122.81519,53.9583],[-122.81382,53.95799],[-122.8137,53.95843],[-122.81375,53.95855],[-122.81294,53.96166],[-122.81226,53.96261],[-122.81088,53.96343],[-122.80921,53.96384],[-122.80662,53.96413],[-122.80114,53.96434],[-122.79969,53.96459],[-122.79821,53.96504],[-122.7967,53.96585],[-122.79545,53.96707],[-122.7951,53.96769],[-122.79497,53.96832],[-122.79507,53.96929],[-122.79563,53.97031],[-122.79985,53.97517],[-122.80129,53.97745],[-122.80129,53.97775],[-122.80125,53.97782],[-122.80102,53.97795],[-122.79909,53.97795],[-122.79914,53.97802],[-122.7987,53.97814],[-122.79709,53.97633],[-122.79697,53.97637],[-122.79586,53.97544],[-122.79661,53.97513],[-122.79708,53.97492],[-122.79585,53.97378],[-122.79568,53.97349],[-122.7948,53.97242],[-122.79331,53.97137],[-122.79259,53.97168],[-122.79132,53.97239],[-122.79062,53.97279],[-122.78973,53.97341],[-122.78977,53.97439],[-122.78971,53.97514],[-122.78981,53.97566],[-122.79029,53.97622],[-122.79151,53.97659],[-122.79128,53.977],[-122.79134,53.97709],[-122.79159,53.97813],[-122.79236,53.97936],[-122.79232,53.97983],[-122.79246,53.97983],[-122.79233,53.98075],[-122.79215,53.9811],[-122.79254,53.98124],[-122.79257,53.98118],[-122.79448,53.98123],[-122.79524,53.98111],[-122.79542,53.98149],[-122.79546,53.98138],[-122.79636,53.98236],[-122.79674,53.98264],[-122.7968,53.98259],[-122.79836,53.98302],[-122.79929,53.98332],[-122.79967,53.98337],[-122.80091,53.98393],[-122.80107,53.98408],[-122.80118,53.98427],[-122.80115,53.98527],[-122.80105,53.98541],[-122.80115,53.98541],[-122.80116,53.98708],[-122.80103,53.98748],[-122.80116,53.98748],[-122.80117,53.98886],[-122.79942,53.98879],[-122.79942,53.98886],[-122.79626,53.98886],[-122.79241,53.98887],[-122.79033,53.98887],[-122.78909,53.98888]]},"properties":{"routeId":"91-PRG","routeShortName":"91","routeLongName":"Spruceland/Hart","routeColor":"#B3AA7E","routeTextColor":"#FFFFFF","shapeId":"20353","headsigns":["Hart"],"directions":["0"]}},{"type":"Feature","id":"96-PRG:40971","geometry":{"type":"LineString","coordinates":[[-122.80755,53.99415],[-122.80745,53.99415],[-122.80747,53.99347],[-122.8035,53.99347],[-122.80224,53.99361],[-122.80118,53.99361],[-122.80129,53.99333],[-122.80118,53.99332],[-122.80127,53.99192],[-122.80118,53.99192],[-122.80125,53.98956],[-122.80116,53.98817],[-122.80126,53.98749],[-122.80116,53.98749],[-122.80116,53.98586],[-122.80115,53.98527],[-122.80396,53.98523],[-122.80493,53.98512],[-122.80488,53.98507],[-122.80609,53.98467],[-122.80724,53.98457],[-122.80734,53.98405],[-122.80724,53.98405],[-122.80725,53.98339],[-122.80717,53.98322],[-122.80572,53.9825],[-122.80448,53.98188],[-122.80422,53.98174],[-122.80358,53.98156],[-122.80357,53.98164],[-122.80127,53.98162],[-122.8011,53.98166],[-122.80093,53.98174],[-122.80027,53.98222],[-122.80033,53.98229],[-122.80039,53.98263],[-122.8003,53.98305],[-122.80002,53.98351],[-122.79937,53.98321],[-122.79933,53.98328],[-122.79712,53.98271],[-122.79666,53.98253],[-122.79636,53.98236],[-122.79555,53.98148],[-122.79535,53.98113],[-122.79524,53.98111],[-122.79448,53.98123],[-122.79265,53.9812],[-122.79215,53.9811],[-122.79256,53.97978],[-122.79246,53.97978],[-122.79236,53.97936],[-122.79172,53.97844],[-122.79137,53.97701],[-122.79138,53.97681],[-122.79151,53.97659],[-122.79029,53.97622],[-122.78981,53.97566],[-122.7898,53.97518],[-122.78973,53.97341],[-122.79077,53.97276],[-122.79209,53.972],[-122.79173,53.97174],[-122.79148,53.97165],[-122.79066,53.97163],[-122.79027,53.97145],[-122.78996,53.97122],[-122.78959,53.97053],[-122.78935,53.97028],[-122.78809,53.96941],[-122.78726,53.96886],[-122.7872,53.96891],[-122.78615,53.96844],[-122.7858,53.96682],[-122.78496,53.9668],[-122.78413,53.96598],[-122.78405,53.96601],[-122.78343,53.96541],[-122.78354,53.96512],[-122.7839,53.96468],[-122.78533,53.96414],[-122.78636,53.96352],[-122.78629,53.96348],[-122.78642,53.96341],[-122.78673,53.96331],[-122.78735,53.96393],[-122.78665,53.96439],[-122.78637,53.96466],[-122.78612,53.96509],[-122.78569,53.96535],[-122.78579,53.9654],[-122.78565,53.96551],[-122.78527,53.96571],[-122.78651,53.96656],[-122.78762,53.96728],[-122.78881,53.96771],[-122.78909,53.96799],[-122.78921,53.96832],[-122.79114,53.97041],[-122.79153,53.97063],[-122.79265,53.97099],[-122.7943,53.97202],[-122.7948,53.97242],[-122.79585,53.97378],[-122.79602,53.97401],[-122.79708,53.97492],[-122.79586,53.97544],[-122.79681,53.97621],[-122.79701,53.9765],[-122.7987,53.97814],[-122.79926,53.97798],[-122.80161,53.97796],[-122.79985,53.97517],[-122.79563,53.97031],[-122.79507,53.96929],[-122.79497,53.96832],[-122.7951,53.96769],[-122.79607,53.96636],[-122.79743,53.9654],[-122.79821,53.96504],[-122.79969,53.96459],[-122.80114,53.96434],[-122.80662,53.96413],[-122.80921,53.96384],[-122.81088,53.96343],[-122.81226,53.96261],[-122.81294,53.96166],[-122.81375,53.95855],[-122.81383,53.95845],[-122.81385,53.95839],[-122.81395,53.95827],[-122.81411,53.95819],[-122.81426,53.95815],[-122.81449,53.95814],[-122.81565,53.95846],[-122.81831,53.96009],[-122.81937,53.96051],[-122.82132,53.96101],[-122.82251,53.96122],[-122.82227,53.96161],[-122.82179,53.9615],[-122.82204,53.96112],[-122.81937,53.96051],[-122.81831,53.96009],[-122.81615,53.9587],[-122.81519,53.9583],[-122.81323,53.95787],[-122.81273,53.95768],[-122.81269,53.95775],[-122.80892,53.95688],[-122.80784,53.95668],[-122.80649,53.95623],[-122.80516,53.95548],[-122.804,53.95455],[-122.80358,53.95412],[-122.804,53.95455],[-122.80268,53.9535],[-122.80188,53.95252],[-122.80088,53.95129],[-122.80002,53.95039],[-122.79893,53.94925],[-122.79691,53.94724],[-122.796,53.94628],[-122.79479,53.94514],[-122.7931,53.94333],[-122.78972,53.93968],[-122.78956,53.93943],[-122.78846,53.93827],[-122.7879,53.93716],[-122.78738,53.93551],[-122.78723,53.93475],[-122.78713,53.93476],[-122.78631,53.93236],[-122.78621,53.93212],[-122.78601,53.93187],[-122.78573,53.93165],[-122.7852,53.93146],[-122.78291,53.93125],[-122.78265,53.93117],[-122.78224,53.93113],[-122.78141,53.9311],[-122.78102,53.93101],[-122.78084,53.93092],[-122.78073,53.93079],[-122.78079,53.93052],[-122.78071,53.93026],[-122.77986,53.92954],[-122.77981,53.92917],[-122.78099,53.92617],[-122.78158,53.92465],[-122.78182,53.9229],[-122.78181,53.92066],[-122.7818,53.91941],[-122.78193,53.91917],[-122.78202,53.91912],[-122.7822,53.91912],[-122.78222,53.91763],[-122.78289,53.91768]]},"properties":{"routeId":"96-PRG","routeShortName":"96","routeLongName":"Shas Ti  Kelly Rd via N. Nechako","routeColor":"#BF83B9","routeTextColor":"#FFFFFF","shapeId":"40971","headsigns":["Spruceland via Foothills"],"directions":["1"]}},{"type":"Feature","id":"96-PRG:41011","geometry":{"type":"LineString","coordinates":[[-122.80755,53.99415],[-122.80745,53.99415],[-122.80747,53.99347],[-122.8035,53.99347],[-122.80224,53.99361],[-122.80118,53.99361],[-122.80129,53.99333],[-122.80118,53.99332],[-122.80127,53.99192],[-122.80118,53.99192],[-122.80125,53.98956],[-122.80116,53.98817],[-122.80126,53.98749],[-122.80116,53.98749],[-122.80116,53.98586],[-122.80116,53.98492],[-122.80118,53.98427],[-122.80107,53.98408],[-122.80091,53.98393],[-122.79967,53.98337],[-122.79937,53.98321],[-122.79933,53.98328],[-122.79712,53.98271],[-122.79666,53.98253],[-122.79636,53.98236],[-122.79555,53.98148],[-122.79524,53.98111],[-122.79507,53.98042],[-122.79513,53.98009],[-122.79569,53.97944],[-122.79562,53.9794],[-122.79642,53.97892],[-122.79806,53.97841],[-122.79926,53.97798],[-122.80161,53.97796],[-122.79985,53.97517],[-122.79563,53.97031],[-122.79507,53.96929],[-122.79497,53.96832],[-122.7951,53.96769],[-122.79607,53.96636],[-122.79743,53.9654],[-122.79821,53.96504],[-122.79969,53.96459],[-122.80114,53.96434],[-122.80662,53.96413],[-122.80921,53.96384],[-122.81088,53.96343],[-122.81226,53.96261],[-122.81294,53.96166],[-122.81375,53.95855],[-122.81383,53.95845],[-122.81385,53.95839],[-122.81395,53.95827],[-122.81411,53.95819],[-122.81426,53.95815],[-122.81449,53.95814],[-122.81565,53.95846],[-122.81831,53.96009],[-122.81937,53.96051],[-122.82132,53.96101],[-122.82251,53.96122],[-122.82227,53.96161],[-122.82179,53.9615],[-122.82204,53.96112],[-122.81937,53.96051],[-122.81831,53.96009],[-122.81615,53.9587],[-122.81519,53.9583],[-122.81323,53.95787],[-122.81273,53.95768],[-122.81269,53.95775],[-122.80892,53.95688],[-122.80784,53.95668],[-122.80649,53.95623],[-122.80516,53.95548],[-122.804,53.95455],[-122.80358,53.95412],[-122.804,53.95455],[-122.80268,53.9535],[-122.80188,53.95252],[-122.80088,53.95129],[-122.80002,53.95039],[-122.79893,53.94925],[-122.79691,53.94724],[-122.796,53.94628],[-122.79479,53.94514],[-122.7931,53.94333],[-122.78972,53.93968],[-122.78956,53.93943],[-122.78846,53.93827],[-122.7879,53.93716],[-122.78738,53.93551],[-122.78723,53.93475],[-122.78713,53.93476],[-122.78631,53.93236],[-122.78621,53.93212],[-122.78601,53.93187],[-122.78573,53.93165],[-122.7852,53.93146],[-122.78291,53.93125],[-122.78265,53.93117],[-122.78224,53.93113],[-122.78141,53.9311],[-122.78102,53.93101],[-122.78084,53.93092],[-122.78073,53.93079],[-122.78079,53.93052],[-122.78071,53.93026],[-122.77986,53.92954],[-122.77981,53.92917],[-122.78099,53.92617],[-122.78158,53.92465],[-122.78182,53.9229],[-122.78181,53.92066],[-122.7818,53.91941],[-122.78193,53.91917],[-122.78202,53.91912],[-122.7822,53.91912],[-122.78222,53.91763],[-122.78289,53.91768]]},"properties":{"routeId":"96-PRG","routeShortName":"96","routeLongName":"Shas Ti  Kelly Rd via N. Nechako","routeColor":"#BF83B9","routeTextColor":"#FFFFFF","shapeId":"41011","headsigns":["Spruceland via Foothills"],"directions":["0"]}},{"type":"Feature","id":"96-PRG:41025","geometry":{"type":"LineString","coordinates":[[-122.78289,53.91768],[-122.78317,53.91763],[-122.7843,53.91764],[-122.78416,53.9199],[-122.7843,53.9199],[-122.7843,53.92057],[-122.78157,53.92057],[-122.78156,53.92291],[-122.78149,53.92418],[-122.77991,53.92815],[-122.77958,53.92891],[-122.77938,53.9291],[-122.77904,53.92966],[-122.77885,53.92985],[-122.77728,53.93039],[-122.7771,53.93048],[-122.77682,53.93085],[-122.78051,53.93116],[-122.78117,53.93131],[-122.78119,53.93121],[-122.78262,53.93131],[-122.78291,53.93125],[-122.78464,53.93138],[-122.7852,53.93146],[-122.78573,53.93165],[-122.78601,53.93187],[-122.78621,53.93212],[-122.7869,53.93413],[-122.78688,53.93443],[-122.787,53.93442],[-122.78738,53.93551],[-122.7879,53.93715],[-122.78844,53.93824],[-122.78972,53.93968],[-122.78975,53.93985],[-122.78985,53.93982],[-122.79228,53.94243],[-122.79258,53.94288],[-122.79227,53.94242],[-122.7931,53.94333],[-122.79478,53.94514],[-122.79543,53.94598],[-122.79555,53.94594],[-122.79691,53.94724],[-122.7981,53.94838],[-122.80002,53.95039],[-122.80088,53.95129],[-122.80188,53.95252],[-122.80268,53.9535],[-122.80391,53.95448],[-122.80397,53.95467],[-122.80409,53.95462],[-122.80516,53.95548],[-122.80636,53.95617],[-122.80784,53.95668],[-122.80895,53.957],[-122.809,53.95693],[-122.81152,53.95749],[-122.81257,53.9578],[-122.8126,53.95773],[-122.81449,53.95814],[-122.81565,53.95846],[-122.81773,53.95975],[-122.81928,53.96048],[-122.82132,53.96101],[-122.82251,53.96122],[-122.82227,53.96161],[-122.82179,53.9615],[-122.82204,53.96112],[-122.81937,53.96051],[-122.81831,53.96009],[-122.81615,53.9587],[-122.81519,53.9583],[-122.81382,53.95799],[-122.8137,53.95843],[-122.81375,53.95855],[-122.81294,53.96166],[-122.81226,53.96261],[-122.81088,53.96343],[-122.80921,53.96384],[-122.80662,53.96413],[-122.80114,53.96434],[-122.79969,53.96459],[-122.79821,53.96504],[-122.7967,53.96585],[-122.79545,53.96707],[-122.7951,53.96769],[-122.79497,53.96832],[-122.79507,53.96929],[-122.79563,53.97031],[-122.79985,53.97517],[-122.80129,53.97745],[-122.80129,53.97775],[-122.80125,53.97782],[-122.80102,53.97795],[-122.79909,53.97795],[-122.79914,53.97802],[-122.79797,53.97833],[-122.79642,53.97892],[-122.79556,53.97944],[-122.79519,53.9798],[-122.79507,53.98042],[-122.79535,53.98113],[-122.79542,53.98149],[-122.79546,53.98138],[-122.79636,53.98236],[-122.79674,53.98264],[-122.7968,53.98259],[-122.79836,53.98302],[-122.79929,53.98332],[-122.79967,53.98337],[-122.80091,53.98393],[-122.80107,53.98408],[-122.80118,53.98427],[-122.80115,53.98527],[-122.80105,53.98541],[-122.80115,53.98541],[-122.80116,53.98708],[-122.80103,53.98748],[-122.80116,53.98748],[-122.80117,53.98886],[-122.80117,53.99143],[-122.80105,53.99192],[-122.80118,53.99192],[-122.80118,53.99361],[-122.80118,53.9949],[-122.80118,53.99619],[-122.80308,53.99625],[-122.80308,53.99619],[-122.80493,53.9962],[-122.80698,53.9962],[-122.80748,53.99621],[-122.80744,53.99437],[-122.80755,53.99415]]},"properties":{"routeId":"96-PRG","routeShortName":"96","routeLongName":"Shas Ti  Kelly Rd via N. Nechako","routeColor":"#BF83B9","routeTextColor":"#FFFFFF","shapeId":"41025","headsigns":["Shas Ti Kelly Rd via Foothills"],"directions":["1"]}},{"type":"Feature","id":"96-PRG:41050","geometry":{"type":"LineString","coordinates":[[-122.80308,53.99625],[-122.80308,53.99619],[-122.80493,53.9962],[-122.80698,53.9962],[-122.80748,53.99621],[-122.80744,53.99437],[-122.80755,53.99415]]},"properties":{"routeId":"96-PRG","routeShortName":"96","routeLongName":"Shas Ti  Kelly Rd via N. Nechako","routeColor":"#BF83B9","routeTextColor":"#FFFFFF","shapeId":"41050","headsigns":["Spruceland via Foothills"],"directions":["1"]}},{"type":"Feature","id":"96-PRG:41075","geometry":{"type":"LineString","coordinates":[[-122.78289,53.91768],[-122.78317,53.91763],[-122.7843,53.91764],[-122.78416,53.9199],[-122.7843,53.9199],[-122.7843,53.92057],[-122.78157,53.92057],[-122.78156,53.92291],[-122.78149,53.92418],[-122.77991,53.92815],[-122.77958,53.92891],[-122.77938,53.9291],[-122.77904,53.92966],[-122.77885,53.92985],[-122.77728,53.93039],[-122.7771,53.93048],[-122.77682,53.93085],[-122.78051,53.93116],[-122.78117,53.93131],[-122.78119,53.93121],[-122.78262,53.93131],[-122.78291,53.93125],[-122.78464,53.93138],[-122.7852,53.93146],[-122.78573,53.93165],[-122.78601,53.93187],[-122.78621,53.93212],[-122.7869,53.93413],[-122.78688,53.93443],[-122.787,53.93442],[-122.78738,53.93551],[-122.7879,53.93715],[-122.78844,53.93824],[-122.78972,53.93968],[-122.78975,53.93985],[-122.78985,53.93982],[-122.79228,53.94243],[-122.79258,53.94288],[-122.79227,53.94242],[-122.7931,53.94333],[-122.79478,53.94514],[-122.79543,53.94598],[-122.79555,53.94594],[-122.79691,53.94724],[-122.7981,53.94838],[-122.80002,53.95039],[-122.80088,53.95129],[-122.80188,53.95252],[-122.80268,53.9535],[-122.80391,53.95448],[-122.80397,53.95467],[-122.80409,53.95462],[-122.80516,53.95548],[-122.80636,53.95617],[-122.80784,53.95668],[-122.80895,53.957],[-122.809,53.95693],[-122.81152,53.95749],[-122.81257,53.9578],[-122.8126,53.95773],[-122.81449,53.95814],[-122.81565,53.95846],[-122.81773,53.95975],[-122.81928,53.96048],[-122.82132,53.96101],[-122.82675,53.96217],[-122.83056,53.96244],[-122.83193,53.96278],[-122.83179,53.96382],[-122.82672,53.96345],[-122.82628,53.96333],[-122.82603,53.96318],[-122.82597,53.963],[-122.82601,53.96272],[-122.82616,53.96258],[-122.82654,53.96243],[-122.82667,53.96232],[-122.82675,53.96217],[-122.81937,53.96051],[-122.81831,53.96009],[-122.81615,53.9587],[-122.81519,53.9583],[-122.81382,53.95799],[-122.8137,53.95843],[-122.81375,53.95855],[-122.81294,53.96166],[-122.81226,53.96261],[-122.81088,53.96343],[-122.80921,53.96384],[-122.80662,53.96413],[-122.80114,53.96434],[-122.79969,53.96459],[-122.79821,53.96504],[-122.7967,53.96585],[-122.79545,53.96707],[-122.7951,53.96769],[-122.79497,53.96832],[-122.79507,53.96929],[-122.79563,53.97031],[-122.79985,53.97517],[-122.80129,53.97745],[-122.80129,53.97775],[-122.80125,53.97782],[-122.80102,53.97795],[-122.79926,53.97798],[-122.7987,53.97814],[-122.79709,53.97633],[-122.79697,53.97637],[-122.79586,53.97544],[-122.79661,53.97513],[-122.79708,53.97492],[-122.79585,53.97378],[-122.79568,53.97349],[-122.7948,53.97242],[-122.79331,53.97137],[-122.79265,53.97099],[-122.79153,53.97063],[-122.79114,53.97041],[-122.78962,53.96879],[-122.78927,53.96817],[-122.78881,53.96771],[-122.78762,53.96728],[-122.78651,53.96656],[-122.78547,53.96581],[-122.78527,53.96571],[-122.78565,53.96551],[-122.78612,53.96509],[-122.78637,53.96466],[-122.78665,53.96439],[-122.78735,53.96393],[-122.7865,53.96335],[-122.78533,53.96414],[-122.7839,53.96468],[-122.78354,53.96512],[-122.78343,53.96541],[-122.78429,53.96629],[-122.78496,53.9668],[-122.7858,53.96682],[-122.78596,53.96773],[-122.78615,53.96844],[-122.78765,53.9691],[-122.78793,53.96936],[-122.78809,53.96941],[-122.78935,53.97028],[-122.78959,53.97053],[-122.78996,53.97122],[-122.79027,53.97145],[-122.79066,53.97163],[-122.79148,53.97165],[-122.79173,53.97174],[-122.79209,53.972],[-122.79062,53.97279],[-122.78973,53.97341],[-122.78977,53.97439],[-122.78971,53.97514],[-122.78981,53.97566],[-122.79029,53.97622],[-122.79151,53.97659],[-122.79128,53.977],[-122.79134,53.97709],[-122.79159,53.97813],[-122.79236,53.97936],[-122.79232,53.97983],[-122.79246,53.97983],[-122.79233,53.98075],[-122.79215,53.9811],[-122.79254,53.98124],[-122.79257,53.98118],[-122.79448,53.98123],[-122.79524,53.98111],[-122.79542,53.98149],[-122.79546,53.98138],[-122.79636,53.98236],[-122.79674,53.98264],[-122.7968,53.98259],[-122.79836,53.98302],[-122.80002,53.98351],[-122.8003,53.98305],[-122.80039,53.98263],[-122.80033,53.98229],[-122.80027,53.98222],[-122.80093,53.98174],[-122.8011,53.98166],[-122.8012,53.98164],[-122.80265,53.98158],[-122.80422,53.98174],[-122.80489,53.98213],[-122.80667,53.98297],[-122.80717,53.98322],[-122.80725,53.98339],[-122.80716,53.98391],[-122.80724,53.98406],[-122.80724,53.98457],[-122.80609,53.98467],[-122.80465,53.98509],[-122.80396,53.98523],[-122.80115,53.98527],[-122.80105,53.98541],[-122.80115,53.98541],[-122.80116,53.98708],[-122.80103,53.98748],[-122.80116,53.98748],[-122.80117,53.98886],[-122.80117,53.99143],[-122.80105,53.99192],[-122.80118,53.99192],[-122.80118,53.99361],[-122.80118,53.9949],[-122.80118,53.99619],[-122.80308,53.99625],[-122.80308,53.99619],[-122.80493,53.9962],[-122.80698,53.9962],[-122.80748,53.99621],[-122.80744,53.99437],[-122.80755,53.99415]]},"properties":{"routeId":"96-PRG","routeShortName":"96","routeLongName":"Shas Ti  Kelly Rd via N. Nechako","routeColor":"#BF83B9","routeTextColor":"#FFFFFF","shapeId":"41075","headsigns":["Shas Ti Kelly Rd via Foothills"],"directions":["0"]}},{"type":"Feature","id":"97-PRG:40957","geometry":{"type":"LineString","coordinates":[[-122.78289,53.91768],[-122.78317,53.91763],[-122.7843,53.91764],[-122.78416,53.9199],[-122.7843,53.9199],[-122.7843,53.92057],[-122.78157,53.92057],[-122.78149,53.92418],[-122.77958,53.92891],[-122.77911,53.92982],[-122.77852,53.93037],[-122.77736,53.93094],[-122.77623,53.93123],[-122.77469,53.9313],[-122.76876,53.93034],[-122.76741,53.93037],[-122.76588,53.93068],[-122.76042,53.9325],[-122.75908,53.93322],[-122.7584,53.9339],[-122.75801,53.93476],[-122.75803,53.9357],[-122.75854,53.93666],[-122.75988,53.9383],[-122.76058,53.93967],[-122.76068,53.94112],[-122.76083,53.94111],[-122.76098,53.94262],[-122.76128,53.9437],[-122.76148,53.94436],[-122.76159,53.94433],[-122.76236,53.94561],[-122.7626,53.94654],[-122.76203,53.94823],[-122.76192,53.94911],[-122.76222,53.95002],[-122.76366,53.95205],[-122.76411,53.95305],[-122.76423,53.95303],[-122.76498,53.95465],[-122.76564,53.95716],[-122.76594,53.95806],[-122.76725,53.96008],[-122.76758,53.96086],[-122.76773,53.96084],[-122.76801,53.96201],[-122.7677,53.96366],[-122.76721,53.96514],[-122.76734,53.96515],[-122.76715,53.96638],[-122.76787,53.96989],[-122.76799,53.97122],[-122.76785,53.97156],[-122.76799,53.97156],[-122.76799,53.97447],[-122.76825,53.9757],[-122.76915,53.97682],[-122.77181,53.97853],[-122.77315,53.97947],[-122.77326,53.97942],[-122.77548,53.98078],[-122.77814,53.98296],[-122.7787,53.98353],[-122.77975,53.9859],[-122.78102,53.98698],[-122.78495,53.98853],[-122.79713,53.99526],[-122.79846,53.99618],[-122.80308,53.99625],[-122.80308,53.99619],[-122.80493,53.9962],[-122.80698,53.9962],[-122.80748,53.99621],[-122.80744,53.99437],[-122.80755,53.99415],[-122.80745,53.99415],[-122.80747,53.99347],[-122.8035,53.99347],[-122.80224,53.99361],[-122.80118,53.99361],[-122.80118,53.99619],[-122.79819,53.99618],[-122.7954,53.99617],[-122.79334,53.99499],[-122.78897,53.99256],[-122.78834,53.99221],[-122.78773,53.99244],[-122.78782,53.99249],[-122.78724,53.99281],[-122.78642,53.99306],[-122.78381,53.99342],[-122.78362,53.99344],[-122.78335,53.99338],[-122.78343,53.99344],[-122.78091,53.99338],[-122.78084,53.99345],[-122.7791,53.99344],[-122.77769,53.99337],[-122.7778,53.99343],[-122.77746,53.99342],[-122.77746,53.99213],[-122.77746,53.99171],[-122.77694,53.99106],[-122.77682,53.99076],[-122.77681,53.98959],[-122.77738,53.98971],[-122.77738,53.98959],[-122.78193,53.98959],[-122.78227,53.98967],[-122.78222,53.98959],[-122.78456,53.9896],[-122.78489,53.98966],[-122.78486,53.98959],[-122.7865,53.98959],[-122.78666,53.98961],[-122.78706,53.98951],[-122.78641,53.98907],[-122.78641,53.98916],[-122.78506,53.98847],[-122.78353,53.98786],[-122.78426,53.98733],[-122.78419,53.9873],[-122.78486,53.9867],[-122.785,53.98647],[-122.78515,53.98552],[-122.78512,53.98534],[-122.78488,53.9849],[-122.78565,53.9847],[-122.7856,53.98465],[-122.78577,53.98459],[-122.78774,53.98441],[-122.78822,53.98446],[-122.78821,53.9844],[-122.78926,53.98439],[-122.79051,53.98415],[-122.79123,53.98381],[-122.79173,53.9834],[-122.79181,53.98316],[-122.79179,53.98292],[-122.79172,53.98275],[-122.79147,53.98246],[-122.79111,53.98223],[-122.78988,53.98174],[-122.78964,53.98153],[-122.78965,53.98126],[-122.78896,53.98118],[-122.78895,53.98125],[-122.7873,53.98118],[-122.78542,53.98071],[-122.78483,53.98045],[-122.78477,53.9805],[-122.78434,53.98036],[-122.78392,53.98014],[-122.78369,53.97996],[-122.7836,53.97977],[-122.78352,53.97884],[-122.78337,53.97872],[-122.78319,53.97864],[-122.78145,53.97852],[-122.78145,53.97859],[-122.77935,53.97859],[-122.77938,53.98072],[-122.77935,53.98094],[-122.77895,53.98092],[-122.77897,53.98098],[-122.7772,53.98119],[-122.77672,53.98111],[-122.77644,53.98078],[-122.77586,53.98092],[-122.77561,53.98068],[-122.77547,53.98063],[-122.77293,53.97908],[-122.77162,53.97821],[-122.7715,53.97822],[-122.76995,53.9773],[-122.76878,53.97631],[-122.76821,53.97525],[-122.76811,53.97422],[-122.76814,53.97255],[-122.76816,53.97156],[-122.76808,53.97017],[-122.76802,53.96988],[-122.76822,53.97074],[-122.76743,53.96727],[-122.76735,53.96596],[-122.76767,53.96493],[-122.76758,53.96485],[-122.76785,53.96366],[-122.76808,53.96254],[-122.76809,53.96136],[-122.76769,53.96048],[-122.76791,53.96067],[-122.76769,53.96049],[-122.76632,53.95849],[-122.76579,53.95717],[-122.76618,53.95717],[-122.76596,53.95673],[-122.76533,53.95476],[-122.76486,53.95346],[-122.76447,53.95258],[-122.76437,53.9526],[-122.76331,53.95098],[-122.76329,53.95064],[-122.76319,53.95066],[-122.7628,53.95018],[-122.76244,53.9494],[-122.76238,53.94888],[-122.76271,53.94776],[-122.76293,53.94685],[-122.76297,53.94598],[-122.76211,53.94452],[-122.76191,53.94418],[-122.76199,53.94388],[-122.7619,53.94388],[-122.76189,53.94377],[-122.76178,53.94367],[-122.76169,53.94365],[-122.76146,53.94367],[-122.76072,53.93973],[-122.76006,53.9383],[-122.75841,53.93621],[-122.75812,53.93514],[-122.75828,53.93442],[-122.75883,53.93364],[-122.75962,53.93301],[-122.76114,53.93237],[-122.76596,53.93075],[-122.76745,53.93045],[-122.76876,53.93043],[-122.77399,53.9313],[-122.7752,53.93139],[-122.77629,53.93132],[-122.7777,53.93096],[-122.7784,53.93061],[-122.77927,53.92985],[-122.78099,53.92617],[-122.78158,53.92465],[-122.78181,53.92066],[-122.7818,53.91941],[-122.78193,53.91917],[-122.78202,53.91912],[-122.7822,53.91912],[-122.78222,53.91763],[-122.78289,53.91768]]},"properties":{"routeId":"97-PRG","routeShortName":"97","routeLongName":"Shas Ti  Kelly Rd via John Hart Hwy","routeColor":"#A54499","routeTextColor":"#FFFFFF","shapeId":"40957","headsigns":["Spruceland via Hwy 97"],"directions":["1"]}},{"type":"Feature","id":"97-PRG:41037","geometry":{"type":"LineString","coordinates":[[-122.78289,53.91768],[-122.78317,53.91763],[-122.7843,53.91764],[-122.78416,53.9199],[-122.7843,53.9199],[-122.7843,53.92057],[-122.78157,53.92057],[-122.78149,53.92418],[-122.77958,53.92891],[-122.77911,53.92982],[-122.77852,53.93037],[-122.77736,53.93094],[-122.77623,53.93123],[-122.77469,53.9313],[-122.76876,53.93034],[-122.76741,53.93037],[-122.76588,53.93068],[-122.76042,53.9325],[-122.75908,53.93322],[-122.7584,53.9339],[-122.75801,53.93476],[-122.75803,53.9357],[-122.75854,53.93666],[-122.75988,53.9383],[-122.76058,53.93967],[-122.76068,53.94112],[-122.76083,53.94111],[-122.76098,53.94262],[-122.76128,53.9437],[-122.76148,53.94436],[-122.76159,53.94433],[-122.76236,53.94561],[-122.7626,53.94654],[-122.76203,53.94823],[-122.76192,53.94911],[-122.76222,53.95002],[-122.76366,53.95205],[-122.76411,53.95305],[-122.76423,53.95303],[-122.76498,53.95465],[-122.76564,53.95716],[-122.76594,53.95806],[-122.76725,53.96008],[-122.76758,53.96086],[-122.76773,53.96084],[-122.76801,53.96201],[-122.7677,53.96366],[-122.76721,53.96514],[-122.76734,53.96515],[-122.76715,53.96638],[-122.76787,53.96989],[-122.76799,53.97122],[-122.76785,53.97156],[-122.76799,53.97156],[-122.76799,53.97447],[-122.76825,53.9757],[-122.76915,53.97682],[-122.77181,53.97853],[-122.77315,53.97947],[-122.77326,53.97942],[-122.77548,53.98078],[-122.7757,53.98096],[-122.77644,53.98078],[-122.77672,53.98111],[-122.7772,53.98119],[-122.77898,53.98102],[-122.77935,53.98094],[-122.77935,53.97859],[-122.78166,53.97859],[-122.78204,53.97865],[-122.78204,53.97859],[-122.78286,53.97859],[-122.78319,53.97864],[-122.78337,53.97872],[-122.78352,53.97884],[-122.7836,53.97977],[-122.78369,53.97996],[-122.78392,53.98014],[-122.78475,53.98058],[-122.78481,53.98052],[-122.78639,53.98098],[-122.7873,53.98118],[-122.78888,53.98132],[-122.78888,53.98125],[-122.78965,53.98126],[-122.78964,53.98153],[-122.78988,53.98174],[-122.79111,53.98223],[-122.79147,53.98246],[-122.79172,53.98275],[-122.79179,53.98292],[-122.79181,53.98316],[-122.79173,53.9834],[-122.79123,53.98381],[-122.79051,53.98415],[-122.78926,53.98439],[-122.78784,53.98434],[-122.78785,53.98441],[-122.78631,53.98453],[-122.78577,53.98459],[-122.78553,53.98459],[-122.7856,53.98465],[-122.78488,53.9849],[-122.78512,53.98534],[-122.785,53.98647],[-122.78486,53.9867],[-122.78429,53.98707],[-122.7844,53.98711],[-122.78389,53.98756],[-122.78424,53.9878],[-122.78584,53.98857],[-122.78695,53.98916],[-122.78728,53.98922],[-122.7874,53.98935],[-122.78659,53.98953],[-122.7865,53.98959],[-122.78478,53.98959],[-122.78514,53.98953],[-122.78478,53.98959],[-122.78193,53.98959],[-122.78121,53.98953],[-122.78148,53.98959],[-122.77681,53.98959],[-122.77668,53.99001],[-122.77681,53.99001],[-122.77682,53.99076],[-122.77694,53.99106],[-122.77746,53.99171],[-122.77746,53.99342],[-122.77834,53.99347],[-122.78068,53.99345],[-122.781,53.99351],[-122.781,53.99345],[-122.78362,53.99344],[-122.78439,53.99342],[-122.7842,53.99337],[-122.78642,53.99306],[-122.78782,53.99257],[-122.78775,53.99253],[-122.78834,53.99221],[-122.7913,53.99386],[-122.79024,53.99338],[-122.79237,53.99446],[-122.79266,53.99474],[-122.79276,53.99467],[-122.7954,53.99617],[-122.79589,53.99617],[-122.79624,53.99623],[-122.79589,53.99617],[-122.7977,53.99618],[-122.7995,53.99618],[-122.80118,53.99619],[-122.80308,53.99625],[-122.80308,53.99619],[-122.80493,53.9962],[-122.80698,53.9962],[-122.80748,53.99621],[-122.80744,53.99437],[-122.80755,53.99415],[-122.80745,53.99415],[-122.80747,53.99347],[-122.8035,53.99347],[-122.80224,53.99361],[-122.80118,53.99361],[-122.80129,53.99333],[-122.80118,53.99332],[-122.80127,53.99192],[-122.80118,53.99192],[-122.80125,53.98956],[-122.80117,53.98886],[-122.79942,53.98879],[-122.79942,53.98886],[-122.79626,53.98886],[-122.79241,53.98887],[-122.79033,53.98887],[-122.78909,53.98888],[-122.78913,53.98895],[-122.78749,53.98933],[-122.78695,53.98945],[-122.78641,53.98907],[-122.78641,53.98916],[-122.78506,53.98847],[-122.78353,53.98786],[-122.78279,53.98753],[-122.78274,53.98758],[-122.78134,53.98703],[-122.7803,53.98634],[-122.77968,53.98553],[-122.77927,53.98432],[-122.77885,53.98353],[-122.7765,53.98146],[-122.77561,53.98068],[-122.77547,53.98063],[-122.77293,53.97908],[-122.77162,53.97821],[-122.7715,53.97822],[-122.76995,53.9773],[-122.76878,53.97631],[-122.76821,53.97525],[-122.76811,53.97422],[-122.76814,53.97255],[-122.76816,53.97156],[-122.76808,53.97017],[-122.76802,53.96988],[-122.76822,53.97074],[-122.76743,53.96727],[-122.76735,53.96596],[-122.76767,53.96493],[-122.76758,53.96485],[-122.76785,53.96366],[-122.76808,53.96254],[-122.76809,53.96136],[-122.76769,53.96048],[-122.76791,53.96067],[-122.76769,53.96049],[-122.76632,53.95849],[-122.76579,53.95717],[-122.76618,53.95717],[-122.76596,53.95673],[-122.76533,53.95476],[-122.76486,53.95346],[-122.76447,53.95258],[-122.76437,53.9526],[-122.76331,53.95098],[-122.76329,53.95064],[-122.76319,53.95066],[-122.7628,53.95018],[-122.76244,53.9494],[-122.76238,53.94888],[-122.76271,53.94776],[-122.76293,53.94685],[-122.76297,53.94598],[-122.76211,53.94452],[-122.76191,53.94418],[-122.76199,53.94388],[-122.7619,53.94388],[-122.76189,53.94377],[-122.76178,53.94367],[-122.76169,53.94365],[-122.76146,53.94367],[-122.76072,53.93973],[-122.76006,53.9383],[-122.75841,53.93621],[-122.75812,53.93514],[-122.75828,53.93442],[-122.75883,53.93364],[-122.75962,53.93301],[-122.76114,53.93237],[-122.76596,53.93075],[-122.76745,53.93045],[-122.76876,53.93043],[-122.77399,53.9313],[-122.7752,53.93139],[-122.77629,53.93132],[-122.7777,53.93096],[-122.7784,53.93061],[-122.77927,53.92985],[-122.78099,53.92617],[-122.78158,53.92465],[-122.78181,53.92066],[-122.7818,53.91941],[-122.78193,53.91917],[-122.78202,53.91912],[-122.7822,53.91912],[-122.78222,53.91763],[-122.78289,53.91768]]},"properties":{"routeId":"97-PRG","routeShortName":"97","routeLongName":"Shas Ti  Kelly Rd via John Hart Hwy","routeColor":"#A54499","routeTextColor":"#FFFFFF","shapeId":"41037","headsigns":["Shas Ti Kelly Rd Via Hwy 97"],"directions":["1"]}},{"type":"Feature","id":"161-PRG:16441","geometry":{"type":"LineString","coordinates":[[-122.74808,53.9137],[-122.74802,53.91378],[-122.74697,53.91349],[-122.74818,53.9122],[-122.74858,53.91188],[-122.74911,53.91169],[-122.75135,53.91123],[-122.75319,53.91085],[-122.75335,53.91086],[-122.75583,53.91039],[-122.75822,53.90989],[-122.75927,53.90968],[-122.75972,53.90964],[-122.76002,53.90966],[-122.76235,53.91024],[-122.76281,53.91033],[-122.76571,53.91046],[-122.76785,53.91042],[-122.77076,53.91042],[-122.773,53.91042],[-122.77524,53.91042],[-122.77821,53.91042],[-122.7812,53.91043],[-122.78343,53.91043],[-122.78532,53.91031],[-122.78696,53.91032],[-122.78708,53.90983],[-122.78695,53.90983],[-122.78695,53.90865],[-122.78596,53.90864],[-122.78594,53.9073],[-122.78288,53.90729],[-122.78225,53.90729],[-122.782,53.90718],[-122.78181,53.90695],[-122.78183,53.90478],[-122.78181,53.90274],[-122.78189,53.90262],[-122.78199,53.90253],[-122.78231,53.90251],[-122.78228,53.90052],[-122.78236,53.90045],[-122.78235,53.89953],[-122.78046,53.89952],[-122.78017,53.89946],[-122.78008,53.89943],[-122.78,53.89937],[-122.77994,53.89926],[-122.77995,53.89882],[-122.77958,53.89848],[-122.77937,53.89835],[-122.77951,53.89829],[-122.77988,53.89788],[-122.78082,53.89748],[-122.77983,53.89656],[-122.77956,53.8921],[-122.77956,53.88731],[-122.77956,53.88458],[-122.78503,53.88459],[-122.78414,53.88368],[-122.78318,53.88291],[-122.78193,53.88125],[-122.7818,53.88085],[-122.78223,53.87854],[-122.78259,53.87798],[-122.78298,53.87763],[-122.78471,53.87667],[-122.78371,53.87612],[-122.78527,53.87529],[-122.78552,53.87501],[-122.78562,53.8747],[-122.78525,53.87326],[-122.78531,53.87246],[-122.78497,53.8718],[-122.78491,53.87095],[-122.78505,53.87058],[-122.78561,53.86982],[-122.78127,53.86925],[-122.78099,53.86916],[-122.78089,53.86908],[-122.7808,53.86897],[-122.78079,53.86879],[-122.78198,53.86764],[-122.78271,53.8673],[-122.78321,53.86715],[-122.7839,53.86706],[-122.78408,53.86699],[-122.78421,53.86688],[-122.78424,53.86676],[-122.78379,53.8652],[-122.78389,53.86502],[-122.78404,53.86494],[-122.78436,53.86488],[-122.78577,53.86498],[-122.78604,53.86516],[-122.78635,53.86513],[-122.78655,53.86504],[-122.78695,53.86507],[-122.78727,53.86502],[-122.7875,53.86491],[-122.78766,53.86475],[-122.78781,53.86394],[-122.78919,53.86298],[-122.79082,53.86393],[-122.7911,53.86418],[-122.79132,53.8645],[-122.79344,53.86443],[-122.79539,53.86409],[-122.79694,53.86352],[-122.80006,53.86187],[-122.80036,53.86168],[-122.80099,53.86094],[-122.80138,53.86075],[-122.80201,53.86123],[-122.80439,53.86006],[-122.80581,53.85962],[-122.80755,53.85931],[-122.81545,53.85837],[-122.81719,53.85815],[-122.81882,53.85772],[-122.82014,53.85712],[-122.82121,53.85628],[-122.82184,53.85532],[-122.82319,53.85111],[-122.82376,53.85025],[-122.82866,53.84551],[-122.83345,53.84095],[-122.83862,53.83602],[-122.84162,53.83325],[-122.84387,53.83193],[-122.84585,53.83106],[-122.85413,53.82851],[-122.86107,53.82655],[-122.87021,53.82397],[-122.88148,53.82079],[-122.89136,53.81803],[-122.89579,53.8168],[-122.89756,53.81655],[-122.90599,53.81682],[-122.90939,53.81667],[-122.91325,53.8161],[-122.91343,53.81645],[-122.91301,53.81656],[-122.91299,53.81651],[-122.91343,53.81645],[-122.91325,53.8161],[-122.92962,53.8115],[-122.93468,53.81006],[-122.94623,53.80831],[-122.94964,53.80793],[-122.95204,53.80802],[-122.95393,53.8083],[-122.95598,53.80891],[-122.95927,53.81016],[-122.96157,53.81074],[-122.96404,53.81116],[-122.96738,53.81133],[-122.97068,53.81114],[-122.98019,53.80962],[-122.98614,53.80866],[-122.98748,53.80854],[-122.9919,53.80891],[-122.99488,53.80892],[-123.0059,53.80793],[-123.007,53.80787],[-123.00868,53.80796],[-123.01045,53.80829],[-123.01263,53.80923],[-123.02218,53.81559],[-123.02361,53.81639],[-123.02577,53.81707],[-123.0281,53.8174],[-123.05124,53.8175],[-123.0646,53.81754],[-123.07615,53.81761],[-123.07853,53.81788],[-123.10345,53.82402],[-123.13742,53.8325],[-123.15379,53.83655],[-123.17727,53.84239],[-123.19231,53.84617],[-123.20156,53.84964],[-123.21688,53.85575],[-123.22729,53.85991],[-123.23114,53.86132],[-123.23418,53.86211],[-123.24581,53.86375],[-123.25596,53.8651],[-123.26629,53.86552],[-123.28818,53.86614],[-123.32139,53.86708],[-123.32374,53.86706],[-123.32528,53.86695],[-123.32717,53.8667],[-123.33695,53.86464],[-123.33903,53.86448],[-123.35266,53.86649],[-123.355,53.86718],[-123.35703,53.86802],[-123.35874,53.8685],[-123.36007,53.86866],[-123.36559,53.86829],[-123.37371,53.8686],[-123.37532,53.86875],[-123.37704,53.86901],[-123.37972,53.86959],[-123.38249,53.87054],[-123.38835,53.87358],[-123.38901,53.87397],[-123.39103,53.87468],[-123.40154,53.87664],[-123.40369,53.87729],[-123.40916,53.88058],[-123.41592,53.88484],[-123.41718,53.88543],[-123.41867,53.88581],[-123.43587,53.88732],[-123.44131,53.88774],[-123.44735,53.8875],[-123.45222,53.88792],[-123.46327,53.88773],[-123.46552,53.88785],[-123.46734,53.8882],[-123.4688,53.88871],[-123.47105,53.88972],[-123.47285,53.89026],[-123.48675,53.89222],[-123.48862,53.89235],[-123.49061,53.89225],[-123.49877,53.89048],[-123.50071,53.89037],[-123.50246,53.89046],[-123.51175,53.89165],[-123.51928,53.89261],[-123.52106,53.89272],[-123.52873,53.89202],[-123.53172,53.89172],[-123.53471,53.89173],[-123.53621,53.8919],[-123.53894,53.89247],[-123.56066,53.90011],[-123.57877,53.90649],[-123.58521,53.90871],[-123.58549,53.90843],[-123.58587,53.90849],[-123.58583,53.90854],[-123.58549,53.90843],[-123.58521,53.90871],[-123.59233,53.91059],[-123.59661,53.91124],[-123.6001,53.91151],[-123.62322,53.91152],[-123.63136,53.91152],[-123.64296,53.9115],[-123.64485,53.91155],[-123.64751,53.91183],[-123.684,53.91897],[-123.69609,53.92134],[-123.72342,53.92667],[-123.7416,53.93022],[-123.74301,53.93062],[-123.74483,53.93161],[-123.75095,53.93676],[-123.75931,53.94381],[-123.76106,53.94494],[-123.76639,53.94737],[-123.76871,53.94791],[-123.77783,53.94814],[-123.79666,53.94719],[-123.80497,53.94779],[-123.80694,53.94782],[-123.82214,53.94656],[-123.82389,53.94661],[-123.82472,53.94671],[-123.83201,53.94886],[-123.83357,53.94906],[-123.84217,53.94908],[-123.84294,53.9491],[-123.84462,53.94943],[-123.84561,53.94981],[-123.85182,53.9541],[-123.85248,53.95446],[-123.85375,53.9549],[-123.8551,53.9551],[-123.8694,53.95505],[-123.87407,53.95502],[-123.876,53.95484],[-123.87618,53.95494],[-123.87638,53.95498],[-123.87731,53.95496],[-123.87773,53.9549],[-123.87902,53.95454],[-123.87936,53.9545],[-123.87965,53.9545],[-123.87994,53.95455],[-123.88074,53.95486],[-123.88112,53.95494],[-123.88978,53.95496],[-123.89812,53.95495],[-123.90581,53.95492],[-123.92309,53.95483],[-123.93078,53.95489],[-123.93847,53.95494],[-123.94739,53.95494],[-123.95632,53.95488],[-123.95845,53.95487],[-123.95871,53.95492],[-123.95918,53.95514],[-123.95938,53.95517],[-123.95956,53.95514],[-123.95981,53.95499],[-123.97189,53.96192],[-123.9781,53.96546],[-123.98499,53.9694],[-123.98676,53.97052],[-123.98786,53.9717],[-123.98842,53.97311],[-123.99024,53.98385],[-123.99122,53.98967],[-123.99235,53.99625],[-123.99357,54.00337],[-123.9939,54.0053],[-123.99439,54.00638],[-123.99583,54.00785],[-124.00171,54.0114],[-124.00404,54.01277],[-124.00411,54.01286],[-124.00522,54.01351],[-124.00603,54.01378],[-124.00677,54.01388],[-124.0092,54.01391],[-124.00919,54.01437],[-124.00912,54.01444],[-124.00912,54.01478],[-124.00919,54.01488],[-124.00919,54.01529],[-124.00883,54.01528],[-124.0089,54.01495],[-124.00883,54.01528],[-124.00919,54.01529],[-124.00919,54.01691],[-124.00918,54.01782],[-124.00909,54.0182],[-124.00918,54.0182],[-124.00918,54.02004],[-124.00918,54.02186],[-124.00919,54.02365],[-124.00921,54.02564],[-124.00922,54.02704],[-124.00914,54.02716],[-124.00897,54.02729],[-124.00881,54.02734],[-124.00633,54.02772],[-124.00377,54.02787],[-124.00376,54.02955],[-124.00925,54.02955],[-124.00929,54.02893],[-124.00924,54.02832],[-124.00919,54.0282],[-124.00804,54.02768],[-124.00779,54.02749],[-124.00841,54.02739],[-124.00924,54.02736],[-124.00921,54.02564],[-124.00919,54.02451],[-124.00918,54.02262],[-124.00918,54.02095],[-124.00928,54.01953],[-124.00918,54.01953],[-124.00918,54.01782],[-124.00919,54.01691],[-124.00919,54.01599],[-124.00919,54.01529],[-124.00883,54.01528],[-124.0089,54.01495],[-124.00883,54.01528],[-124.00919,54.01529],[-124.00919,54.01488],[-124.00925,54.01478],[-124.00926,54.01444],[-124.00919,54.01437],[-124.0092,54.01391],[-124.01782,54.01404],[-124.01987,54.01403],[-124.02371,54.01301],[-124.02512,54.01284],[-124.03318,54.0129],[-124.04647,54.01298],[-124.05544,54.01298],[-124.06359,54.01297],[-124.06933,54.01302],[-124.07412,54.01373],[-124.07697,54.01391],[-124.08779,54.01328],[-124.09504,54.01286],[-124.10489,54.01285],[-124.11554,54.01286],[-124.14413,54.01281],[-124.15366,54.01279],[-124.15567,54.01292],[-124.15771,54.01325],[-124.15995,54.01386],[-124.1621,54.01477],[-124.16369,54.01581],[-124.16883,54.02099],[-124.17291,54.02516],[-124.1742,54.02596],[-124.17618,54.02674],[-124.17861,54.02718],[-124.19993,54.02723],[-124.2182,54.02722],[-124.24593,54.0272],[-124.27422,54.02716],[-124.2856,54.02714],[-124.29477,54.02716],[-124.31057,54.02598],[-124.31289,54.02585],[-124.31448,54.02595],[-124.31541,54.02612],[-124.3203,54.0277],[-124.32196,54.02801],[-124.32379,54.02802],[-124.33163,54.02709],[-124.34226,54.02709],[-124.38081,54.02712],[-124.38878,54.02716],[-124.39055,54.02732],[-124.39345,54.02788],[-124.39579,54.02866],[-124.40547,54.03431],[-124.433,54.05084],[-124.43893,54.05436],[-124.44055,54.05508],[-124.44201,54.05557],[-124.44411,54.05599],[-124.44665,54.05625],[-124.46672,54.05613],[-124.50699,54.0557],[-124.51782,54.05562],[-124.5197,54.0557],[-124.52873,54.05749],[-124.53632,54.05905],[-124.54411,54.06065],[-124.5465,54.06095],[-124.55189,54.06102],[-124.55198,54.06146],[-124.55263,54.06141],[-124.55267,54.06103],[-124.56115,54.06105],[-124.56934,54.0611],[-124.58515,54.06116],[-124.60432,54.06126],[-124.60434,54.06152],[-124.60441,54.06164],[-124.60455,54.06172],[-124.60483,54.06177],[-124.60799,54.06171],[-124.60903,54.06179],[-124.61524,54.06311],[-124.61587,54.06337],[-124.61613,54.06354],[-124.61654,54.06402],[-124.61665,54.06457],[-124.61658,54.06484],[-124.61168,54.07006],[-124.60715,54.07471],[-124.60325,54.07863],[-124.60227,54.07957],[-124.60195,54.07958],[-124.60168,54.07955],[-124.6018,54.07965],[-124.60122,54.0799],[-124.60177,54.08005],[-124.60715,54.07471],[-124.61168,54.07006],[-124.61637,54.06516],[-124.61658,54.06484],[-124.61665,54.06457],[-124.61654,54.06402],[-124.61613,54.06354],[-124.61558,54.06323],[-124.61524,54.06311],[-124.60903,54.06179],[-124.60483,54.06177],[-124.60455,54.06172],[-124.60441,54.06164],[-124.60434,54.06152],[-124.60432,54.06126],[-124.60993,54.06126],[-124.61201,54.06108],[-124.61326,54.06073],[-124.61464,54.0601],[-124.61572,54.05927],[-124.61747,54.05687],[-124.61848,54.05601],[-124.6199,54.0553],[-124.62175,54.05482],[-124.62284,54.0547],[-124.63164,54.0554],[-124.63383,54.05579],[-124.63618,54.0567],[-124.64126,54.06075],[-124.64289,54.06139],[-124.65073,54.06322],[-124.65228,54.06343],[-124.65431,54.06346],[-124.6655,54.06179],[-124.66928,54.06146],[-124.68,54.06125],[-124.68895,54.0601],[-124.69135,54.05957],[-124.69518,54.05819],[-124.70187,54.055],[-124.70503,54.0539],[-124.70636,54.05365],[-124.70878,54.05367],[-124.71916,54.05461],[-124.73573,54.05604],[-124.73909,54.05639],[-124.74159,54.05695],[-124.74926,54.05939],[-124.75234,54.05991],[-124.75455,54.06003],[-124.75682,54.05991],[-124.76552,54.05872],[-124.77481,54.05746],[-124.79249,54.05562],[-124.79553,54.05541],[-124.82156,54.05535],[-124.83001,54.05534],[-124.84126,54.05533],[-124.84124,54.0561],[-124.84597,54.05617],[-124.84955,54.05613],[-124.84956,54.05538],[-124.8503,54.05546],[-124.85029,54.05536],[-124.85049,54.05535],[-124.85051,54.05596],[-124.84955,54.05598],[-124.84956,54.05518],[-124.85317,54.05472],[-124.86059,54.05313],[-124.87749,54.04945],[-124.88593,54.0476],[-124.89206,54.04629],[-124.89435,54.0462],[-124.89587,54.04639],[-124.8975,54.0469],[-124.89892,54.04771],[-124.89993,54.04883],[-124.90149,54.05555],[-124.90198,54.05672],[-124.90293,54.05781],[-124.9042,54.05867],[-124.90576,54.05937],[-124.90732,54.05981],[-124.91169,54.06066],[-124.91135,54.06121],[-124.91157,54.06121],[-124.91156,54.06137],[-124.9112,54.06138],[-124.91118,54.06119],[-124.91157,54.06119],[-124.91158,54.06086],[-124.91169,54.06066],[-124.92893,54.06406],[-124.93052,54.06424],[-124.9452,54.0644],[-124.9473,54.06454],[-124.94887,54.06478],[-124.95215,54.06572],[-124.95396,54.06659],[-124.96013,54.07034],[-124.9665,54.07437],[-124.9677,54.07487],[-124.96921,54.07516],[-124.976,54.07479],[-124.97809,54.07494],[-124.98731,54.07668],[-124.9938,54.07796],[-124.99579,54.07871],[-125.00355,54.08269],[-125.00498,54.08334],[-125.00716,54.08392],[-125.01527,54.08468],[-125.02099,54.08558],[-125.02081,54.08587],[-125.0215,54.08587],[-125.02154,54.08567],[-125.02929,54.0869],[-125.03867,54.08838],[-125.05802,54.08971],[-125.06135,54.08968],[-125.06423,54.08936],[-125.08016,54.0863],[-125.08542,54.08529],[-125.08773,54.08502],[-125.08971,54.08498],[-125.09213,54.08519],[-125.10542,54.08744],[-125.10853,54.08798],[-125.11542,54.09014],[-125.11715,54.09049],[-125.11954,54.09066],[-125.13645,54.09053],[-125.15343,54.09041],[-125.1553,54.09058],[-125.15749,54.09126],[-125.16109,54.09316],[-125.16272,54.09372],[-125.16421,54.09396],[-125.17959,54.09392],[-125.1908,54.09386],[-125.19241,54.09391],[-125.19526,54.09429],[-125.20171,54.09605],[-125.20343,54.09641],[-125.20524,54.09661],[-125.22012,54.09689],[-125.23755,54.09721],[-125.24907,54.09861],[-125.25979,54.09999],[-125.26808,54.10094],[-125.28479,54.10118],[-125.30838,54.10152],[-125.33102,54.10186],[-125.33268,54.102],[-125.33448,54.10241],[-125.33646,54.10322],[-125.33768,54.10404],[-125.33889,54.10543],[-125.3435,54.11225],[-125.35049,54.12256],[-125.35114,54.12349],[-125.35132,54.12443],[-125.35089,54.12538],[-125.34967,54.1267],[-125.34937,54.12717],[-125.34925,54.12807],[-125.34981,54.12907],[-125.35023,54.12945],[-125.35955,54.13367],[-125.36101,54.13459],[-125.36432,54.13855],[-125.36594,54.13972],[-125.36675,54.14015],[-125.36857,54.14081],[-125.37356,54.14181],[-125.37581,54.14252],[-125.38135,54.14516],[-125.3914,54.1487],[-125.39388,54.14941],[-125.39786,54.15021],[-125.40291,54.15062],[-125.40524,54.15064],[-125.41483,54.15015],[-125.41675,54.15016],[-125.41864,54.15033],[-125.42065,54.15069],[-125.42227,54.15114],[-125.42451,54.15203],[-125.44036,54.16087],[-125.44475,54.16375],[-125.45531,54.16869],[-125.45739,54.16993],[-125.46303,54.17464],[-125.46777,54.17864],[-125.46922,54.17961],[-125.47184,54.18086],[-125.48452,54.1856],[-125.49187,54.18829],[-125.49372,54.18876],[-125.49676,54.18922],[-125.50497,54.19002],[-125.51613,54.19109],[-125.52598,54.19205],[-125.52863,54.19209],[-125.53673,54.1917],[-125.54341,54.19176],[-125.55274,54.19238],[-125.56627,54.19332],[-125.57101,54.19413],[-125.57282,54.19417],[-125.57788,54.19369],[-125.57979,54.19372],[-125.58163,54.19408],[-125.58311,54.19463],[-125.59948,54.20248],[-125.60569,54.20546],[-125.60581,54.20536],[-125.60563,54.20521],[-125.60551,54.20521],[-125.60536,54.2053],[-125.6101,54.20758],[-125.61115,54.20825],[-125.61296,54.20987],[-125.61347,54.21024],[-125.61426,54.21062],[-125.61581,54.21099],[-125.62464,54.21086],[-125.63578,54.21198],[-125.64693,54.21338],[-125.64794,54.21344],[-125.65021,54.21322],[-125.65227,54.21267],[-125.65384,54.21242],[-125.65546,54.21238],[-125.65696,54.21258],[-125.66372,54.21443],[-125.66521,54.21471],[-125.66627,54.21479],[-125.68005,54.21327],[-125.68834,54.2123],[-125.69099,54.21186],[-125.69282,54.21127],[-125.69407,54.21071],[-125.69528,54.20995],[-125.69753,54.20809],[-125.69847,54.20758],[-125.69997,54.20719],[-125.70105,54.20713],[-125.7027,54.20733],[-125.70338,54.20754],[-125.70452,54.20816],[-125.70561,54.20909],[-125.70666,54.20967],[-125.71191,54.21099],[-125.71353,54.2116],[-125.71442,54.21206],[-125.72288,54.21831],[-125.72348,54.21902],[-125.72368,54.21976],[-125.72344,54.22134],[-125.72354,54.22201],[-125.72394,54.22271],[-125.72486,54.22352],[-125.7323,54.22676],[-125.73386,54.22741],[-125.73432,54.22756],[-125.73536,54.22772],[-125.73659,54.22765],[-125.73728,54.2275],[-125.73844,54.22688],[-125.74179,54.22424],[-125.74275,54.22372],[-125.74338,54.2235],[-125.7443,54.22331],[-125.74505,54.22325],[-125.75062,54.22384],[-125.75235,54.22422],[-125.75297,54.22446],[-125.75286,54.22456],[-125.75304,54.22473],[-125.75363,54.22497],[-125.75398,54.22501],[-125.75411,54.22487],[-125.75601,54.22555],[-125.75755,54.22629],[-125.75932,54.2269],[-125.75948,54.22695],[-125.75954,54.22702],[-125.75985,54.22712],[-125.75999,54.22712],[-125.7602,54.22725],[-125.76032,54.22719],[-125.7604,54.22713],[-125.76045,54.22707],[-125.76064,54.2266],[-125.7619,54.22751],[-125.76381,54.22896],[-125.76475,54.22966],[-125.76477,54.22974],[-125.76459,54.22985],[-125.7635,54.22898],[-125.76336,54.22893],[-125.76459,54.22985],[-125.76477,54.22974],[-125.76475,54.22966],[-125.76276,54.22816],[-125.7613,54.22705],[-125.76064,54.2266],[-125.76073,54.22623],[-125.7615,54.22544],[-125.76078,54.22481],[-125.7606,54.22474],[-125.76033,54.22452],[-125.76023,54.22423],[-125.75821,54.22411],[-125.75654,54.224],[-125.75606,54.22403],[-125.75581,54.22402],[-125.75571,54.2241],[-125.75434,54.22469],[-125.75412,54.22487],[-125.75644,54.22571],[-125.75843,54.22663],[-125.75948,54.22695],[-125.75954,54.22702],[-125.75985,54.22712],[-125.75999,54.22712],[-125.7602,54.22725],[-125.76018,54.22731],[-125.76024,54.22747],[-125.76034,54.22754],[-125.76007,54.22771],[-125.76001,54.22923],[-125.75999,54.23003],[-125.75732,54.23003],[-125.75382,54.23004],[-125.75052,54.23002],[-125.74978,54.23006],[-125.74977,54.23128],[-125.74976,54.2317],[-125.75188,54.23176],[-125.75188,54.2317],[-125.7553,54.23169],[-125.76,54.23168],[-125.76001,54.23331],[-125.76002,54.23497],[-125.76003,54.23648],[-125.76004,54.23834],[-125.75824,54.23833],[-125.75813,54.23837],[-125.75812,54.23853],[-125.7583,54.23884],[-125.75858,54.23885],[-125.75872,54.23874],[-125.7587,54.23833],[-125.75899,54.23837],[-125.76004,54.23834],[-125.76003,54.23659],[-125.76015,54.23592],[-125.76002,54.23592],[-125.76002,54.23497],[-125.76002,54.23414],[-125.76257,54.23414],[-125.76491,54.23414],[-125.76567,54.23414],[-125.76658,54.2345],[-125.76663,54.23444],[-125.7678,54.23481],[-125.76794,54.23466],[-125.77049,54.23548],[-125.77208,54.23639],[-125.77628,54.24019],[-125.77889,54.24404],[-125.78019,54.24517],[-125.78197,54.24644],[-125.78743,54.25209],[-125.79361,54.25768],[-125.79992,54.2632],[-125.80683,54.26929],[-125.81195,54.27408],[-125.81958,54.2812],[-125.82021,54.28177],[-125.82143,54.28246],[-125.82522,54.28395],[-125.82668,54.28493],[-125.8323,54.29104],[-125.83248,54.29128],[-125.83231,54.29136],[-125.83246,54.2919],[-125.83258,54.29201],[-125.8328,54.29201],[-125.83312,54.2933],[-125.83412,54.29468],[-125.83515,54.29772],[-125.83579,54.29855],[-125.84263,54.30352],[-125.84376,54.30416],[-125.84576,54.30501],[-125.85458,54.30785],[-125.85597,54.30843],[-125.85729,54.30916],[-125.86846,54.3174],[-125.87014,54.31839],[-125.87978,54.3229],[-125.88105,54.32372],[-125.88193,54.32456],[-125.88508,54.32886],[-125.88386,54.32916],[-125.88343,54.32918],[-125.88296,54.3291],[-125.88249,54.32911],[-125.88241,54.32913],[-125.88287,54.32993],[-125.88358,54.3298],[-125.88341,54.32948],[-125.88338,54.32927],[-125.88343,54.32918],[-125.88374,54.32923]]},"properties":{"routeId":"161-PRG","routeShortName":"161","routeLongName":"Prince George / Burns Lake","routeColor":"#000000","routeTextColor":"#FFFFFF","shapeId":"16441","headsigns":["Burns Lake"],"directions":["1"]}},{"type":"Feature","id":"161-PRG:51347","geometry":{"type":"LineString","coordinates":[[-125.88374,54.32923],[-125.88373,54.32916],[-125.88386,54.32916],[-125.88508,54.32886],[-125.88193,54.32456],[-125.88105,54.32372],[-125.87978,54.3229],[-125.87377,54.3201],[-125.86936,54.31797],[-125.85822,54.30978],[-125.85597,54.30843],[-125.85458,54.30785],[-125.84576,54.30501],[-125.84376,54.30416],[-125.84263,54.30352],[-125.83644,54.2991],[-125.83546,54.2982],[-125.83412,54.29468],[-125.83312,54.2933],[-125.8327,54.29163],[-125.83248,54.29128],[-125.83231,54.29136],[-125.83246,54.2919],[-125.83258,54.29201],[-125.8328,54.29201],[-125.8327,54.29163],[-125.82907,54.28753],[-125.82668,54.28493],[-125.82522,54.28395],[-125.82143,54.28246],[-125.82021,54.28177],[-125.81195,54.27408],[-125.80683,54.26929],[-125.80247,54.26543],[-125.79494,54.25881],[-125.79042,54.25482],[-125.7832,54.24768],[-125.78197,54.24644],[-125.77939,54.24456],[-125.77698,54.24099],[-125.77239,54.23666],[-125.77141,54.23594],[-125.76981,54.23523],[-125.76492,54.23375],[-125.7649,54.23026],[-125.76478,54.23001],[-125.7635,54.22898],[-125.76336,54.22893],[-125.76459,54.22985],[-125.76477,54.22974],[-125.76475,54.22966],[-125.76276,54.22816],[-125.7613,54.22705],[-125.76064,54.2266],[-125.76073,54.22623],[-125.7615,54.22544],[-125.76078,54.22481],[-125.7606,54.22474],[-125.76033,54.22452],[-125.76023,54.22423],[-125.75821,54.22411],[-125.75654,54.224],[-125.75606,54.22403],[-125.75581,54.22402],[-125.75571,54.2241],[-125.75434,54.22469],[-125.75412,54.22487],[-125.75644,54.22571],[-125.75843,54.22663],[-125.75948,54.22695],[-125.75954,54.22702],[-125.75985,54.22712],[-125.75999,54.22712],[-125.7602,54.22725],[-125.76018,54.22731],[-125.76024,54.22747],[-125.76034,54.22754],[-125.76007,54.22771],[-125.76001,54.22923],[-125.75999,54.23003],[-125.75732,54.23003],[-125.75382,54.23004],[-125.75052,54.23002],[-125.74978,54.23006],[-125.74977,54.23128],[-125.74976,54.2317],[-125.75188,54.23176],[-125.75188,54.2317],[-125.7553,54.23169],[-125.76,54.23168],[-125.76001,54.23331],[-125.76002,54.23497],[-125.76003,54.23648],[-125.76004,54.23834],[-125.75824,54.23833],[-125.75813,54.23837],[-125.75812,54.23853],[-125.7583,54.23884],[-125.75858,54.23885],[-125.75872,54.23874],[-125.7587,54.23833],[-125.75899,54.23837],[-125.76004,54.23834],[-125.76003,54.23659],[-125.76015,54.23592],[-125.76002,54.23592],[-125.76002,54.23414],[-125.76257,54.23414],[-125.76491,54.23414],[-125.76567,54.23414],[-125.76575,54.234],[-125.76492,54.23375],[-125.76492,54.23167],[-125.7649,54.23026],[-125.76478,54.23001],[-125.7635,54.22898],[-125.76336,54.22893],[-125.76459,54.22985],[-125.76477,54.22974],[-125.76475,54.22966],[-125.76276,54.22816],[-125.7613,54.22705],[-125.76064,54.2266],[-125.76073,54.22623],[-125.7615,54.22544],[-125.76078,54.22481],[-125.7606,54.22474],[-125.76033,54.22452],[-125.76023,54.22423],[-125.75821,54.22411],[-125.75654,54.224],[-125.75606,54.22403],[-125.75581,54.22402],[-125.75571,54.2241],[-125.75434,54.22469],[-125.75398,54.22501],[-125.75369,54.22497],[-125.75298,54.22468],[-125.75304,54.22473],[-125.75363,54.22497],[-125.75398,54.22501],[-125.75411,54.22487],[-125.75235,54.22422],[-125.75062,54.22384],[-125.74588,54.22327],[-125.74505,54.22325],[-125.7443,54.22331],[-125.74338,54.2235],[-125.74221,54.22398],[-125.73844,54.22688],[-125.73728,54.2275],[-125.73659,54.22765],[-125.73536,54.22772],[-125.73432,54.22756],[-125.72754,54.22473],[-125.72551,54.22388],[-125.72432,54.22311],[-125.72371,54.22237],[-125.72344,54.22134],[-125.72368,54.21976],[-125.72348,54.21902],[-125.72288,54.21831],[-125.71774,54.21452],[-125.71442,54.21206],[-125.71191,54.21099],[-125.70733,54.2099],[-125.70608,54.2094],[-125.70452,54.20816],[-125.70338,54.20754],[-125.7027,54.20733],[-125.70105,54.20713],[-125.69997,54.20719],[-125.69847,54.20758],[-125.69753,54.20809],[-125.69528,54.20995],[-125.69407,54.21071],[-125.69282,54.21127],[-125.69099,54.21186],[-125.68005,54.21327],[-125.66733,54.21476],[-125.66627,54.21479],[-125.66521,54.21471],[-125.66372,54.21443],[-125.65696,54.21258],[-125.65546,54.21238],[-125.65384,54.21242],[-125.65227,54.21267],[-125.65021,54.21322],[-125.64794,54.21344],[-125.63578,54.21198],[-125.62615,54.21094],[-125.62318,54.21085],[-125.61659,54.21103],[-125.61581,54.21099],[-125.61426,54.21062],[-125.61347,54.21024],[-125.61115,54.20825],[-125.6101,54.20758],[-125.60569,54.20546],[-125.60581,54.20536],[-125.60563,54.20521],[-125.60551,54.20521],[-125.60536,54.2053],[-125.58473,54.19542],[-125.58311,54.19463],[-125.58163,54.19408],[-125.57979,54.19372],[-125.57788,54.19369],[-125.57282,54.19417],[-125.57101,54.19413],[-125.56762,54.19349],[-125.55857,54.19278],[-125.54892,54.19212],[-125.53986,54.19166],[-125.52863,54.19209],[-125.52598,54.19205],[-125.51613,54.19109],[-125.50621,54.19014],[-125.49676,54.18922],[-125.49372,54.18876],[-125.49187,54.18829],[-125.48452,54.1856],[-125.47184,54.18086],[-125.46922,54.17961],[-125.46777,54.17864],[-125.46303,54.17464],[-125.45842,54.17069],[-125.4563,54.1692],[-125.44641,54.16463],[-125.44475,54.16375],[-125.44083,54.16113],[-125.42451,54.15203],[-125.42227,54.15114],[-125.42065,54.15069],[-125.41864,54.15033],[-125.41622,54.15013],[-125.40836,54.15049],[-125.40524,54.15064],[-125.40123,54.15054],[-125.39786,54.15021],[-125.39388,54.14941],[-125.38623,54.14689],[-125.38135,54.14516],[-125.37581,54.14252],[-125.37356,54.14181],[-125.36974,54.1411],[-125.36675,54.14015],[-125.36514,54.13921],[-125.36386,54.13807],[-125.36159,54.13514],[-125.36039,54.13412],[-125.35074,54.12976],[-125.35023,54.12945],[-125.34946,54.12859],[-125.34925,54.12807],[-125.34937,54.12717],[-125.35089,54.12538],[-125.35132,54.12443],[-125.35114,54.12349],[-125.34515,54.11466],[-125.33889,54.10543],[-125.33768,54.10404],[-125.33646,54.10322],[-125.33448,54.10241],[-125.33268,54.102],[-125.33102,54.10186],[-125.30838,54.10152],[-125.29189,54.10128],[-125.26808,54.10094],[-125.25979,54.09999],[-125.24907,54.09861],[-125.23899,54.09729],[-125.22012,54.09689],[-125.20524,54.09661],[-125.20343,54.09641],[-125.20171,54.09605],[-125.19526,54.09429],[-125.19241,54.09391],[-125.17959,54.09392],[-125.16893,54.09399],[-125.16525,54.09401],[-125.16349,54.09388],[-125.16188,54.09348],[-125.15749,54.09126],[-125.1553,54.09058],[-125.15343,54.09041],[-125.13645,54.09053],[-125.11954,54.09066],[-125.11715,54.09049],[-125.11542,54.09014],[-125.10966,54.08826],[-125.09392,54.08548],[-125.09213,54.08519],[-125.08971,54.08498],[-125.08773,54.08502],[-125.08542,54.08529],[-125.0703,54.08818],[-125.06423,54.08936],[-125.06135,54.08968],[-125.05802,54.08971],[-125.04387,54.0888],[-125.03867,54.08838],[-125.02929,54.0869],[-125.02154,54.08567],[-125.02099,54.08558],[-125.02081,54.08587],[-125.0215,54.08587],[-125.02154,54.08567],[-125.01439,54.08457],[-125.00774,54.08403],[-125.00593,54.08365],[-125.00355,54.08269],[-124.99579,54.07871],[-124.9938,54.07796],[-124.97809,54.07494],[-124.976,54.07479],[-124.96996,54.07521],[-124.96839,54.07504],[-124.9671,54.07465],[-124.96013,54.07034],[-124.95396,54.06659],[-124.95215,54.06572],[-124.95009,54.06504],[-124.94802,54.06463],[-124.9459,54.06442],[-124.93287,54.06431],[-124.93052,54.06424],[-124.92893,54.06406],[-124.91169,54.06066],[-124.91135,54.06121],[-124.91157,54.06121],[-124.91156,54.06137],[-124.9112,54.06138],[-124.91118,54.06119],[-124.91157,54.06119],[-124.91158,54.06086],[-124.91169,54.06066],[-124.90669,54.05966],[-124.90489,54.05903],[-124.90351,54.05826],[-124.90233,54.0572],[-124.90165,54.05607],[-124.90027,54.04979],[-124.89993,54.04883],[-124.89944,54.04816],[-124.89833,54.04731],[-124.89656,54.04657],[-124.89509,54.04626],[-124.89349,54.04618],[-124.89128,54.04643],[-124.87749,54.04945],[-124.86689,54.05176],[-124.85935,54.05341],[-124.85317,54.05472],[-124.84956,54.05518],[-124.84956,54.05538],[-124.8503,54.05546],[-124.85029,54.05536],[-124.85049,54.05535],[-124.85051,54.05596],[-124.84955,54.05598],[-124.84955,54.05613],[-124.84654,54.05608],[-124.84124,54.0561],[-124.84126,54.05533],[-124.83001,54.05534],[-124.82156,54.05535],[-124.79926,54.05535],[-124.79553,54.05541],[-124.77481,54.05746],[-124.76552,54.05872],[-124.75682,54.05991],[-124.75523,54.06003],[-124.75344,54.06],[-124.75064,54.05968],[-124.74159,54.05695],[-124.73909,54.05639],[-124.71916,54.05461],[-124.71147,54.05393],[-124.70786,54.05362],[-124.70636,54.05365],[-124.70503,54.0539],[-124.70239,54.05478],[-124.69518,54.05819],[-124.69244,54.05924],[-124.68895,54.0601],[-124.68116,54.06117],[-124.66928,54.06146],[-124.6655,54.06179],[-124.65556,54.06333],[-124.65321,54.06348],[-124.65073,54.06322],[-124.64289,54.06139],[-124.64126,54.06075],[-124.63705,54.05724],[-124.63503,54.05618],[-124.63268,54.05553],[-124.62404,54.0547],[-124.62284,54.0547],[-124.6208,54.05502],[-124.6191,54.05565],[-124.61783,54.0565],[-124.61572,54.05927],[-124.61464,54.0601],[-124.61326,54.06073],[-124.61201,54.06108],[-124.60993,54.06126],[-124.60432,54.06126],[-124.60434,54.06152],[-124.60441,54.06164],[-124.60455,54.06172],[-124.60483,54.06177],[-124.60799,54.06171],[-124.60903,54.06179],[-124.61524,54.06311],[-124.61587,54.06337],[-124.61613,54.06354],[-124.61654,54.06402],[-124.61665,54.06457],[-124.61658,54.06484],[-124.61168,54.07006],[-124.60715,54.07471],[-124.60325,54.07863],[-124.60227,54.07957],[-124.60195,54.07958],[-124.60168,54.07955],[-124.6018,54.07965],[-124.60122,54.0799],[-124.60177,54.08005],[-124.60715,54.07471],[-124.61168,54.07006],[-124.61637,54.06516],[-124.61658,54.06484],[-124.61665,54.06457],[-124.61654,54.06402],[-124.61613,54.06354],[-124.61558,54.06323],[-124.61524,54.06311],[-124.60903,54.06179],[-124.60483,54.06177],[-124.60455,54.06172],[-124.60441,54.06164],[-124.60434,54.06152],[-124.60432,54.06126],[-124.58515,54.06116],[-124.5749,54.06111],[-124.56388,54.06107],[-124.55581,54.06103],[-124.55189,54.06102],[-124.55198,54.06146],[-124.55263,54.06141],[-124.55267,54.06103],[-124.5465,54.06095],[-124.54411,54.06065],[-124.53632,54.05905],[-124.52873,54.05749],[-124.52067,54.05584],[-124.51884,54.05564],[-124.51042,54.0557],[-124.46672,54.05613],[-124.45209,54.05624],[-124.44727,54.05628],[-124.44484,54.05609],[-124.44201,54.05557],[-124.43965,54.05472],[-124.433,54.05084],[-124.40547,54.03431],[-124.39694,54.0292],[-124.39473,54.02824],[-124.39179,54.0275],[-124.38878,54.02716],[-124.38081,54.02712],[-124.34226,54.02709],[-124.33262,54.02708],[-124.33048,54.02719],[-124.32379,54.02802],[-124.32196,54.02801],[-124.3203,54.0277],[-124.31541,54.02612],[-124.31363,54.02586],[-124.29717,54.02706],[-124.2856,54.02714],[-124.27422,54.02716],[-124.25221,54.0272],[-124.2182,54.02722],[-124.19993,54.02723],[-124.18601,54.02724],[-124.17861,54.02718],[-124.17618,54.02674],[-124.1742,54.02596],[-124.17291,54.02516],[-124.16883,54.02099],[-124.16477,54.01678],[-124.16369,54.01581],[-124.1621,54.01477],[-124.15995,54.01386],[-124.15771,54.01325],[-124.15567,54.01292],[-124.15366,54.01279],[-124.14413,54.01281],[-124.12185,54.01284],[-124.10489,54.01285],[-124.09504,54.01286],[-124.08269,54.01359],[-124.07697,54.01391],[-124.07412,54.01373],[-124.07065,54.01315],[-124.06831,54.01297],[-124.05544,54.01298],[-124.04647,54.01298],[-124.03318,54.0129],[-124.02512,54.01284],[-124.02302,54.01316],[-124.0207,54.01387],[-124.01987,54.01403],[-124.01136,54.01394],[-124.0092,54.01391],[-124.00919,54.01437],[-124.00912,54.01444],[-124.00912,54.01478],[-124.00919,54.01488],[-124.00919,54.01529],[-124.00883,54.01528],[-124.0089,54.01495],[-124.00883,54.01528],[-124.00919,54.01529],[-124.00919,54.01691],[-124.00918,54.01782],[-124.00909,54.0182],[-124.00918,54.0182],[-124.00918,54.02004],[-124.00918,54.02186],[-124.00919,54.02365],[-124.00921,54.02564],[-124.00922,54.02704],[-124.00914,54.02716],[-124.00897,54.02729],[-124.00881,54.02734],[-124.00633,54.02772],[-124.00377,54.02787],[-124.00376,54.02955],[-124.00925,54.02955],[-124.00929,54.02893],[-124.00924,54.02832],[-124.00919,54.0282],[-124.00804,54.02768],[-124.00779,54.02749],[-124.00841,54.02739],[-124.00924,54.02736],[-124.00921,54.02564],[-124.00919,54.02451],[-124.00918,54.02262],[-124.00918,54.02095],[-124.00928,54.01953],[-124.00918,54.01953],[-124.00918,54.01782],[-124.00919,54.01691],[-124.00919,54.01599],[-124.00919,54.01529],[-124.00883,54.01528],[-124.0089,54.01495],[-124.00883,54.01528],[-124.00919,54.01529],[-124.00919,54.01488],[-124.00925,54.01478],[-124.00926,54.01444],[-124.00919,54.01437],[-124.0092,54.01391],[-124.00677,54.01388],[-124.00603,54.01378],[-124.00542,54.01357],[-124.00533,54.01345],[-124.0042,54.0128],[-124.00404,54.01277],[-123.99583,54.00785],[-123.99496,54.00709],[-123.99429,54.00618],[-123.9939,54.0053],[-123.9928,53.9989],[-123.99189,53.9936],[-123.99044,53.98507],[-123.98868,53.97469],[-123.98817,53.97229],[-123.98734,53.97105],[-123.98603,53.96999],[-123.9781,53.96546],[-123.97189,53.96192],[-123.95981,53.95499],[-123.9584,53.95424],[-123.95666,53.95367],[-123.95558,53.95349],[-123.94735,53.95329],[-123.92312,53.95282],[-123.89855,53.95235],[-123.88775,53.95214],[-123.88607,53.95218],[-123.88454,53.95236],[-123.876,53.95484],[-123.87407,53.95502],[-123.86188,53.95509],[-123.8551,53.9551],[-123.85375,53.9549],[-123.85248,53.95446],[-123.84661,53.95043],[-123.84561,53.94981],[-123.84462,53.94943],[-123.84294,53.9491],[-123.83357,53.94906],[-123.83201,53.94886],[-123.82552,53.9469],[-123.82472,53.94671],[-123.82309,53.94655],[-123.80694,53.94782],[-123.80497,53.94779],[-123.79771,53.94719],[-123.77783,53.94814],[-123.76871,53.94791],[-123.76686,53.94752],[-123.76542,53.94697],[-123.76106,53.94494],[-123.75931,53.94381],[-123.75095,53.93676],[-123.74483,53.93161],[-123.74301,53.93062],[-123.7416,53.93022],[-123.72342,53.92667],[-123.69609,53.92134],[-123.68436,53.91904],[-123.64943,53.91221],[-123.64751,53.91183],[-123.64485,53.91155],[-123.63136,53.91152],[-123.62322,53.91152],[-123.6042,53.91155],[-123.6001,53.91151],[-123.59506,53.91104],[-123.59131,53.91037],[-123.58521,53.90871],[-123.58549,53.90843],[-123.58587,53.90849],[-123.58583,53.90854],[-123.58549,53.90843],[-123.58521,53.90871],[-123.56066,53.90011],[-123.53894,53.89247],[-123.53621,53.8919],[-123.53471,53.89173],[-123.53317,53.89167],[-123.52198,53.8927],[-123.52008,53.89269],[-123.51175,53.89165],[-123.50246,53.89046],[-123.50071,53.89037],[-123.49877,53.89048],[-123.49153,53.89211],[-123.48955,53.89235],[-123.48777,53.89232],[-123.47768,53.89096],[-123.47285,53.89026],[-123.47105,53.88972],[-123.46811,53.88844],[-123.46654,53.88802],[-123.46458,53.88776],[-123.4532,53.88794],[-123.45115,53.88785],[-123.44845,53.88756],[-123.44622,53.88753],[-123.44276,53.88774],[-123.44023,53.88768],[-123.4199,53.88597],[-123.41867,53.88581],[-123.41718,53.88543],[-123.41592,53.88484],[-123.41053,53.88144],[-123.40479,53.87783],[-123.40252,53.87687],[-123.39103,53.87468],[-123.38901,53.87397],[-123.38249,53.87054],[-123.38086,53.86991],[-123.37704,53.86901],[-123.37532,53.86875],[-123.36699,53.8683],[-123.36007,53.86866],[-123.35874,53.8685],[-123.35703,53.86802],[-123.35396,53.8668],[-123.34014,53.86454],[-123.33773,53.86453],[-123.32717,53.8667],[-123.32528,53.86695],[-123.32212,53.8671],[-123.29255,53.86626],[-123.27183,53.86568],[-123.25901,53.86532],[-123.25596,53.8651],[-123.24581,53.86375],[-123.23581,53.86241],[-123.23418,53.86211],[-123.23114,53.86132],[-123.21688,53.85575],[-123.20156,53.84964],[-123.19355,53.84651],[-123.17727,53.84239],[-123.15379,53.83655],[-123.13742,53.8325],[-123.10345,53.82402],[-123.08405,53.81918],[-123.07994,53.81815],[-123.0774,53.81771],[-123.0646,53.81754],[-123.05124,53.8175],[-123.0281,53.8174],[-123.02577,53.81707],[-123.02361,53.81639],[-123.01368,53.80993],[-123.01263,53.80923],[-123.01045,53.80829],[-123.00868,53.80796],[-123.007,53.80787],[-122.99488,53.80892],[-122.99099,53.80887],[-122.98748,53.80854],[-122.97718,53.81011],[-122.97068,53.81114],[-122.96738,53.81133],[-122.96404,53.81116],[-122.96157,53.81074],[-122.95927,53.81016],[-122.95598,53.80891],[-122.95393,53.8083],[-122.95204,53.80802],[-122.94964,53.80793],[-122.93906,53.80933],[-122.93468,53.81006],[-122.91677,53.81528],[-122.91426,53.81591],[-122.91325,53.8161],[-122.91343,53.81645],[-122.91301,53.81656],[-122.91299,53.81651],[-122.91343,53.81645],[-122.91325,53.8161],[-122.90939,53.81667],[-122.90599,53.81682],[-122.89756,53.81655],[-122.89579,53.8168],[-122.88726,53.81916],[-122.87109,53.82372],[-122.86107,53.82655],[-122.85413,53.82851],[-122.84677,53.83057],[-122.84474,53.83134],[-122.84282,53.8323],[-122.84084,53.83365],[-122.83635,53.83794],[-122.82797,53.84587],[-122.82397,53.8498],[-122.82306,53.85106],[-122.82172,53.85519],[-122.82108,53.85619],[-122.82006,53.85702],[-122.81876,53.85765],[-122.81707,53.85804],[-122.80748,53.85922],[-122.80576,53.85953],[-122.80427,53.85998],[-122.79709,53.86367],[-122.79546,53.86425],[-122.79226,53.86487],[-122.79179,53.86484],[-122.79157,53.86473],[-122.79137,53.86458],[-122.7911,53.86418],[-122.79082,53.86393],[-122.78919,53.86298],[-122.78781,53.86394],[-122.78766,53.86475],[-122.7875,53.86491],[-122.78727,53.86502],[-122.78695,53.86507],[-122.78655,53.86504],[-122.78635,53.86513],[-122.78607,53.8651],[-122.78597,53.86511],[-122.78577,53.86502],[-122.78372,53.86486],[-122.78365,53.86496],[-122.78387,53.86616],[-122.78383,53.86639],[-122.78369,53.86656],[-122.78151,53.86775],[-122.78101,53.86818],[-122.78037,53.86913],[-122.77831,53.87362],[-122.77748,53.87449],[-122.77641,53.87506],[-122.77537,53.87536],[-122.77293,53.87555],[-122.77196,53.87587],[-122.77108,53.87648],[-122.77048,53.87741],[-122.76973,53.88246],[-122.76943,53.88347],[-122.76757,53.886],[-122.76732,53.88701],[-122.76728,53.88888],[-122.7702,53.8889],[-122.77084,53.88881],[-122.77104,53.88937],[-122.7711,53.89486],[-122.77096,53.89661],[-122.77122,53.89732],[-122.77145,53.89757],[-122.77194,53.89787],[-122.77727,53.89927],[-122.77951,53.89829],[-122.77985,53.89863],[-122.78007,53.89873],[-122.78008,53.89884],[-122.78004,53.8989],[-122.77995,53.89895],[-122.77994,53.89926],[-122.77984,53.89943],[-122.77963,53.89957],[-122.77924,53.89963],[-122.77687,53.90051],[-122.77666,53.90052],[-122.77647,53.9005],[-122.7746,53.8997],[-122.77446,53.89957],[-122.77439,53.89941],[-122.7744,53.89931],[-122.77444,53.89922],[-122.77458,53.89915],[-122.77479,53.89913],[-122.77516,53.89916],[-122.7785,53.90001],[-122.77947,53.90037],[-122.78046,53.90096],[-122.78131,53.90189],[-122.78162,53.90276],[-122.78163,53.90716],[-122.78172,53.90725],[-122.78181,53.90729],[-122.78594,53.9073],[-122.78596,53.90864],[-122.78695,53.90865],[-122.78695,53.91023],[-122.7863,53.91015],[-122.7863,53.91023],[-122.78358,53.91026],[-122.78124,53.9103],[-122.77834,53.91031],[-122.77524,53.91031],[-122.77238,53.91031],[-122.7694,53.91031],[-122.76717,53.91031],[-122.76613,53.91025],[-122.76621,53.91031],[-122.76399,53.91031],[-122.76245,53.91017],[-122.76001,53.90955],[-122.75969,53.90952],[-122.75925,53.90956],[-122.75563,53.9103],[-122.75495,53.91043],[-122.75491,53.91057],[-122.75457,53.91103],[-122.75455,53.91114],[-122.7535,53.91247],[-122.75226,53.91403],[-122.75163,53.9148],[-122.74853,53.91392],[-122.74808,53.9137]]},"properties":{"routeId":"161-PRG","routeShortName":"161","routeLongName":"Prince George / Burns Lake","routeColor":"#000000","routeTextColor":"#FFFFFF","shapeId":"51347","headsigns":["Prince George"],"directions":["0"]}},{"type":"Feature","id":"162-PRG:16348","geometry":{"type":"LineString","coordinates":[[-127.16682,54.78016],[-127.16671,54.78021],[-127.16625,54.77987],[-127.16426,54.78069],[-127.16374,54.78008],[-127.16164,54.77853],[-127.16049,54.77786],[-127.16031,54.77772],[-127.1599,54.77723],[-127.15851,54.77631],[-127.15617,54.77515],[-127.15428,54.7746],[-127.15453,54.7743],[-127.15296,54.77385],[-127.14071,54.77128],[-127.13168,54.7694],[-127.12855,54.76873],[-127.12634,54.76799],[-127.12457,54.76713],[-127.12346,54.76638],[-127.11266,54.75622],[-127.10943,54.75312],[-127.10898,54.75203],[-127.10896,54.74717],[-127.109,54.74221],[-127.10966,54.74093],[-127.114,54.73587],[-127.11818,54.73067],[-127.11864,54.7295],[-127.11857,54.72837],[-127.118,54.72722],[-127.11259,54.72062],[-127.11059,54.71827],[-127.10987,54.71777],[-127.10917,54.71743],[-127.10812,54.71711],[-127.10638,54.71688],[-127.09612,54.71653],[-127.08973,54.71637],[-127.08414,54.717],[-127.07546,54.71704],[-127.06954,54.71704],[-127.06775,54.71683],[-127.06624,54.71638],[-127.06491,54.71567],[-127.06397,54.71487],[-127.05777,54.70804],[-127.0539,54.70379],[-127.05088,54.70129],[-127.05063,54.70077],[-127.05062,54.69883],[-127.05082,54.69882],[-127.05074,54.69916],[-127.05084,54.69916],[-127.05085,54.69942],[-127.05062,54.69946],[-127.05065,54.69615],[-127.0505,54.69582],[-127.05027,54.6956],[-127.04996,54.6954],[-127.04952,54.69522],[-127.04727,54.69467],[-127.04673,54.69444],[-127.0463,54.69416],[-127.04369,54.69009],[-127.04269,54.68916],[-127.04117,54.6883],[-127.03593,54.68605],[-127.03395,54.6855],[-127.02803,54.68485],[-127.02739,54.68474],[-127.02628,54.68437],[-127.02128,54.6809],[-127.01393,54.6756],[-127.01268,54.67494],[-127,54.66977],[-126.99162,54.66584],[-126.98478,54.66316],[-126.97395,54.66064],[-126.97245,54.66015],[-126.96621,54.65676],[-126.96405,54.65525],[-126.96221,54.65345],[-126.96092,54.65256],[-126.95917,54.65179],[-126.94734,54.64805],[-126.94423,54.64707],[-126.94229,54.6467],[-126.94028,54.64656],[-126.92242,54.64705],[-126.91124,54.64737],[-126.90292,54.64707],[-126.90136,54.64695],[-126.899,54.64642],[-126.8929,54.64445],[-126.88713,54.64379],[-126.88561,54.6435],[-126.88433,54.64308],[-126.883,54.64244],[-126.87446,54.63697],[-126.8724,54.63548],[-126.86921,54.6326],[-126.86841,54.63152],[-126.86769,54.62872],[-126.86697,54.62759],[-126.86577,54.62653],[-126.85881,54.62297],[-126.85482,54.62099],[-126.85326,54.61998],[-126.85225,54.61908],[-126.85143,54.6181],[-126.84655,54.60875],[-126.84227,54.6004],[-126.83992,54.59597],[-126.83949,54.59554],[-126.83816,54.59485],[-126.82796,54.59172],[-126.82139,54.58967],[-126.82019,54.58916],[-126.81718,54.58725],[-126.80898,54.57713],[-126.79058,54.5539],[-126.78222,54.54333],[-126.776,54.53545],[-126.76002,54.51507],[-126.75272,54.50641],[-126.74085,54.49207],[-126.74064,54.49166],[-126.74054,54.49113],[-126.7408,54.49003],[-126.74296,54.48478],[-126.74499,54.47884],[-126.74646,54.4743],[-126.74767,54.4705],[-126.74732,54.4598],[-126.74788,54.45828],[-126.75129,54.4538],[-126.75188,54.45241],[-126.75192,54.45127],[-126.75143,54.45001],[-126.75021,54.44867],[-126.74837,54.44733],[-126.7473,54.44605],[-126.74696,54.4447],[-126.74644,54.43688],[-126.74634,54.4356],[-126.74552,54.4342],[-126.74489,54.43363],[-126.74142,54.43151],[-126.74015,54.4304],[-126.73947,54.42951],[-126.73681,54.4248],[-126.73377,54.4194],[-126.73134,54.41507],[-126.72785,54.40886],[-126.72496,54.40433],[-126.72277,54.40135],[-126.72038,54.39931],[-126.71819,54.39786],[-126.71572,54.39671],[-126.71507,54.39626],[-126.71447,54.39548],[-126.71355,54.39304],[-126.71305,54.39241],[-126.71229,54.39188],[-126.71101,54.39139],[-126.70963,54.39116],[-126.70706,54.39105],[-126.6959,54.38993],[-126.68692,54.38901],[-126.68468,54.38898],[-126.68278,54.3891],[-126.68098,54.38937],[-126.67889,54.38992],[-126.66959,54.39321],[-126.66164,54.39603],[-126.65669,54.39781],[-126.65363,54.39834],[-126.65146,54.39908],[-126.65104,54.39861],[-126.65027,54.39889],[-126.64997,54.39861],[-126.64945,54.3988],[-126.64888,54.39881],[-126.64888,54.39625],[-126.64812,54.39632]]},"properties":{"routeId":"162-PRG","routeShortName":"162","routeLongName":"Smithers / Burns Lake","routeColor":"#000000","routeTextColor":"#FFFFFF","shapeId":"16348","headsigns":["Houston"],"directions":["0"]}},{"type":"Feature","id":"162-PRG:16443","geometry":{"type":"LineString","coordinates":[[-126.64812,54.39632],[-126.64819,54.3965],[-126.64889,54.3965],[-126.64888,54.39881],[-126.64945,54.3988],[-126.64997,54.39861],[-126.65027,54.39889],[-126.65104,54.39861],[-126.65146,54.39908],[-126.6533,54.39842],[-126.65581,54.39803],[-126.66603,54.39447],[-126.67889,54.38992],[-126.68098,54.38937],[-126.68278,54.3891],[-126.68468,54.38898],[-126.68692,54.38901],[-126.69564,54.3899],[-126.70706,54.39105],[-126.70963,54.39116],[-126.71101,54.39139],[-126.71229,54.39188],[-126.71325,54.39261],[-126.71381,54.39363],[-126.71447,54.39548],[-126.71507,54.39626],[-126.71896,54.39832],[-126.72211,54.40065],[-126.72604,54.40586],[-126.73134,54.41507],[-126.73377,54.4194],[-126.73681,54.4248],[-126.73947,54.42951],[-126.74015,54.4304],[-126.74142,54.43151],[-126.74489,54.43363],[-126.74599,54.43481],[-126.74634,54.4356],[-126.74683,54.44215],[-126.74703,54.44534],[-126.74771,54.44667],[-126.75099,54.4494],[-126.75174,54.45068],[-126.75193,54.45186],[-126.75169,54.45303],[-126.74788,54.45828],[-126.74732,54.4598],[-126.74772,54.46909],[-126.74767,54.4705],[-126.74615,54.47528],[-126.74396,54.48205],[-126.7408,54.49003],[-126.74054,54.49113],[-126.74064,54.49166],[-126.75272,54.50641],[-126.76002,54.51507],[-126.77549,54.5348],[-126.78222,54.54333],[-126.79058,54.5539],[-126.80898,54.57713],[-126.8164,54.58652],[-126.81718,54.58725],[-126.82019,54.58916],[-126.82796,54.59172],[-126.83608,54.5942],[-126.83816,54.59485],[-126.83949,54.59554],[-126.8403,54.59656],[-126.84647,54.60861],[-126.84915,54.61383],[-126.85143,54.6181],[-126.85225,54.61908],[-126.85326,54.61998],[-126.85482,54.62099],[-126.86415,54.62564],[-126.86577,54.62653],[-126.86697,54.62759],[-126.86769,54.62872],[-126.86841,54.63152],[-126.86921,54.6326],[-126.8724,54.63548],[-126.88192,54.64176],[-126.883,54.64244],[-126.88433,54.64308],[-126.88561,54.6435],[-126.88713,54.64379],[-126.8929,54.64445],[-126.89995,54.64669],[-126.90136,54.64695],[-126.91004,54.64736],[-126.92242,54.64705],[-126.93818,54.6466],[-126.94028,54.64656],[-126.94229,54.6467],[-126.94423,54.64707],[-126.95917,54.65179],[-126.96092,54.65256],[-126.96221,54.65345],[-126.96405,54.65525],[-126.96525,54.65621],[-126.9713,54.6596],[-126.97296,54.66034],[-126.98346,54.6628],[-126.98599,54.66359],[-126.99436,54.66709],[-127.01268,54.67494],[-127.01393,54.6756],[-127.02128,54.6809],[-127.0256,54.68401],[-127.02628,54.68437],[-127.02739,54.68474],[-127.03395,54.6855],[-127.03593,54.68605],[-127.04197,54.6887],[-127.04325,54.68961],[-127.04414,54.69067],[-127.04599,54.69384],[-127.0463,54.69416],[-127.04673,54.69444],[-127.04727,54.69467],[-127.04952,54.69522],[-127.04996,54.6954],[-127.05027,54.6956],[-127.0505,54.69582],[-127.05065,54.69615],[-127.05062,54.69883],[-127.05082,54.69882],[-127.05074,54.69916],[-127.05084,54.69916],[-127.05085,54.69942],[-127.05062,54.69946],[-127.05063,54.70077],[-127.05088,54.70129],[-127.0539,54.70379],[-127.05777,54.70804],[-127.06397,54.71487],[-127.06491,54.71567],[-127.06624,54.71638],[-127.06775,54.71683],[-127.06954,54.71704],[-127.08318,54.71705],[-127.08973,54.71637],[-127.10114,54.7167],[-127.10717,54.71694],[-127.10812,54.71711],[-127.10917,54.71743],[-127.10987,54.71777],[-127.11059,54.71827],[-127.118,54.72722],[-127.11857,54.72837],[-127.11864,54.7295],[-127.11818,54.73067],[-127.114,54.73587],[-127.10966,54.74093],[-127.109,54.74221],[-127.10896,54.74717],[-127.10898,54.75203],[-127.10943,54.75312],[-127.12314,54.76612],[-127.12457,54.76713],[-127.12634,54.76799],[-127.12855,54.76873],[-127.13974,54.77108],[-127.14953,54.77312],[-127.15296,54.77385],[-127.15453,54.7743],[-127.15428,54.7746],[-127.15617,54.77515],[-127.15851,54.77631],[-127.1599,54.77723],[-127.16031,54.77772],[-127.16164,54.77853],[-127.16374,54.78008],[-127.16426,54.78069],[-127.16446,54.78061],[-127.16459,54.78063],[-127.16478,54.78063],[-127.16503,54.78066],[-127.16672,54.78191],[-127.16711,54.78182],[-127.16823,54.78134],[-127.16682,54.78016]]},"properties":{"routeId":"162-PRG","routeShortName":"162","routeLongName":"Smithers / Burns Lake","routeColor":"#000000","routeTextColor":"#FFFFFF","shapeId":"16443","headsigns":["Smithers"],"directions":["0"]}},{"type":"Feature","id":"162-PRG:51435","geometry":{"type":"LineString","coordinates":[[-127.16682,54.78016],[-127.16671,54.78021],[-127.16625,54.77987],[-127.16479,54.78049],[-127.16657,54.78181],[-127.16842,54.78317],[-127.16847,54.78331],[-127.16843,54.78353],[-127.16827,54.78361],[-127.16801,54.78369],[-127.16752,54.78396],[-127.16722,54.78421],[-127.16707,54.7844],[-127.1668,54.78508],[-127.16658,54.78533],[-127.1664,54.78541],[-127.16595,54.7855],[-127.16386,54.78553],[-127.16386,54.78524],[-127.16384,54.78372],[-127.16226,54.78372],[-127.16224,54.78189],[-127.16224,54.78174],[-127.16218,54.7816],[-127.16207,54.7815],[-127.16426,54.78069],[-127.16379,54.78007],[-127.16246,54.77914],[-127.16066,54.77799],[-127.16031,54.77772],[-127.1599,54.77723],[-127.15851,54.77631],[-127.15617,54.77515],[-127.15499,54.77478],[-127.15428,54.7746],[-127.15453,54.7743],[-127.15296,54.77385],[-127.14071,54.77128],[-127.13168,54.7694],[-127.12855,54.76873],[-127.12634,54.76799],[-127.12457,54.76713],[-127.12346,54.76638],[-127.11266,54.75622],[-127.10943,54.75312],[-127.10898,54.75203],[-127.10896,54.74763],[-127.10916,54.74732],[-127.10959,54.74722],[-127.10958,54.7433],[-127.10895,54.74329],[-127.109,54.74221],[-127.10966,54.74093],[-127.114,54.73587],[-127.11818,54.73067],[-127.11864,54.7295],[-127.11857,54.72837],[-127.118,54.72722],[-127.11259,54.72062],[-127.11059,54.71827],[-127.10987,54.71777],[-127.10917,54.71743],[-127.10812,54.71711],[-127.10638,54.71688],[-127.09612,54.71653],[-127.08973,54.71637],[-127.08414,54.717],[-127.07546,54.71704],[-127.06954,54.71704],[-127.06775,54.71683],[-127.06624,54.71638],[-127.06491,54.71567],[-127.06397,54.71487],[-127.05777,54.70804],[-127.0539,54.70379],[-127.05088,54.70129],[-127.05063,54.70077],[-127.05062,54.69883],[-127.05082,54.69882],[-127.05074,54.69916],[-127.05084,54.69916],[-127.05085,54.69942],[-127.05062,54.69946],[-127.05065,54.69615],[-127.0505,54.69582],[-127.05027,54.6956],[-127.04996,54.6954],[-127.04952,54.69522],[-127.04727,54.69467],[-127.04673,54.69444],[-127.0463,54.69416],[-127.04369,54.69009],[-127.04269,54.68916],[-127.04117,54.6883],[-127.03593,54.68605],[-127.03395,54.6855],[-127.02803,54.68485],[-127.02739,54.68474],[-127.02628,54.68437],[-127.02128,54.6809],[-127.01393,54.6756],[-127.01268,54.67494],[-127,54.66977],[-126.99162,54.66584],[-126.98478,54.66316],[-126.97395,54.66064],[-126.97245,54.66015],[-126.96621,54.65676],[-126.96405,54.65525],[-126.96221,54.65345],[-126.96092,54.65256],[-126.95917,54.65179],[-126.94734,54.64805],[-126.94423,54.64707],[-126.94229,54.6467],[-126.94028,54.64656],[-126.92242,54.64705],[-126.91124,54.64737],[-126.91004,54.64736],[-126.90985,54.64721],[-126.90985,54.64715],[-126.91005,54.64715],[-126.91004,54.64736],[-126.90136,54.64695],[-126.899,54.64642],[-126.8929,54.64445],[-126.88713,54.64379],[-126.88561,54.6435],[-126.88433,54.64308],[-126.883,54.64244],[-126.87446,54.63697],[-126.8724,54.63548],[-126.86921,54.6326],[-126.86841,54.63152],[-126.86769,54.62872],[-126.86697,54.62759],[-126.86577,54.62653],[-126.85881,54.62297],[-126.85482,54.62099],[-126.85326,54.61998],[-126.85225,54.61908],[-126.85143,54.6181],[-126.84655,54.60875],[-126.84227,54.6004],[-126.83992,54.59597],[-126.83949,54.59554],[-126.83816,54.59485],[-126.82796,54.59172],[-126.82139,54.58967],[-126.82019,54.58916],[-126.81718,54.58725],[-126.80898,54.57713],[-126.79058,54.5539],[-126.78222,54.54333],[-126.776,54.53545],[-126.76002,54.51507],[-126.75272,54.50641],[-126.74085,54.49207],[-126.74064,54.49166],[-126.74054,54.49113],[-126.7408,54.49003],[-126.74296,54.48478],[-126.74499,54.47884],[-126.74646,54.4743],[-126.74767,54.4705],[-126.74732,54.4598],[-126.74788,54.45828],[-126.75129,54.4538],[-126.75188,54.45241],[-126.75192,54.45127],[-126.75143,54.45001],[-126.75021,54.44867],[-126.74837,54.44733],[-126.7473,54.44605],[-126.74696,54.4447],[-126.74644,54.43688],[-126.74634,54.4356],[-126.74552,54.4342],[-126.74489,54.43363],[-126.74142,54.43151],[-126.74015,54.4304],[-126.73947,54.42951],[-126.73681,54.4248],[-126.73377,54.4194],[-126.73134,54.41507],[-126.72785,54.40886],[-126.72496,54.40433],[-126.72277,54.40135],[-126.72038,54.39931],[-126.71819,54.39786],[-126.71572,54.39671],[-126.71507,54.39626],[-126.71447,54.39548],[-126.71355,54.39304],[-126.71305,54.39241],[-126.71229,54.39188],[-126.71101,54.39139],[-126.70963,54.39116],[-126.70706,54.39105],[-126.6959,54.38993],[-126.68692,54.38901],[-126.68468,54.38898],[-126.68278,54.3891],[-126.68098,54.38937],[-126.67889,54.38992],[-126.66959,54.39321],[-126.66662,54.39426],[-126.66647,54.39411],[-126.66504,54.39464],[-126.66474,54.39424],[-126.66464,54.39427],[-126.66372,54.3934],[-126.66366,54.39318],[-126.66435,54.391],[-126.66357,54.39085],[-126.66228,54.39034],[-126.66213,54.39046],[-126.66169,54.3919],[-126.66103,54.39274],[-126.65912,54.39366],[-126.65893,54.39371],[-126.65696,54.39372],[-126.65692,54.39455],[-126.65567,54.39455],[-126.65543,54.39451],[-126.65543,54.39358],[-126.65536,54.3933],[-126.655,54.39291],[-126.6549,54.39292],[-126.6546,54.39284],[-126.65183,54.39281],[-126.65099,54.39297],[-126.65045,54.39317],[-126.65067,54.3933],[-126.6519,54.39446],[-126.65215,54.39462],[-126.65388,54.3949],[-126.65433,54.39513],[-126.65468,54.39552],[-126.65484,54.39586],[-126.65508,54.39609],[-126.65612,54.39652],[-126.65626,54.39661],[-126.65643,54.39686],[-126.6573,54.39759],[-126.65581,54.39803],[-126.65408,54.39826],[-126.6533,54.39842],[-126.65146,54.39908],[-126.65182,54.39943],[-126.65072,54.39987],[-126.65066,54.39981],[-126.65182,54.39943],[-126.65104,54.39861],[-126.65027,54.39889],[-126.6501,54.39866],[-126.65008,54.39871],[-126.64997,54.39861],[-126.64945,54.3988],[-126.64888,54.39881],[-126.64888,54.39729],[-126.64888,54.39625],[-126.64812,54.39632],[-126.64819,54.3965],[-126.64644,54.39652],[-126.64388,54.39652],[-126.6439,54.39883],[-126.64371,54.39977],[-126.64391,54.39977],[-126.64392,54.40113],[-126.64291,54.40125],[-126.64214,54.40159],[-126.64157,54.40204],[-126.64128,54.4025],[-126.64168,54.40724],[-126.64142,54.40877],[-126.64061,54.41043],[-126.63939,54.41191],[-126.63532,54.41576],[-126.63088,54.41996],[-126.62386,54.42661],[-126.6216,54.42879],[-126.6185,54.43097],[-126.61186,54.43409],[-126.60514,54.43706],[-126.59633,54.44096],[-126.58674,54.44523],[-126.5847,54.44594],[-126.5825,54.44652],[-126.57948,54.44699],[-126.56125,54.44849],[-126.55151,54.44932],[-126.5496,54.44968],[-126.54773,54.45032],[-126.53808,54.45466],[-126.52587,54.46256],[-126.51444,54.47002],[-126.50663,54.47505],[-126.49647,54.48235],[-126.49003,54.48718],[-126.48521,54.49339],[-126.47663,54.50256],[-126.46882,54.51087],[-126.46728,54.51208],[-126.46547,54.513],[-126.46353,54.51371],[-126.46131,54.51423],[-126.4519,54.51555],[-126.44583,54.51704],[-126.43093,54.519],[-126.42784,54.51913],[-126.42198,54.5188],[-126.41999,54.5188],[-126.41732,54.51901],[-126.40793,54.52049],[-126.40515,54.52113],[-126.39648,54.52397],[-126.39506,54.52433],[-126.39334,54.52451],[-126.38819,54.52465],[-126.38589,54.5244],[-126.3788,54.52278],[-126.37703,54.52251],[-126.37082,54.5221],[-126.36815,54.52152],[-126.35908,54.51824],[-126.35651,54.51778],[-126.34882,54.51746],[-126.33783,54.51578],[-126.32183,54.51246],[-126.3129,54.51018],[-126.30343,54.50772],[-126.30107,54.50708],[-126.29726,54.50566],[-126.29693,54.50581],[-126.29712,54.50594],[-126.2977,54.5061],[-126.29796,54.50595],[-126.29454,54.50465],[-126.29192,54.50407],[-126.28801,54.50361],[-126.28649,54.50329],[-126.28036,54.50095],[-126.27885,54.50013],[-126.27527,54.49745],[-126.27362,54.49595],[-126.27222,54.49516],[-126.26683,54.49348],[-126.26222,54.49281],[-126.26006,54.49226],[-126.25791,54.49131],[-126.25571,54.48993],[-126.25323,54.4889],[-126.24557,54.48685],[-126.24302,54.48636],[-126.23147,54.4852],[-126.22887,54.48464],[-126.22672,54.48376],[-126.2113,54.47267],[-126.21009,54.47163],[-126.20652,54.46723],[-126.20462,54.46568],[-126.20171,54.46408],[-126.19651,54.45966],[-126.19597,54.45899],[-126.19542,54.45743],[-126.19603,54.45551],[-126.1938,54.45089],[-126.19109,54.44581],[-126.18765,54.43931],[-126.18729,54.43874],[-126.18279,54.43522],[-126.17991,54.4316],[-126.17908,54.43088],[-126.17805,54.43039],[-126.1679,54.42908],[-126.16627,54.42886],[-126.16445,54.42851],[-126.16277,54.42805],[-126.15425,54.42512],[-126.14713,54.42269],[-126.14475,54.42204],[-126.14459,54.42217],[-126.14437,54.42218],[-126.14063,54.42146],[-126.14068,54.42138],[-126.14139,54.42152],[-126.1414,54.4213],[-126.13066,54.41902],[-126.11647,54.41602],[-126.10716,54.41403],[-126.10373,54.41355],[-126.09485,54.41363],[-126.09149,54.41357],[-126.08946,54.41338],[-126.08722,54.41292],[-126.08608,54.41247],[-126.08526,54.41199],[-126.08422,54.41097],[-126.08005,54.40392],[-126.07966,54.40334],[-126.07887,54.40264],[-126.07795,54.40211],[-126.07657,54.40163],[-126.0746,54.40136],[-126.06466,54.40193],[-126.05566,54.40247],[-126.04523,54.40309],[-126.0434,54.40307],[-126.03438,54.40221],[-126.02148,54.40055],[-126.0019,54.39881],[-125.98841,54.39691],[-125.98647,54.39653],[-125.98043,54.39457],[-125.96261,54.38566],[-125.95489,54.38172],[-125.9473,54.37741],[-125.93894,54.37255],[-125.92558,54.36279],[-125.92322,54.36068],[-125.9184,54.35463],[-125.91643,54.35273],[-125.91086,54.34875],[-125.91016,54.34838],[-125.90076,54.34595],[-125.89897,54.34516],[-125.89416,54.34124],[-125.88954,54.3374],[-125.88851,54.33629],[-125.88719,54.3321],[-125.88676,54.3312],[-125.88508,54.32886],[-125.88386,54.32916],[-125.88343,54.32918],[-125.88338,54.32927],[-125.88341,54.32948],[-125.88358,54.3298],[-125.88287,54.32993],[-125.88241,54.32913],[-125.88249,54.32911],[-125.88296,54.3291],[-125.88374,54.32923],[-125.88373,54.32916],[-125.88386,54.32916],[-125.88508,54.32886],[-125.88193,54.32456],[-125.88105,54.32372],[-125.87978,54.3229],[-125.87377,54.3201],[-125.86936,54.31797],[-125.85822,54.30978],[-125.85597,54.30843],[-125.85458,54.30785],[-125.84576,54.30501],[-125.84376,54.30416],[-125.84263,54.30352],[-125.83644,54.2991],[-125.83546,54.2982],[-125.83412,54.29468],[-125.83312,54.2933],[-125.8327,54.29163],[-125.83248,54.29128],[-125.83231,54.29136],[-125.83246,54.2919],[-125.83258,54.29201],[-125.8328,54.29201],[-125.8327,54.29163],[-125.82907,54.28753],[-125.82668,54.28493],[-125.82522,54.28395],[-125.82143,54.28246],[-125.82021,54.28177],[-125.81195,54.27408],[-125.80683,54.26929],[-125.80247,54.26543],[-125.79494,54.25881],[-125.79042,54.25482],[-125.7832,54.24768],[-125.78197,54.24644],[-125.77939,54.24456],[-125.77698,54.24099],[-125.77239,54.23666],[-125.77141,54.23594],[-125.76981,54.23523],[-125.76492,54.23375],[-125.7649,54.23026],[-125.76478,54.23001],[-125.7635,54.22898],[-125.76336,54.22893],[-125.76459,54.22985],[-125.76477,54.22974],[-125.76475,54.22966],[-125.76276,54.22816],[-125.7613,54.22705],[-125.76064,54.2266],[-125.76073,54.22623],[-125.7615,54.22544],[-125.76078,54.22481],[-125.7606,54.22474],[-125.76033,54.22452],[-125.76023,54.22423],[-125.75821,54.22411],[-125.75654,54.224],[-125.75606,54.22403],[-125.75581,54.22402],[-125.75571,54.2241],[-125.75434,54.22469],[-125.75412,54.22487],[-125.75644,54.22571],[-125.75843,54.22663],[-125.75948,54.22695],[-125.75954,54.22702],[-125.75985,54.22712],[-125.75999,54.22712],[-125.7602,54.22725],[-125.76018,54.22731],[-125.76024,54.22747],[-125.76034,54.22754],[-125.76007,54.22771],[-125.76001,54.22923],[-125.75999,54.23003],[-125.75732,54.23003],[-125.75382,54.23004],[-125.75052,54.23002],[-125.74978,54.23006],[-125.74977,54.23128],[-125.74976,54.2317],[-125.75188,54.23176],[-125.75188,54.2317],[-125.7553,54.23169],[-125.76,54.23168],[-125.76001,54.23331],[-125.76002,54.23497],[-125.76003,54.23648],[-125.76004,54.23834],[-125.75824,54.23833],[-125.75813,54.23837],[-125.75812,54.23853],[-125.7583,54.23884],[-125.75858,54.23885],[-125.75872,54.23874],[-125.7587,54.23833],[-125.75899,54.23837],[-125.76004,54.23834],[-125.76003,54.23659],[-125.76015,54.23592],[-125.76002,54.23592],[-125.76002,54.23497],[-125.76002,54.23414],[-125.76257,54.23414],[-125.76491,54.23414],[-125.76567,54.23414],[-125.76658,54.2345],[-125.76663,54.23444],[-125.7678,54.23481],[-125.76794,54.23466],[-125.77049,54.23548],[-125.77208,54.23639],[-125.77628,54.24019],[-125.77889,54.24404],[-125.78019,54.24517],[-125.78197,54.24644],[-125.78743,54.25209],[-125.79361,54.25768],[-125.79992,54.2632],[-125.80683,54.26929],[-125.81195,54.27408],[-125.81958,54.2812],[-125.82021,54.28177],[-125.82143,54.28246],[-125.82522,54.28395],[-125.82668,54.28493],[-125.8323,54.29104],[-125.83248,54.29128],[-125.83231,54.29136],[-125.83246,54.2919],[-125.83258,54.29201],[-125.8328,54.29201],[-125.83312,54.2933],[-125.83412,54.29468],[-125.83515,54.29772],[-125.83579,54.29855],[-125.84263,54.30352],[-125.84376,54.30416],[-125.84576,54.30501],[-125.85458,54.30785],[-125.85597,54.30843],[-125.85729,54.30916],[-125.86846,54.3174],[-125.87014,54.31839],[-125.87978,54.3229],[-125.88105,54.32372],[-125.88193,54.32456],[-125.88508,54.32886],[-125.88386,54.32916],[-125.88343,54.32918],[-125.88296,54.3291],[-125.88249,54.32911],[-125.88241,54.32913],[-125.88287,54.32993],[-125.88358,54.3298],[-125.88341,54.32948],[-125.88338,54.32927],[-125.88343,54.32918],[-125.88374,54.32923],[-125.88373,54.32916],[-125.88386,54.32916],[-125.88508,54.32886],[-125.88193,54.32456],[-125.88105,54.32372],[-125.87978,54.3229],[-125.87377,54.3201],[-125.86936,54.31797],[-125.85822,54.30978],[-125.85597,54.30843],[-125.85458,54.30785],[-125.84576,54.30501],[-125.84376,54.30416],[-125.84263,54.30352],[-125.83644,54.2991],[-125.83546,54.2982],[-125.83412,54.29468],[-125.83312,54.2933],[-125.8327,54.29163],[-125.82907,54.28753],[-125.82668,54.28493],[-125.82522,54.28395],[-125.82143,54.28246],[-125.82021,54.28177],[-125.81195,54.27408],[-125.80683,54.26929],[-125.80247,54.26543],[-125.79494,54.25881],[-125.79042,54.25482],[-125.7832,54.24768],[-125.78197,54.24644],[-125.77939,54.24456],[-125.77698,54.24099],[-125.77239,54.23666],[-125.77141,54.23594],[-125.76981,54.23523],[-125.76492,54.23375],[-125.7649,54.23026],[-125.76478,54.23001],[-125.7635,54.22898]]},"properties":{"routeId":"162-PRG","routeShortName":"162","routeLongName":"Smithers / Burns Lake","routeColor":"#000000","routeTextColor":"#FFFFFF","shapeId":"51435","headsigns":["Burns Lake"],"directions":["0"]}},{"type":"Feature","id":"162-PRG:51449","geometry":{"type":"LineString","coordinates":[[-125.7635,54.22898],[-125.76354,54.22907],[-125.76478,54.23001],[-125.7649,54.23026],[-125.76492,54.23375],[-125.77049,54.23548],[-125.77208,54.23639],[-125.77628,54.24019],[-125.77889,54.24404],[-125.78019,54.24517],[-125.78197,54.24644],[-125.78743,54.25209],[-125.79361,54.25768],[-125.79992,54.2632],[-125.80683,54.26929],[-125.81195,54.27408],[-125.81958,54.2812],[-125.82021,54.28177],[-125.82143,54.28246],[-125.82522,54.28395],[-125.82668,54.28493],[-125.8323,54.29104],[-125.8327,54.29163],[-125.83312,54.2933],[-125.83412,54.29468],[-125.83515,54.29772],[-125.83579,54.29855],[-125.84263,54.30352],[-125.84376,54.30416],[-125.84576,54.30501],[-125.85458,54.30785],[-125.85597,54.30843],[-125.85729,54.30916],[-125.86846,54.3174],[-125.87014,54.31839],[-125.87978,54.3229],[-125.88105,54.32372],[-125.88193,54.32456],[-125.88508,54.32886],[-125.88386,54.32916],[-125.88343,54.32918],[-125.88296,54.3291],[-125.88249,54.32911],[-125.88241,54.32913],[-125.88287,54.32993],[-125.88358,54.3298],[-125.88341,54.32948],[-125.88338,54.32927],[-125.88343,54.32918],[-125.88374,54.32923],[-125.88373,54.32916],[-125.88386,54.32916],[-125.88508,54.32886],[-125.88193,54.32456],[-125.88105,54.32372],[-125.87978,54.3229],[-125.87377,54.3201],[-125.86936,54.31797],[-125.85822,54.30978],[-125.85597,54.30843],[-125.85458,54.30785],[-125.84576,54.30501],[-125.84376,54.30416],[-125.84263,54.30352],[-125.83644,54.2991],[-125.83546,54.2982],[-125.83412,54.29468],[-125.83312,54.2933],[-125.8327,54.29163],[-125.83248,54.29128],[-125.83231,54.29136],[-125.83246,54.2919],[-125.83258,54.29201],[-125.8328,54.29201],[-125.8327,54.29163],[-125.82907,54.28753],[-125.82668,54.28493],[-125.82522,54.28395],[-125.82143,54.28246],[-125.82021,54.28177],[-125.81195,54.27408],[-125.80683,54.26929],[-125.80247,54.26543],[-125.79494,54.25881],[-125.79042,54.25482],[-125.7832,54.24768],[-125.78197,54.24644],[-125.77939,54.24456],[-125.77698,54.24099],[-125.77239,54.23666],[-125.77141,54.23594],[-125.76981,54.23523],[-125.76492,54.23375],[-125.7649,54.23026],[-125.76478,54.23001],[-125.7635,54.22898],[-125.76336,54.22893],[-125.76459,54.22985],[-125.76477,54.22974],[-125.76475,54.22966],[-125.76276,54.22816],[-125.7613,54.22705],[-125.76064,54.2266],[-125.76073,54.22623],[-125.7615,54.22544],[-125.76078,54.22481],[-125.7606,54.22474],[-125.76033,54.22452],[-125.76023,54.22423],[-125.75821,54.22411],[-125.75654,54.224],[-125.75606,54.22403],[-125.75581,54.22402],[-125.75571,54.2241],[-125.75434,54.22469],[-125.75412,54.22487],[-125.75644,54.22571],[-125.75843,54.22663],[-125.75948,54.22695],[-125.75954,54.22702],[-125.75985,54.22712],[-125.75999,54.22712],[-125.7602,54.22725],[-125.76018,54.22731],[-125.76024,54.22747],[-125.76034,54.22754],[-125.76007,54.22771],[-125.76001,54.22923],[-125.75999,54.23003],[-125.75732,54.23003],[-125.75382,54.23004],[-125.75052,54.23002],[-125.74978,54.23006],[-125.74977,54.23128],[-125.74976,54.2317],[-125.75188,54.23176],[-125.75188,54.2317],[-125.7553,54.23169],[-125.76,54.23168],[-125.76001,54.23331],[-125.76002,54.23497],[-125.76003,54.23648],[-125.76004,54.23834],[-125.75824,54.23833],[-125.75813,54.23837],[-125.75812,54.23853],[-125.7583,54.23884],[-125.75858,54.23885],[-125.75872,54.23874],[-125.7587,54.23833],[-125.75899,54.23837],[-125.76004,54.23834],[-125.76003,54.23659],[-125.76015,54.23592],[-125.76002,54.23592],[-125.76002,54.23497],[-125.76002,54.23414],[-125.76257,54.23414],[-125.76491,54.23414],[-125.76567,54.23414],[-125.76658,54.2345],[-125.76663,54.23444],[-125.7678,54.23481],[-125.76794,54.23466],[-125.77049,54.23548],[-125.77208,54.23639],[-125.77628,54.24019],[-125.77889,54.24404],[-125.78019,54.24517],[-125.78197,54.24644],[-125.78743,54.25209],[-125.79361,54.25768],[-125.79992,54.2632],[-125.80683,54.26929],[-125.81195,54.27408],[-125.81958,54.2812],[-125.82021,54.28177],[-125.82143,54.28246],[-125.82522,54.28395],[-125.82668,54.28493],[-125.8323,54.29104],[-125.83248,54.29128],[-125.83231,54.29136],[-125.83246,54.2919],[-125.83258,54.29201],[-125.8328,54.29201],[-125.83312,54.2933],[-125.83412,54.29468],[-125.83515,54.29772],[-125.83579,54.29855],[-125.84263,54.30352],[-125.84376,54.30416],[-125.84576,54.30501],[-125.85458,54.30785],[-125.85597,54.30843],[-125.85729,54.30916],[-125.86846,54.3174],[-125.87014,54.31839],[-125.87978,54.3229],[-125.88105,54.32372],[-125.88193,54.32456],[-125.88508,54.32886],[-125.88676,54.3312],[-125.88719,54.3321],[-125.88808,54.33547],[-125.88897,54.33686],[-125.89416,54.34124],[-125.89837,54.34476],[-125.89972,54.34554],[-125.90076,54.34595],[-125.90915,54.34801],[-125.91016,54.34838],[-125.91643,54.35273],[-125.9184,54.35463],[-125.92251,54.35986],[-125.92444,54.36186],[-125.93638,54.37092],[-125.9473,54.37741],[-125.9533,54.3809],[-125.96261,54.38566],[-125.97843,54.39371],[-125.98526,54.39622],[-125.98841,54.39691],[-126.0019,54.39881],[-126.01668,54.39994],[-126.02744,54.40131],[-126.0434,54.40307],[-126.04523,54.40309],[-126.05566,54.40247],[-126.06466,54.40193],[-126.07345,54.40136],[-126.07561,54.40145],[-126.07657,54.40163],[-126.07795,54.40211],[-126.07887,54.40264],[-126.07966,54.40334],[-126.08422,54.41097],[-126.08526,54.41199],[-126.08608,54.41247],[-126.08809,54.41315],[-126.09149,54.41357],[-126.10049,54.41348],[-126.10229,54.41347],[-126.10541,54.41374],[-126.11647,54.41602],[-126.13066,54.41902],[-126.1414,54.4213],[-126.14139,54.42152],[-126.14063,54.42146],[-126.14068,54.42138],[-126.14437,54.42218],[-126.14459,54.42217],[-126.14475,54.42204],[-126.14713,54.42269],[-126.15425,54.42512],[-126.16277,54.42805],[-126.16445,54.42851],[-126.16627,54.42886],[-126.17667,54.4301],[-126.17805,54.43039],[-126.17908,54.43088],[-126.17991,54.4316],[-126.18214,54.43455],[-126.18347,54.43577],[-126.18686,54.43832],[-126.18729,54.43874],[-126.19109,54.44581],[-126.1938,54.45089],[-126.19598,54.45503],[-126.19603,54.45551],[-126.1955,54.45694],[-126.19542,54.45743],[-126.19573,54.45847],[-126.19597,54.45899],[-126.20095,54.46353],[-126.20462,54.46568],[-126.20574,54.46647],[-126.20921,54.47057],[-126.2106,54.47213],[-126.22579,54.48316],[-126.22767,54.48422],[-126.23011,54.48497],[-126.24259,54.48632],[-126.24422,54.48655],[-126.25323,54.4889],[-126.2546,54.48939],[-126.25888,54.49181],[-126.26119,54.4926],[-126.26564,54.49324],[-126.27155,54.49492],[-126.27299,54.49553],[-126.27423,54.49644],[-126.27527,54.49745],[-126.27885,54.50013],[-126.28036,54.50095],[-126.28545,54.50298],[-126.28717,54.50346],[-126.29192,54.50407],[-126.29454,54.50465],[-126.29726,54.50566],[-126.29693,54.50581],[-126.29712,54.50594],[-126.2977,54.5061],[-126.29796,54.50595],[-126.30107,54.50708],[-126.30872,54.5091],[-126.31695,54.51121],[-126.33122,54.51443],[-126.34882,54.51746],[-126.35651,54.51778],[-126.35908,54.51824],[-126.36707,54.52114],[-126.36937,54.52186],[-126.37703,54.52251],[-126.3788,54.52278],[-126.38589,54.5244],[-126.38819,54.52465],[-126.39334,54.52451],[-126.39506,54.52433],[-126.39648,54.52397],[-126.40515,54.52113],[-126.40793,54.52049],[-126.41732,54.51901],[-126.41999,54.5188],[-126.42198,54.5188],[-126.42784,54.51913],[-126.43093,54.519],[-126.442,54.51763],[-126.44583,54.51704],[-126.4519,54.51555],[-126.46131,54.51423],[-126.46353,54.51371],[-126.46547,54.513],[-126.46728,54.51208],[-126.46882,54.51087],[-126.47663,54.50256],[-126.48347,54.49528],[-126.48942,54.48785],[-126.49551,54.48306],[-126.50243,54.47786],[-126.51137,54.47202],[-126.52587,54.46256],[-126.53655,54.45557],[-126.53808,54.45466],[-126.54773,54.45032],[-126.5496,54.44968],[-126.55151,54.44932],[-126.56125,54.44849],[-126.57824,54.4471],[-126.5825,54.44652],[-126.5847,54.44594],[-126.58674,54.44523],[-126.59559,54.44129],[-126.60514,54.43706],[-126.61186,54.43409],[-126.6169,54.43183],[-126.6185,54.43097],[-126.6216,54.42879],[-126.63088,54.41996],[-126.63532,54.41576],[-126.63939,54.41191],[-126.64061,54.41043],[-126.64142,54.40877],[-126.64168,54.40724],[-126.64124,54.40274],[-126.64133,54.40238],[-126.64175,54.40186],[-126.64214,54.40159],[-126.64291,54.40125],[-126.64392,54.40113],[-126.64407,54.39984],[-126.64391,54.39984],[-126.6439,54.39883],[-126.64389,54.39729],[-126.64388,54.39652],[-126.64644,54.39652],[-126.64819,54.3965],[-126.64889,54.3965],[-126.64888,54.39625],[-126.64812,54.39632],[-126.64819,54.3965],[-126.64889,54.3965],[-126.64888,54.39807],[-126.64888,54.39881],[-126.64945,54.3988],[-126.6501,54.39866],[-126.65008,54.39871],[-126.65027,54.39889],[-126.65104,54.39861],[-126.65182,54.39943],[-126.65072,54.39987],[-126.65066,54.39981],[-126.65182,54.39943],[-126.65146,54.39908],[-126.6533,54.39842],[-126.65581,54.39803],[-126.6573,54.39759],[-126.65626,54.39661],[-126.65613,54.39647],[-126.65596,54.39644],[-126.65508,54.39609],[-126.65484,54.39586],[-126.65459,54.39539],[-126.65433,54.39513],[-126.65388,54.3949],[-126.65231,54.39466],[-126.65215,54.39462],[-126.6519,54.39446],[-126.65067,54.3933],[-126.65045,54.39317],[-126.65099,54.39297],[-126.65183,54.39281],[-126.65421,54.39282],[-126.6546,54.39284],[-126.65488,54.39302],[-126.65497,54.39296],[-126.6552,54.39309],[-126.65536,54.3933],[-126.65543,54.39451],[-126.65567,54.39455],[-126.65692,54.39455],[-126.65696,54.39372],[-126.65872,54.39373],[-126.65893,54.39371],[-126.65912,54.39366],[-126.66087,54.39285],[-126.66103,54.39274],[-126.66169,54.3919],[-126.66213,54.39046],[-126.66228,54.39034],[-126.66357,54.39085],[-126.66435,54.391],[-126.6638,54.39263],[-126.66366,54.39318],[-126.66372,54.3934],[-126.66458,54.39431],[-126.66504,54.39464],[-126.66647,54.39411],[-126.66662,54.39426],[-126.67889,54.38992],[-126.68098,54.38937],[-126.68278,54.3891],[-126.68468,54.38898],[-126.68692,54.38901],[-126.69564,54.3899],[-126.70706,54.39105],[-126.70963,54.39116],[-126.71101,54.39139],[-126.71229,54.39188],[-126.71325,54.39261],[-126.71381,54.39363],[-126.71447,54.39548],[-126.71507,54.39626],[-126.71896,54.39832],[-126.72211,54.40065],[-126.72604,54.40586],[-126.73134,54.41507],[-126.73377,54.4194],[-126.73681,54.4248],[-126.73947,54.42951],[-126.74015,54.4304],[-126.74142,54.43151],[-126.74489,54.43363],[-126.74599,54.43481],[-126.74634,54.4356],[-126.74683,54.44215],[-126.74703,54.44534],[-126.74771,54.44667],[-126.75099,54.4494],[-126.75174,54.45068],[-126.75193,54.45186],[-126.75169,54.45303],[-126.74788,54.45828],[-126.74732,54.4598],[-126.74772,54.46909],[-126.74767,54.4705],[-126.74615,54.47528],[-126.74396,54.48205],[-126.7408,54.49003],[-126.74054,54.49113],[-126.74064,54.49166],[-126.75272,54.50641],[-126.76002,54.51507],[-126.77549,54.5348],[-126.78222,54.54333],[-126.79058,54.5539],[-126.80898,54.57713],[-126.8164,54.58652],[-126.81718,54.58725],[-126.82019,54.58916],[-126.82796,54.59172],[-126.83608,54.5942],[-126.83816,54.59485],[-126.83949,54.59554],[-126.8403,54.59656],[-126.84647,54.60861],[-126.84915,54.61383],[-126.85143,54.6181],[-126.85225,54.61908],[-126.85326,54.61998],[-126.85482,54.62099],[-126.86415,54.62564],[-126.86577,54.62653],[-126.86697,54.62759],[-126.86769,54.62872],[-126.86841,54.63152],[-126.86921,54.6326],[-126.8724,54.63548],[-126.88192,54.64176],[-126.883,54.64244],[-126.88433,54.64308],[-126.88561,54.6435],[-126.88713,54.64379],[-126.8929,54.64445],[-126.89995,54.64669],[-126.90136,54.64695],[-126.91004,54.64736],[-126.90985,54.64721],[-126.90985,54.64715],[-126.91005,54.64715],[-126.91004,54.64736],[-126.92242,54.64705],[-126.93818,54.6466],[-126.94028,54.64656],[-126.94229,54.6467],[-126.94423,54.64707],[-126.95917,54.65179],[-126.96092,54.65256],[-126.96221,54.65345],[-126.96405,54.65525],[-126.96525,54.65621],[-126.9713,54.6596],[-126.97296,54.66034],[-126.98346,54.6628],[-126.98599,54.66359],[-126.99436,54.66709],[-127.01268,54.67494],[-127.01393,54.6756],[-127.02128,54.6809],[-127.0256,54.68401],[-127.02628,54.68437],[-127.02739,54.68474],[-127.03395,54.6855],[-127.03593,54.68605],[-127.04197,54.6887],[-127.04325,54.68961],[-127.04414,54.69067],[-127.04599,54.69384],[-127.0463,54.69416],[-127.04673,54.69444],[-127.04727,54.69467],[-127.04952,54.69522],[-127.04996,54.6954],[-127.05027,54.6956],[-127.0505,54.69582],[-127.05065,54.69615],[-127.05062,54.69883],[-127.05082,54.69882],[-127.05074,54.69916],[-127.05084,54.69916],[-127.05085,54.69942],[-127.05062,54.69946],[-127.05063,54.70077],[-127.05088,54.70129],[-127.0539,54.70379],[-127.05777,54.70804],[-127.06397,54.71487],[-127.06491,54.71567],[-127.06624,54.71638],[-127.06775,54.71683],[-127.06954,54.71704],[-127.08318,54.71705],[-127.08973,54.71637],[-127.10114,54.7167],[-127.10717,54.71694],[-127.10812,54.71711],[-127.10917,54.71743],[-127.10987,54.71777],[-127.11059,54.71827],[-127.118,54.72722],[-127.11857,54.72837],[-127.11864,54.7295],[-127.11818,54.73067],[-127.114,54.73587],[-127.10966,54.74093],[-127.109,54.74221],[-127.10895,54.74329],[-127.10958,54.7433],[-127.10959,54.74722],[-127.10896,54.74717],[-127.10898,54.75203],[-127.10943,54.75312],[-127.12314,54.76612],[-127.12457,54.76713],[-127.12634,54.76799],[-127.12855,54.76873],[-127.13974,54.77108],[-127.14953,54.77312],[-127.15296,54.77385],[-127.15453,54.7743],[-127.15428,54.7746],[-127.15494,54.77483],[-127.15617,54.77515],[-127.15785,54.77595],[-127.1599,54.77723],[-127.16031,54.77772],[-127.16164,54.77853],[-127.16365,54.78012],[-127.16375,54.78009],[-127.16426,54.78069],[-127.16207,54.7815],[-127.16218,54.7816],[-127.16224,54.78174],[-127.16226,54.78372],[-127.16384,54.78372],[-127.16369,54.78534],[-127.16386,54.78534],[-127.16386,54.78553],[-127.16595,54.7855],[-127.1664,54.78541],[-127.16658,54.78533],[-127.1668,54.78508],[-127.16707,54.7844],[-127.16722,54.78421],[-127.16752,54.78396],[-127.16801,54.78369],[-127.16827,54.78361],[-127.16953,54.78302],[-127.17012,54.78276],[-127.16865,54.78165],[-127.16682,54.78016]]},"properties":{"routeId":"162-PRG","routeShortName":"162","routeLongName":"Smithers / Burns Lake","routeColor":"#000000","routeTextColor":"#FFFFFF","shapeId":"51449","headsigns":["Smithers"],"directions":["0"]}}]}
