{"type": "FeatureCollection", "name": "bc_transit_pg_stops", "crs": {"type": "name", "properties": {"name": "EPSG:4326"}}, "features": [{"type": "Feature", "geometry": {"type": "Point", "coordinates": [-122.79258, 53.94288]}, "properties": {"stop_id": "180053", "stop_name": "N Nechako Rd at Arend Dr", "stop_code": "180053", "lon": -122.79258, "lat": 53.94288, "x_26910": 513614.88329042116, "y_26910": 5977186.41728813, "trips_per_busiest_weekday": 17, "frequency_band": 2, "route_count": 2, "routes": "91,96"}}, {"type": "Feature", "geometry": {"type": "Point", "coordinates": [-122.79543, 53.94598]}, "properties": {"stop_id": "105417", "stop_name": "N Nechako Rd at Churchill Rd", "stop_code": "105417", "lon": -122.79543, "lat": 53.94598, "x_26910": 513426.81624341983, "y_26910": 5977530.777162417, "trips_per_busiest_weekday": 17, "frequency_band": 2, "route_count": 2, "routes": "91,96"}}, {"type": "Feature", "geometry": {"type": "Point", "coordinates": [-122.81364, 53.89128]}, "properties": {"stop_id": "105017", "stop_name": "UNBC Exch Bay A", "stop_code": "105017", "lon": -122.81364, "lat": 53.89128, "x_26910": 512247.61419535486, "y_26910": 5971441.625163562, "trips_per_busiest_weekday": 118, "frequency_band": 5, "route_count": 2, "routes": "15,16"}}, {"type": "Feature", "geometry": {"type": "Point", "coordinates": [-122.80196, 53.87195]}, "properties": {"stop_id": "105060", "stop_name": "Tyner Blvd at University Heights Dr", "stop_code": "105060", "lon": -122.80196, "lat": 53.87195, "x_26910": 513021.22990054433, "y_26910": 5969293.086951689, "trips_per_busiest_weekday": 28, "frequency_band": 3, "route_count": 1, "routes": "16"}}, {"type": "Feature", "geometry": {"type": "Point", "coordinates": [-122.77786, 53.86899]}, "properties": {"stop_id": "105007", "stop_name": "Domano Blvd at McGill Cres", "stop_code": "105007", "lon": -122.77786, "lat": 53.86899, "x_26910": 514606.8460424042, "y_26910": 5968968.45683164, "trips_per_busiest_weekday": 63, "frequency_band": 5, "route_count": 3, "routes": "12,16,89"}}, {"type": "Feature", "geometry": {"type": "Point", "coordinates": [-122.78597, 53.87]}, "properties": {"stop_id": "105058", "stop_name": "Tyner Blvd at Baker Rd", "stop_code": "105058", "lon": -122.78597, "lat": 53.87, "x_26910": 514073.23361870734, "y_26910": 5969079.187804687, "trips_per_busiest_weekday": 29, "frequency_band": 4, "route_count": 1, "routes": "16"}}, {"type": "Feature", "geometry": {"type": "Point", "coordinates": [-122.77445, 53.86819]}, "properties": {"stop_id": "105006", "stop_name": "Domano Blvd at Moriarty Cres", "stop_code": "105006", "lon": -122.77445, "lat": 53.86819, "x_26910": 514831.35370144487, "y_26910": 5968880.158145831, "trips_per_busiest_weekday": 65, "frequency_band": 5, "route_count": 3, "routes": "12,16,88"}}, {"type": "Feature", "geometry": {"type": "Point", "coordinates": [-122.76652, 53.86221]}, "properties": {"stop_id": "105379", "stop_name": "Domano Blvd at College Heights Secondary", "stop_code": "105379", "lon": -122.76652, "lat": 53.86221, "x_26910": 515354.9906569688, "y_26910": 5968216.524235687, "trips_per_busiest_weekday": 63, "frequency_band": 5, "route_count": 2, "routes": "16,88"}}, {"type": "Feature", "geometry": {"type": "Point", "coordinates": [-122.77965, 53.85769]}, "properties": {"stop_id": "105374", "stop_name": "Southridge Ave at St Anne Ave", "stop_code": "105374", "lon": -122.77965, "lat": 53.85769, "x_26910": 514493.04937337263, "y_26910": 5967710.877917616, "trips_per_busiest_weekday": 34, "frequency_band": 4, "route_count": 1, "routes": "88"}}, {"type": "Feature", "geometry": {"type": "Point", "coordinates": [-122.78301, 53.86049]}, "properties": {"stop_id": "105373", "stop_name": "Southridge Ave at St Frances Cres", "stop_code": "105373", "lon": -122.78301, "lat": 53.86049, "x_26910": 514271.10012520687, "y_26910": 5968021.718108079, "trips_per_busiest_weekday": 34, "frequency_band": 4, "route_count": 1, "routes": "88"}}, {"type": "Feature", "geometry": {"type": "Point", "coordinates": [-122.77794, 53.85562]}, "properties": {"stop_id": "105375", "stop_name": "St Lawrence Ave at Southridge Ave", "stop_code": "105375", "lon": -122.77794, "lat": 53.85562, "x_26910": 514606.2415930372, "y_26910": 5967480.925439881, "trips_per_busiest_weekday": 34, "frequency_band": 4, "route_count": 1, "routes": "88"}}, {"type": "Feature", "geometry": {"type": "Point", "coordinates": [-122.76876, 53.85851]}, "properties": {"stop_id": "105377", "stop_name": "7200 Blk St Lawrence Ave", "stop_code": "105377", "lon": -122.76876, "lat": 53.85851, "x_26910": 515209.01730543695, "y_26910": 5967804.388618186, "trips_per_busiest_weekday": 34, "frequency_band": 4, "route_count": 1, "routes": "88"}}, {"type": "Feature", "geometry": {"type": "Point", "coordinates": [-122.77339, 53.85566]}, "properties": {"stop_id": "105376", "stop_name": "St Lawrence Ave at St Patrick Ave", "stop_code": "105376", "lon": -122.77339, "lat": 53.85566, "x_26910": 514905.5081825082, "y_26910": 5967486.322012746, "trips_per_busiest_weekday": 34, "frequency_band": 4, "route_count": 1, "routes": "88"}}, {"type": "Feature", "geometry": {"type": "Point", "coordinates": [-122.76648, 53.86023]}, "properties": {"stop_id": "105378", "stop_name": "Domano Blvd at Bernard Rd", "stop_code": "105378", "lon": -122.76648, "lat": 53.86023, "x_26910": 515358.3463702748, "y_26910": 5967996.242818998, "trips_per_busiest_weekday": 63, "frequency_band": 5, "route_count": 2, "routes": "16,88"}}, {"type": "Feature", "geometry": {"type": "Point", "coordinates": [-122.78501, 53.86967]}, "properties": {"stop_id": "180002", "stop_name": "Tyner Blvd at Gannett Rd", "stop_code": "180002", "lon": -122.78501, "lat": 53.86967, "x_26910": 514136.46821357537, "y_26910": 5969042.663603567, "trips_per_busiest_weekday": 62, "frequency_band": 5, "route_count": 2, "routes": "16,88"}}, {"type": "Feature", "geometry": {"type": "Point", "coordinates": [-122.80235, 53.87217]}, "properties": {"stop_id": "105059", "stop_name": "Tyner Blvd at University Heights Dr", "stop_code": "105059", "lon": -122.80235, "lat": 53.87217, "x_26910": 512995.5190353112, "y_26910": 5969317.492170145, "trips_per_busiest_weekday": 29, "frequency_band": 4, "route_count": 1, "routes": "16"}}, {"type": "Feature", "geometry": {"type": "Point", "coordinates": [-122.78228, 53.91828]}, "properties": {"stop_id": "105013", "stop_name": "Spruceland Exch Bay B", "stop_code": "105013", "lon": -122.78228, "lat": 53.91828, "x_26910": 514299.37274268724, "y_26910": 5974451.475115388, "trips_per_busiest_weekday": 161, "frequency_band": 5, "route_count": 5, "routes": "1,11,5,55,88"}}, {"type": "Feature", "geometry": {"type": "Point", "coordinates": [-122.78455, 53.9174]}, "properties": {"stop_id": "105076", "stop_name": "Ahbau St at 8th Ave", "stop_code": "105076", "lon": -122.78455, "lat": 53.9174, "x_26910": 514150.5818715166, "y_26910": 5974353.111982047, "trips_per_busiest_weekday": 87, "frequency_band": 5, "route_count": 3, "routes": "1,10,88"}}, {"type": "Feature", "geometry": {"type": "Point", "coordinates": [-122.77985, 53.89863]}, "properties": {"stop_id": "105010", "stop_name": "Pine Centre Exch Bay B", "stop_code": "105010", "lon": -122.77985, "lat": 53.89863, "x_26910": 514465.7576578343, "y_26910": 5972265.737973978, "trips_per_busiest_weekday": 90, "frequency_band": 5, "route_count": 3, "routes": "46,47,88"}}, {"type": "Feature", "geometry": {"type": "Point", "coordinates": [-122.77962, 53.89402]}, "properties": {"stop_id": "105449", "stop_name": "Westwood Dr at Fairview Cres", "stop_code": "105449", "lon": -122.77962, "lat": 53.89402, "x_26910": 514482.4645580318, "y_26910": 5971752.884163398, "trips_per_busiest_weekday": 34, "frequency_band": 4, "route_count": 1, "routes": "88"}}, {"type": "Feature", "geometry": {"type": "Point", "coordinates": [-122.78708, 53.90983]}, "properties": {"stop_id": "105005", "stop_name": "Nicholson Exch Bay C", "stop_code": "105005", "lon": -122.78708, "lat": 53.90983, "x_26910": 513986.94308777124, "y_26910": 5973510.382085849, "trips_per_busiest_weekday": 48, "frequency_band": 5, "route_count": 2, "routes": "47,88"}}, {"type": "Feature", "geometry": {"type": "Point", "coordinates": [-122.78602, 53.90772]}, "properties": {"stop_id": "105038", "stop_name": "Nicholson St at 18th Ave", "stop_code": "105038", "lon": -122.78602, "lat": 53.90772, "x_26910": 514057.28399792674, "y_26910": 5973275.836184683, "trips_per_busiest_weekday": 48, "frequency_band": 5, "route_count": 2, "routes": "47,88"}}, {"type": "Feature", "geometry": {"type": "Point", "coordinates": [-122.78507, 53.87076]}, "properties": {"stop_id": "105435", "stop_name": "Baker Rd at Wheeler Rd", "stop_code": "105435", "lon": -122.78507, "lat": 53.87076, "x_26910": 514132.15554472053, "y_26910": 5969163.922676732, "trips_per_busiest_weekday": 34, "frequency_band": 4, "route_count": 1, "routes": "88"}}, {"type": "Feature", "geometry": {"type": "Point", "coordinates": [-122.80681, 53.85919]}, "properties": {"stop_id": "105281", "stop_name": "Bear Rd at Aldeen Rd", "stop_code": "105281", "lon": -122.80681, "lat": 53.85919, "x_26910": 512706.20631151757, "y_26910": 5967872.558267677, "trips_per_busiest_weekday": 36, "frequency_band": 4, "route_count": 2, "routes": "12,88"}}, {"type": "Feature", "geometry": {"type": "Point", "coordinates": [-122.81483, 53.85809]}, "properties": {"stop_id": "105820", "stop_name": "Bear Rd at Kimball Rd", "stop_code": "105820", "lon": -122.81483, "lat": 53.85809, "x_26910": 512179.046739747, "y_26910": 5967748.768331838, "trips_per_busiest_weekday": 34, "frequency_band": 4, "route_count": 1, "routes": "88"}}, {"type": "Feature", "geometry": {"type": "Point", "coordinates": [-122.77965, 53.88619]}, "properties": {"stop_id": "105280", "stop_name": "Westwood Dr at Andres Rd", "stop_code": "105280", "lon": -122.77965, "lat": 53.88619, "x_26910": 514483.19976846036, "y_26910": 5970881.726470229, "trips_per_busiest_weekday": 14, "frequency_band": 1, "route_count": 1, "routes": "47"}}, {"type": "Feature", "geometry": {"type": "Point", "coordinates": [-122.77961, 53.88944]}, "properties": {"stop_id": "105451", "stop_name": "Westwood Dr at Cherry Ave", "stop_code": "105451", "lon": -122.77961, "lat": 53.88944, "x_26910": 514484.70525624184, "y_26910": 5971243.323592732, "trips_per_busiest_weekday": 34, "frequency_band": 4, "route_count": 1, "routes": "88"}}, {"type": "Feature", "geometry": {"type": "Point", "coordinates": [-122.77965, 53.89169]}, "properties": {"stop_id": "105450", "stop_name": "Westwood Dr at Fern Cres", "stop_code": "105450", "lon": -122.77965, "lat": 53.89169, "x_26910": 514481.29855048336, "y_26910": 5971493.646353305, "trips_per_busiest_weekday": 34, "frequency_band": 4, "route_count": 1, "routes": "88"}}, {"type": "Feature", "geometry": {"type": "Point", "coordinates": [-122.77376, 53.90432]}, "properties": {"stop_id": "105282", "stop_name": "Massey Dr at Griffiths Ave - Stadium", "stop_code": "105282", "lon": -122.77376, "lat": 53.90432, "x_26910": 514863.9028667665, "y_26910": 5972900.057667944, "trips_per_busiest_weekday": 48, "frequency_band": 5, "route_count": 2, "routes": "47,88"}}, {"type": "Feature", "geometry": {"type": "Point", "coordinates": [-122.78584, 53.90528]}, "properties": {"stop_id": "105022", "stop_name": "College Rd at CNC", "stop_code": "105022", "lon": -122.78584, "lat": 53.90528, "x_26910": 514069.9289110601, "y_26910": 5973004.401142473, "trips_per_busiest_weekday": 48, "frequency_band": 5, "route_count": 2, "routes": "47,88"}}, {"type": "Feature", "geometry": {"type": "Point", "coordinates": [-122.76329, 53.95064]}, "properties": {"stop_id": "105427", "stop_name": "Hwy 97 at Houghtaling Rd", "stop_code": "105427", "lon": -122.76329, "lat": 53.95064, "x_26910": 515534.5686210508, "y_26910": 5978055.812657222, "trips_per_busiest_weekday": 37, "frequency_band": 5, "route_count": 2, "routes": "88,97"}}, {"type": "Feature", "geometry": {"type": "Point", "coordinates": [-122.76297, 53.94598]}, "properties": {"stop_id": "105430", "stop_name": "Hwy 97 at McIntosh Rd", "stop_code": "105430", "lon": -122.76297, "lat": 53.94598, "x_26910": 515557.3033410571, "y_26910": 5977537.414858511, "trips_per_busiest_weekday": 37, "frequency_band": 5, "route_count": 2, "routes": "88,97"}}, {"type": "Feature", "geometry": {"type": "Point", "coordinates": [-122.76791, 53.96067]}, "properties": {"stop_id": "105425", "stop_name": "Hwy 97 at Kenworth Rd W", "stop_code": "105425", "lon": -122.76791, "lat": 53.96067, "x_26910": 515227.71736975043, "y_26910": 5979170.741312005, "trips_per_busiest_weekday": 37, "frequency_band": 5, "route_count": 2, "routes": "88,97"}}, {"type": "Feature", "geometry": {"type": "Point", "coordinates": [-122.76596, 53.95673]}, "properties": {"stop_id": "105426", "stop_name": "Hwy 97 at Perrin Rd", "stop_code": "105426", "lon": -122.76596, "lat": 53.95673, "x_26910": 515357.1069908341, "y_26910": 5978732.800003673, "trips_per_busiest_weekday": 37, "frequency_band": 5, "route_count": 2, "routes": "88,97"}}, {"type": "Feature", "geometry": {"type": "Point", "coordinates": [-122.76199, 53.94388]}, "properties": {"stop_id": "105431", "stop_name": "Hwy 97 at Northwood Pulpmill Rd", "stop_code": "105431", "lon": -122.76199, "lat": 53.94388, "x_26910": 515622.4095283448, "y_26910": 5977303.986194643, "trips_per_busiest_weekday": 37, "frequency_band": 5, "route_count": 2, "routes": "88,97"}}, {"type": "Feature", "geometry": {"type": "Point", "coordinates": [-122.77561, 53.98068]}, "properties": {"stop_id": "105522", "stop_name": "Hwy 97 at Lehman St", "stop_code": "105522", "lon": -122.77561, "lat": 53.98068, "x_26910": 514715.46025687765, "y_26910": 5981395.420011195, "trips_per_busiest_weekday": 37, "frequency_band": 5, "route_count": 2, "routes": "88,97"}}, {"type": "Feature", "geometry": {"type": "Point", "coordinates": [-122.77162, 53.97821]}, "properties": {"stop_id": "105523", "stop_name": "Hwy 97 at Monterey Rd W", "stop_code": "105523", "lon": -122.77162, "lat": 53.97821, "x_26910": 514978.00936210516, "y_26910": 5981121.444461124, "trips_per_busiest_weekday": 37, "frequency_band": 5, "route_count": 2, "routes": "88,97"}}, {"type": "Feature", "geometry": {"type": "Point", "coordinates": [-122.78641, 53.98907]}, "properties": {"stop_id": "105203", "stop_name": "Hwy 97 at Austin Rd W", "stop_code": "105203", "lon": -122.78641, "lat": 53.98907, "x_26910": 514004.3842995638, "y_26910": 5982326.701569727, "trips_per_busiest_weekday": 37, "frequency_band": 5, "route_count": 2, "routes": "88,97"}}, {"type": "Feature", "geometry": {"type": "Point", "coordinates": [-122.78279, 53.98753]}, "properties": {"stop_id": "105521", "stop_name": "Hwy 97 at Birchwood Dr", "stop_code": "105521", "lon": -122.78279, "lat": 53.98753, "x_26910": 514242.2607120991, "y_26910": 5982156.08293811, "trips_per_busiest_weekday": 36, "frequency_band": 4, "route_count": 2, "routes": "88,97"}}, {"type": "Feature", "geometry": {"type": "Point", "coordinates": [-122.76447, 53.95258]}, "properties": {"stop_id": "105428", "stop_name": "Hwy 97 at Bellamy Rd", "stop_code": "105428", "lon": -122.76447, "lat": 53.95258, "x_26910": 515456.41149842384, "y_26910": 5978271.3976570815, "trips_per_busiest_weekday": 37, "frequency_band": 5, "route_count": 2, "routes": "88,97"}}, {"type": "Feature", "geometry": {"type": "Point", "coordinates": [-122.78324, 53.87279]}, "properties": {"stop_id": "105437", "stop_name": "Foster Rd at Foster Pl", "stop_code": "105437", "lon": -122.78324, "lat": 53.87279, "x_26910": 514251.7920599989, "y_26910": 5969390.142233522, "trips_per_busiest_weekday": 34, "frequency_band": 4, "route_count": 1, "routes": "88"}}, {"type": "Feature", "geometry": {"type": "Point", "coordinates": [-122.78289, 53.91768]}, "properties": {"stop_id": "105014", "stop_name": "Spruceland Exch Bay D", "stop_code": "105014", "lon": -122.78289, "lat": 53.91768, "x_26910": 514259.5137698329, "y_26910": 5974384.597026488, "trips_per_busiest_weekday": 73, "frequency_band": 5, "route_count": 4, "routes": "89,91,96,97"}}, {"type": "Feature", "geometry": {"type": "Point", "coordinates": [-122.78416, 53.9199]}, "properties": {"stop_id": "105101", "stop_name": "Ahbau St at 5th Ave", "stop_code": "105101", "lon": -122.78416, "lat": 53.9199, "x_26910": 514175.3498928835, "y_26910": 5974631.336705313, "trips_per_busiest_weekday": 161, "frequency_band": 5, "route_count": 8, "routes": "10,11,5,55,89,91,96,97"}}, {"type": "Feature", "geometry": {"type": "Point", "coordinates": [-122.77958, 53.89848]}, "properties": {"stop_id": "105011", "stop_name": "Pine Centre Exch Bay A", "stop_code": "105011", "lon": -122.77958, "lat": 53.89848, "x_26910": 514483.5508389629, "y_26910": 5972249.104335344, "trips_per_busiest_weekday": 115, "frequency_band": 5, "route_count": 3, "routes": "5,55,89"}}, {"type": "Feature", "geometry": {"type": "Point", "coordinates": [-122.77347, 53.90381]}, "properties": {"stop_id": "105285", "stop_name": "Massey Dr at Del Laverdure Way - Stadium", "stop_code": "105285", "lon": -122.77347, "lat": 53.90381, "x_26910": 514883.1370275686, "y_26910": 5972843.376699712, "trips_per_busiest_weekday": 46, "frequency_band": 5, "route_count": 2, "routes": "46,89"}}, {"type": "Feature", "geometry": {"type": "Point", "coordinates": [-122.7857, 53.90527]}, "properties": {"stop_id": "105021", "stop_name": "College Rd at CNC", "stop_code": "105021", "lon": -122.7857, "lat": 53.90527, "x_26910": 514079.1300101041, "y_26910": 5973003.3163468735, "trips_per_busiest_weekday": 46, "frequency_band": 5, "route_count": 2, "routes": "46,89"}}, {"type": "Feature", "geometry": {"type": "Point", "coordinates": [-122.78589, 53.90773]}, "properties": {"stop_id": "105023", "stop_name": "Nicholson St at 18th Ave", "stop_code": "105023", "lon": -122.78589, "lat": 53.90773, "x_26910": 514065.82089585933, "y_26910": 5973276.974551181, "trips_per_busiest_weekday": 46, "frequency_band": 5, "route_count": 2, "routes": "46,89"}}, {"type": "Feature", "geometry": {"type": "Point", "coordinates": [-122.78442, 53.90363]}, "properties": {"stop_id": "180051", "stop_name": "22nd Ave at Nicholson St", "stop_code": "180051", "lon": -122.78442, "lat": 53.90363, "x_26910": 514163.77836718084, "y_26910": 5972821.107386889, "trips_per_busiest_weekday": 46, "frequency_band": 5, "route_count": 2, "routes": "46,89"}}, {"type": "Feature", "geometry": {"type": "Point", "coordinates": [-122.78501, 53.87042]}, "properties": {"stop_id": "105434", "stop_name": "Baker Rd at Wheeler Rd", "stop_code": "105434", "lon": -122.78501, "lat": 53.87042, "x_26910": 514136.21532468917, "y_26910": 5969126.106969076, "trips_per_busiest_weekday": 33, "frequency_band": 4, "route_count": 1, "routes": "89"}}, {"type": "Feature", "geometry": {"type": "Point", "coordinates": [-122.77898, 53.98102]}, "properties": {"stop_id": "105184", "stop_name": "Cook Cres at Birchwood Trailer Park", "stop_code": "105184", "lon": -122.77898, "lat": 53.98102, "x_26910": 514494.3385096056, "y_26910": 5981432.553566071, "trips_per_busiest_weekday": 36, "frequency_band": 4, "route_count": 2, "routes": "89,97"}}, {"type": "Feature", "geometry": {"type": "Point", "coordinates": [-122.78204, 53.97865]}, "properties": {"stop_id": "105183", "stop_name": "Croft Rd at Hepting Rd", "stop_code": "105183", "lon": -122.78204, "lat": 53.97865, "x_26910": 514294.4774442608, "y_26910": 5981168.245925671, "trips_per_busiest_weekday": 36, "frequency_band": 4, "route_count": 2, "routes": "89,97"}}, {"type": "Feature", "geometry": {"type": "Point", "coordinates": [-122.78255, 53.87304]}, "properties": {"stop_id": "105436", "stop_name": "Foster Rd at Foster Pl", "stop_code": "105436", "lon": -122.78255, "lat": 53.87304, "x_26910": 514297.07366345526, "y_26910": 5969418.095549931, "trips_per_busiest_weekday": 33, "frequency_band": 4, "route_count": 1, "routes": "89"}}, {"type": "Feature", "geometry": {"type": "Point", "coordinates": [-122.78097, 53.87461]}, "properties": {"stop_id": "105438", "stop_name": "Davis Rd at Foster Rd", "stop_code": "105438", "lon": -122.78097, "lat": 53.87461, "x_26910": 514400.4172381349, "y_26910": 5969593.090030698, "trips_per_busiest_weekday": 33, "frequency_band": 4, "route_count": 1, "routes": "89"}}, {"type": "Feature", "geometry": {"type": "Point", "coordinates": [-122.78298, 53.87581]}, "properties": {"stop_id": "105439", "stop_name": "Davis Rd at Prudente Rd", "stop_code": "105439", "lon": -122.78298, "lat": 53.87581, "x_26910": 514267.85885088623, "y_26910": 5969726.193345873, "trips_per_busiest_weekday": 33, "frequency_band": 4, "route_count": 1, "routes": "89"}}, {"type": "Feature", "geometry": {"type": "Point", "coordinates": [-122.77886, 53.90436]}, "properties": {"stop_id": "105283", "stop_name": "2900 Blk Griffiths Ave", "stop_code": "105283", "lon": -122.77886, "lat": 53.90436, "x_26910": 514528.82096902485, "y_26910": 5972903.45097184, "trips_per_busiest_weekday": 46, "frequency_band": 5, "route_count": 2, "routes": "46,89"}}, {"type": "Feature", "geometry": {"type": "Point", "coordinates": [-122.77946, 53.88678]}, "properties": {"stop_id": "105286", "stop_name": "Westwood Dr at John McInnis Secondary", "stop_code": "105286", "lon": -122.77946, "lat": 53.88678, "x_26910": 514495.48398161377, "y_26910": 5970947.407573998, "trips_per_busiest_weekday": 14, "frequency_band": 1, "route_count": 1, "routes": "46"}}, {"type": "Feature", "geometry": {"type": "Point", "coordinates": [-122.77946, 53.88858]}, "properties": {"stop_id": "105445", "stop_name": "Westwood Dr at Ferry Ave", "stop_code": "105445", "lon": -122.77946, "lat": 53.88858, "x_26910": 514494.86123842484, "y_26910": 5971147.672219992, "trips_per_busiest_weekday": 33, "frequency_band": 4, "route_count": 1, "routes": "89"}}, {"type": "Feature", "geometry": {"type": "Point", "coordinates": [-122.77953, 53.89504]}, "properties": {"stop_id": "105488", "stop_name": "Westwood Dr at Athlone Ave", "stop_code": "105488", "lon": -122.77953, "lat": 53.89504, "x_26910": 514488.02617092984, "y_26910": 5971866.385976447, "trips_per_busiest_weekday": 33, "frequency_band": 4, "route_count": 1, "routes": "89"}}, {"type": "Feature", "geometry": {"type": "Point", "coordinates": [-122.77947, 53.89321]}, "properties": {"stop_id": "105447", "stop_name": "Westwood Dr at Fairview Cres", "stop_code": "105447", "lon": -122.77947, "lat": 53.89321, "x_26910": 514492.6021676529, "y_26910": 5971662.795626302, "trips_per_busiest_weekday": 33, "frequency_band": 4, "route_count": 1, "routes": "89"}}, {"type": "Feature", "geometry": {"type": "Point", "coordinates": [-122.76411, 53.95305]}, "properties": {"stop_id": "105180", "stop_name": "Hwy 97 at Bellamy Rd", "stop_code": "105180", "lon": -122.76411, "lat": 53.95305, "x_26910": 515479.8620145414, "y_26910": 5978323.768115216, "trips_per_busiest_weekday": 35, "frequency_band": 4, "route_count": 2, "routes": "89,97"}}, {"type": "Feature", "geometry": {"type": "Point", "coordinates": [-122.76758, 53.96086]}, "properties": {"stop_id": "105188", "stop_name": "Hwy 97 at Kenworth Rd E", "stop_code": "105188", "lon": -122.76758, "lat": 53.96086, "x_26910": 515249.2997089535, "y_26910": 5979191.951581547, "trips_per_busiest_weekday": 35, "frequency_band": 4, "route_count": 2, "routes": "89,97"}}, {"type": "Feature", "geometry": {"type": "Point", "coordinates": [-122.78888, 53.98132]}, "properties": {"stop_id": "105181", "stop_name": "Croft Rd at Winslow Dr", "stop_code": "105181", "lon": -122.78888, "lat": 53.98132, "x_26910": 513845.00481487723, "y_26910": 5981463.951247306, "trips_per_busiest_weekday": 36, "frequency_band": 4, "route_count": 2, "routes": "89,97"}}, {"type": "Feature", "geometry": {"type": "Point", "coordinates": [-122.79254, 53.98124]}, "properties": {"stop_id": "105173", "stop_name": "Glengarry Rd at Killarney Dr", "stop_code": "105173", "lon": -122.79254, "lat": 53.98124, "x_26910": 513605.0126513399, "y_26910": 5981454.341323213, "trips_per_busiest_weekday": 51, "frequency_band": 5, "route_count": 3, "routes": "89,91,96"}}, {"type": "Feature", "geometry": {"type": "Point", "coordinates": [-122.78475, 53.98058]}, "properties": {"stop_id": "105812", "stop_name": "Croft Rd at Glade Rd", "stop_code": "105812", "lon": -122.78475, "lat": 53.98058, "x_26910": 514116.09521410946, "y_26910": 5981382.434019559, "trips_per_busiest_weekday": 36, "frequency_band": 4, "route_count": 2, "routes": "89,97"}}, {"type": "Feature", "geometry": {"type": "Point", "coordinates": [-122.79942, 53.98879]}, "properties": {"stop_id": "105454", "stop_name": "Austin Rd W at Boschman Pl", "stop_code": "105454", "lon": -122.79942, "lat": 53.98879, "x_26910": 513151.4512945902, "y_26910": 5982293.054816232, "trips_per_busiest_weekday": 50, "frequency_band": 5, "route_count": 3, "routes": "89,91,97"}}, {"type": "Feature", "geometry": {"type": "Point", "coordinates": [-122.78909, 53.98888]}, "properties": {"stop_id": "105008", "stop_name": "Hart Exchange Bay A", "stop_code": "105008", "lon": -122.78909, "lat": 53.98888, "x_26910": 513828.7288249359, "y_26910": 5982305.035608808, "trips_per_busiest_weekday": 100, "frequency_band": 5, "route_count": 4, "routes": "88,89,91,97"}}, {"type": "Feature", "geometry": {"type": "Point", "coordinates": [-122.80105, 53.98541]}, "properties": {"stop_id": "105400", "stop_name": "Kelly Rd S at Vellencher Rd", "stop_code": "105400", "lon": -122.80105, "lat": 53.98541, "x_26910": 513045.6332821636, "y_26910": 5981916.694483429, "trips_per_busiest_weekday": 52, "frequency_band": 5, "route_count": 3, "routes": "89,91,96"}}, {"type": "Feature", "geometry": {"type": "Point", "coordinates": [-122.80103, 53.98748]}, "properties": {"stop_id": "105401", "stop_name": "Kelly Rd S at Austin Rd W", "stop_code": "105401", "lon": -122.80103, "lat": 53.98748, "x_26910": 513046.2977961574, "y_26910": 5982147.006412722, "trips_per_busiest_weekday": 52, "frequency_band": 5, "route_count": 3, "routes": "89,91,96"}}, {"type": "Feature", "geometry": {"type": "Point", "coordinates": [-122.76785, 53.97156]}, "properties": {"stop_id": "105186", "stop_name": "Hwy 97 at Collins Rd", "stop_code": "105186", "lon": -122.76785, "lat": 53.97156, "x_26910": 515227.68409263575, "y_26910": 5980382.370917983, "trips_per_busiest_weekday": 35, "frequency_band": 4, "route_count": 2, "routes": "89,97"}}, {"type": "Feature", "geometry": {"type": "Point", "coordinates": [-122.77315, 53.97947]}, "properties": {"stop_id": "105185", "stop_name": "Hwy 97 at Monterey Rd", "stop_code": "105185", "lon": -122.77315, "lat": 53.97947, "x_26910": 514877.21751695476, "y_26910": 5981261.309425359, "trips_per_busiest_weekday": 35, "frequency_band": 4, "route_count": 2, "routes": "89,97"}}, {"type": "Feature", "geometry": {"type": "Point", "coordinates": [-122.79929, 53.98332]}, "properties": {"stop_id": "105394", "stop_name": "Highland Dr at Montgomery Cres", "stop_code": "105394", "lon": -122.79929, "lat": 53.98332, "x_26910": 513161.69947748445, "y_26910": 5981684.48670031, "trips_per_busiest_weekday": 50, "frequency_band": 5, "route_count": 3, "routes": "89,91,96"}}, {"type": "Feature", "geometry": {"type": "Point", "coordinates": [-122.76721, 53.96514]}, "properties": {"stop_id": "105187", "stop_name": "Hwy 97 at Noranda Rd E", "stop_code": "105187", "lon": -122.76721, "lat": 53.96514, "x_26910": 515272.01121238025, "y_26910": 5979668.221976168, "trips_per_busiest_weekday": 35, "frequency_band": 4, "route_count": 2, "routes": "89,97"}}, {"type": "Feature", "geometry": {"type": "Point", "coordinates": [-122.76148, 53.94436]}, "properties": {"stop_id": "105512", "stop_name": "Hwy 97 at Northwood Pulpmill Rd", "stop_code": "105512", "lon": -122.76148, "lat": 53.94436, "x_26910": 515655.704920084, "y_26910": 5977357.503124973, "trips_per_busiest_weekday": 35, "frequency_band": 4, "route_count": 2, "routes": "89,97"}}, {"type": "Feature", "geometry": {"type": "Point", "coordinates": [-122.76068, 53.94112]}, "properties": {"stop_id": "105511", "stop_name": "Hwy 97 at Hoferkamp Rd", "stop_code": "105511", "lon": -122.76068, "lat": 53.94112, "x_26910": 515709.4315730636, "y_26910": 5976997.2006055415, "trips_per_busiest_weekday": 35, "frequency_band": 4, "route_count": 2, "routes": "89,97"}}, {"type": "Feature", "geometry": {"type": "Point", "coordinates": [-122.77946, 53.89053]}, "properties": {"stop_id": "105446", "stop_name": "Westwood Dr at Laurel Cres", "stop_code": "105446", "lon": -122.77946, "lat": 53.89053, "x_26910": 514494.18658365234, "y_26910": 5971364.625654572, "trips_per_busiest_weekday": 33, "frequency_band": 4, "route_count": 1, "routes": "89"}}, {"type": "Feature", "geometry": {"type": "Point", "coordinates": [-122.79674, 53.98264]}, "properties": {"stop_id": "105399", "stop_name": "Highland Dr at Teresa Pl", "stop_code": "105399", "lon": -122.79674, "lat": 53.98264, "x_26910": 513329.1343987724, "y_26910": 5981609.306746662, "trips_per_busiest_weekday": 52, "frequency_band": 5, "route_count": 3, "routes": "89,91,96"}}, {"type": "Feature", "geometry": {"type": "Point", "coordinates": [-122.7644, 53.86586]}, "properties": {"stop_id": "105249", "stop_name": "Simon Fraser Ave at Caledonia Cres", "stop_code": "105249", "lon": -122.7644, "lat": 53.86586, "x_26910": 515493.06523442414, "y_26910": 5968623.075621352, "trips_per_busiest_weekday": 31, "frequency_band": 4, "route_count": 2, "routes": "12,16"}}, {"type": "Feature", "geometry": {"type": "Point", "coordinates": [-122.7647, 53.86819]}, "properties": {"stop_id": "105250", "stop_name": "Simon Fraser Ave at Rideau Dr", "stop_code": "105250", "lon": -122.7647, "lat": 53.86819, "x_26910": 515472.4774288214, "y_26910": 5968882.24062736, "trips_per_busiest_weekday": 31, "frequency_band": 4, "route_count": 2, "routes": "12,16"}}, {"type": "Feature", "geometry": {"type": "Point", "coordinates": [-122.82358, 53.8498]}, "properties": {"stop_id": "105389", "stop_name": "Bunce Rd at Park Dr", "stop_code": "105389", "lon": -122.82358, "lat": 53.8498, "x_26910": 511605.83346091176, "y_26910": 5966824.976315916, "trips_per_busiest_weekday": 2, "frequency_band": 1, "route_count": 1, "routes": "12"}}, {"type": "Feature", "geometry": {"type": "Point", "coordinates": [-122.82436, 53.84697]}, "properties": {"stop_id": "105388", "stop_name": "Bunce Rd at Great Bear St", "stop_code": "105388", "lon": -122.82436, "lat": 53.84697, "x_26910": 511555.3003765009, "y_26910": 5966509.9903053865, "trips_per_busiest_weekday": 2, "frequency_band": 1, "route_count": 1, "routes": "12"}}, {"type": "Feature", "geometry": {"type": "Point", "coordinates": [-122.76571, 53.90727]}, "properties": {"stop_id": "105028", "stop_name": "Winnipeg St at Yew St", "stop_code": "105028", "lon": -122.76571, "lat": 53.90727, "x_26910": 515391.70017315267, "y_26910": 5973229.987568078, "trips_per_busiest_weekday": 15, "frequency_band": 2, "route_count": 2, "routes": "12,46"}}, {"type": "Feature", "geometry": {"type": "Point", "coordinates": [-122.76032, 53.91196]}, "properties": {"stop_id": "105212", "stop_name": "Winnipeg St at 13th Ave", "stop_code": "105212", "lon": -122.76032, "lat": 53.91196, "x_26910": 515744.0321168921, "y_26910": 5973752.973429222, "trips_per_busiest_weekday": 30, "frequency_band": 4, "route_count": 2, "routes": "10,12"}}, {"type": "Feature", "geometry": {"type": "Point", "coordinates": [-122.75969, 53.91524]}, "properties": {"stop_id": "180032", "stop_name": "9th Ave at Edmonton St", "stop_code": "180032", "lon": -122.75969, "lat": 53.91524, "x_26910": 515784.1783890135, "y_26910": 5974118.041626453, "trips_per_busiest_weekday": 3, "frequency_band": 1, "route_count": 2, "routes": "11,12"}}, {"type": "Feature", "geometry": {"type": "Point", "coordinates": [-122.81422, 53.85229]}, "properties": {"stop_id": "105295", "stop_name": "Henrey Rd at Elk Rd", "stop_code": "105295", "lon": -122.81422, "lat": 53.85229, "x_26910": 512220.8574047225, "y_26910": 5967103.579112123, "trips_per_busiest_weekday": 2, "frequency_band": 1, "route_count": 1, "routes": "12"}}, {"type": "Feature", "geometry": {"type": "Point", "coordinates": [-122.81506, 53.85149]}, "properties": {"stop_id": "105393", "stop_name": "Thompson Dr at Greg Rd", "stop_code": "105393", "lon": -122.81506, "lat": 53.85149, "x_26910": 512165.83312702534, "y_26910": 5967014.428726185, "trips_per_busiest_weekday": 2, "frequency_band": 1, "route_count": 1, "routes": "12"}}, {"type": "Feature", "geometry": {"type": "Point", "coordinates": [-122.80965, 53.8583]}, "properties": {"stop_id": "105291", "stop_name": "Tony Rd at Bear Rd", "stop_code": "105291", "lon": -122.80965, "lat": 53.8583, "x_26910": 512519.68391347595, "y_26910": 5967773.034067979, "trips_per_busiest_weekday": 2, "frequency_band": 1, "route_count": 1, "routes": "12"}}, {"type": "Feature", "geometry": {"type": "Point", "coordinates": [-122.80256, 53.86051]}, "properties": {"stop_id": "105290", "stop_name": "Bear Rd at Westgate Ave", "stop_code": "105290", "lon": -122.80256, "lat": 53.86051, "x_26910": 512985.32198198664, "y_26910": 5968020.187899862, "trips_per_busiest_weekday": 36, "frequency_band": 4, "route_count": 2, "routes": "12,88"}}, {"type": "Feature", "geometry": {"type": "Point", "coordinates": [-122.82166, 53.83766]}, "properties": {"stop_id": "105385", "stop_name": "Perdue Rd E at Lattman Rd", "stop_code": "105385", "lon": -122.82166, "lat": 53.83766, "x_26910": 511735.5354665659, "y_26910": 5965474.6271740375, "trips_per_busiest_weekday": 2, "frequency_band": 1, "route_count": 1, "routes": "12"}}, {"type": "Feature", "geometry": {"type": "Point", "coordinates": [-122.81569, 53.83772]}, "properties": {"stop_id": "105384", "stop_name": "Purdue Rd E at Hilltop Rd", "stop_code": "105384", "lon": -122.81569, "lat": 53.83772, "x_26910": 512128.3692834364, "y_26910": 5965482.306360738, "trips_per_busiest_weekday": 2, "frequency_band": 1, "route_count": 1, "routes": "12"}}, {"type": "Feature", "geometry": {"type": "Point", "coordinates": [-122.77735, 53.87207]}, "properties": {"stop_id": "105255", "stop_name": "McGill Cres at Eton Ave", "stop_code": "105255", "lon": -122.77735, "lat": 53.87207, "x_26910": 514639.3055711567, "y_26910": 5969311.236026775, "trips_per_busiest_weekday": 31, "frequency_band": 4, "route_count": 2, "routes": "12,16"}}, {"type": "Feature", "geometry": {"type": "Point", "coordinates": [-122.77615, 53.87023]}, "properties": {"stop_id": "105256", "stop_name": "McGill Cres at Monahan Cres", "stop_code": "105256", "lon": -122.77615, "lat": 53.87023, "x_26910": 514718.85181472107, "y_26910": 5969106.7699494995, "trips_per_busiest_weekday": 31, "frequency_band": 4, "route_count": 2, "routes": "12,16"}}, {"type": "Feature", "geometry": {"type": "Point", "coordinates": [-122.76551, 53.872]}, "properties": {"stop_id": "105252", "stop_name": "Simon Fraser Ave at Cowart Rd", "stop_code": "105252", "lon": -122.76551, "lat": 53.872, "x_26910": 515417.81364771567, "y_26910": 5969305.956393412, "trips_per_busiest_weekday": 31, "frequency_band": 4, "route_count": 2, "routes": "12,16"}}, {"type": "Feature", "geometry": {"type": "Point", "coordinates": [-122.76903, 53.87353]}, "properties": {"stop_id": "105253", "stop_name": "Eton Ave at Simon Fraser Ave", "stop_code": "105253", "lon": -122.76903, "lat": 53.87353, "x_26910": 515185.81832951773, "y_26910": 5969475.421562538, "trips_per_busiest_weekday": 31, "frequency_band": 4, "route_count": 2, "routes": "12,16"}}, {"type": "Feature", "geometry": {"type": "Point", "coordinates": [-122.76438, 53.87065]}, "properties": {"stop_id": "105251", "stop_name": "Simon Fraser Ave at Trent Dr", "stop_code": "105251", "lon": -122.76438, "lat": 53.87065, "x_26910": 515492.6103726027, "y_26910": 5969156.004561426, "trips_per_busiest_weekday": 31, "frequency_band": 4, "route_count": 2, "routes": "12,16"}}, {"type": "Feature", "geometry": {"type": "Point", "coordinates": [-122.77304, 53.87217]}, "properties": {"stop_id": "105254", "stop_name": "Eton Ave at Cambridge Rd", "stop_code": "105254", "lon": -122.77304, "lat": 53.87217, "x_26910": 514922.65334578324, "y_26910": 5969323.259882481, "trips_per_busiest_weekday": 31, "frequency_band": 4, "route_count": 2, "routes": "12,16"}}, {"type": "Feature", "geometry": {"type": "Point", "coordinates": [-122.80117, 53.86079]}, "properties": {"stop_id": "105260", "stop_name": "Bear Rd at Westgate Ave", "stop_code": "105260", "lon": -122.80117, "lat": 53.86079, "x_26910": 513076.65270630136, "y_26910": 5968051.595355475, "trips_per_busiest_weekday": 2, "frequency_band": 1, "route_count": 1, "routes": "12"}}, {"type": "Feature", "geometry": {"type": "Point", "coordinates": [-122.78604, 53.86516]}, "properties": {"stop_id": "105019", "stop_name": "Westgate Exch Bay A", "stop_code": "105019", "lon": -122.78604, "lat": 53.86516, "x_26910": 514070.2549821695, "y_26910": 5968540.686279024, "trips_per_busiest_weekday": 70, "frequency_band": 5, "route_count": 3, "routes": "12,88,89"}}, {"type": "Feature", "geometry": {"type": "Point", "coordinates": [-122.82419, 53.83203]}, "properties": {"stop_id": "105381", "stop_name": "Haldi Rd at Sabrina Rd", "stop_code": "105381", "lon": -122.82419, "lat": 53.83203, "x_26910": 511570.6024829361, "y_26910": 5964847.833489037, "trips_per_busiest_weekday": 2, "frequency_band": 1, "route_count": 1, "routes": "12"}}, {"type": "Feature", "geometry": {"type": "Point", "coordinates": [-122.83064, 53.83864]}, "properties": {"stop_id": "105380", "stop_name": "Haldi Rd at Southwell Rd", "stop_code": "105380", "lon": -122.83064, "lat": 53.83864, "x_26910": 511144.3533581838, "y_26910": 5965582.211757932, "trips_per_busiest_weekday": 2, "frequency_band": 1, "route_count": 1, "routes": "12"}}, {"type": "Feature", "geometry": {"type": "Point", "coordinates": [-122.81522, 53.83473]}, "properties": {"stop_id": "105383", "stop_name": "Hilltop Rd at Purdue Rd E", "stop_code": "105383", "lon": -122.81522, "lat": 53.83473, "x_26910": 512160.1633543684, "y_26910": 5965149.727601013, "trips_per_busiest_weekday": 2, "frequency_band": 1, "route_count": 1, "routes": "12"}}, {"type": "Feature", "geometry": {"type": "Point", "coordinates": [-122.81518, 53.83078]}, "properties": {"stop_id": "105382", "stop_name": "Hilltop Rd at Leslie Rd", "stop_code": "105382", "lon": -122.81518, "lat": 53.83078, "x_26910": 512163.94013005955, "y_26910": 5964710.268563614, "trips_per_busiest_weekday": 2, "frequency_band": 1, "route_count": 1, "routes": "12"}}, {"type": "Feature", "geometry": {"type": "Point", "coordinates": [-122.81449, 53.84863]}, "properties": {"stop_id": "105392", "stop_name": "Thompson Dr at Park Dr", "stop_code": "105392", "lon": -122.81449, "lat": 53.84863, "x_26910": 512204.16106669727, "y_26910": 5966696.330132006, "trips_per_busiest_weekday": 2, "frequency_band": 1, "route_count": 1, "routes": "12"}}, {"type": "Feature", "geometry": {"type": "Point", "coordinates": [-122.82442, 53.83814]}, "properties": {"stop_id": "105386", "stop_name": "Bunce Rd at Purdue Rd E", "stop_code": "105386", "lon": -122.82442, "lat": 53.83814, "x_26910": 511553.78369937034, "y_26910": 5965527.577804165, "trips_per_busiest_weekday": 2, "frequency_band": 1, "route_count": 1, "routes": "12"}}, {"type": "Feature", "geometry": {"type": "Point", "coordinates": [-122.82439, 53.84254]}, "properties": {"stop_id": "105387", "stop_name": "Bunce Rd at Trailer Village", "stop_code": "105387", "lon": -122.82439, "lat": 53.84254, "x_26910": 511554.5464101356, "y_26910": 5966017.115012106, "trips_per_busiest_weekday": 2, "frequency_band": 1, "route_count": 1, "routes": "12"}}, {"type": "Feature", "geometry": {"type": "Point", "coordinates": [-122.80675, 53.856]}, "properties": {"stop_id": "105292", "stop_name": "Helene Rd at Aldeen Rd", "stop_code": "105292", "lon": -122.80675, "lat": 53.856, "x_26910": 512711.11923505826, "y_26910": 5967517.657161098, "trips_per_busiest_weekday": 2, "frequency_band": 1, "route_count": 1, "routes": "12"}}, {"type": "Feature", "geometry": {"type": "Point", "coordinates": [-122.80655, 53.8546]}, "properties": {"stop_id": "105293", "stop_name": "Aldeen Rd at Helene Rd", "stop_code": "105293", "lon": -122.80655, "lat": 53.8546, "x_26910": 512724.69900612807, "y_26910": 5967361.932382574, "trips_per_busiest_weekday": 2, "frequency_band": 1, "route_count": 1, "routes": "12"}}, {"type": "Feature", "geometry": {"type": "Point", "coordinates": [-122.81731, 53.84905]}, "properties": {"stop_id": "105390", "stop_name": "Park Dr at Dow Rd", "stop_code": "105390", "lon": -122.81731, "lat": 53.84905, "x_26910": 512018.52138721733, "y_26910": 5966742.576947715, "trips_per_busiest_weekday": 2, "frequency_band": 1, "route_count": 1, "routes": "12"}}, {"type": "Feature", "geometry": {"type": "Point", "coordinates": [-122.80842, 53.85227]}, "properties": {"stop_id": "105294", "stop_name": "Henrey Rd at Eugene Rd", "stop_code": "105294", "lon": -122.80842, "lat": 53.85227, "x_26910": 512602.3947618645, "y_26910": 5967102.368519679, "trips_per_busiest_weekday": 2, "frequency_band": 1, "route_count": 1, "routes": "12"}}, {"type": "Feature", "geometry": {"type": "Point", "coordinates": [-122.8079, 53.85899]}, "properties": {"stop_id": "105288", "stop_name": "Bear Rd at Eugene Rd", "stop_code": "105288", "lon": -122.8079, "lat": 53.85899, "x_26910": 512634.5767774637, "y_26910": 5967850.112075901, "trips_per_busiest_weekday": 2, "frequency_band": 1, "route_count": 1, "routes": "12"}}, {"type": "Feature", "geometry": {"type": "Point", "coordinates": [-122.80677, 53.85911]}, "properties": {"stop_id": "105261", "stop_name": "Bear Rd at Aldeen Rd", "stop_code": "105261", "lon": -122.80677, "lat": 53.85911, "x_26910": 512708.86137036147, "y_26910": 5967863.664819, "trips_per_busiest_weekday": 2, "frequency_band": 1, "route_count": 1, "routes": "12"}}, {"type": "Feature", "geometry": {"type": "Point", "coordinates": [-122.8037, 53.85992]}, "properties": {"stop_id": "105289", "stop_name": "3700 Blk Bear Rd", "stop_code": "105289", "lon": -122.8037, "lat": 53.85992, "x_26910": 512910.5276643239, "y_26910": 5967954.337820223, "trips_per_busiest_weekday": 2, "frequency_band": 1, "route_count": 1, "routes": "12"}}, {"type": "Feature", "geometry": {"type": "Point", "coordinates": [-122.77689, 53.86819]}, "properties": {"stop_id": "105257", "stop_name": "Dakelh-Ti at Domano Blvd", "stop_code": "105257", "lon": -122.77689, "lat": 53.86819, "x_26910": 514670.90835826815, "y_26910": 5968879.650776676, "trips_per_busiest_weekday": 1, "frequency_band": 1, "route_count": 1, "routes": "12"}}, {"type": "Feature", "geometry": {"type": "Point", "coordinates": [-122.78034, 53.8665]}, "properties": {"stop_id": "105258", "stop_name": "5900 Blk Dakelh-Ti", "stop_code": "105258", "lon": -122.78034, "lat": 53.8665, "x_26910": 514444.63135106955, "y_26910": 5968690.91719356, "trips_per_busiest_weekday": 1, "frequency_band": 1, "route_count": 1, "routes": "12"}}, {"type": "Feature", "geometry": {"type": "Point", "coordinates": [-122.76605, 53.90726]}, "properties": {"stop_id": "105411", "stop_name": "Winnipeg St at Yew St", "stop_code": "105411", "lon": -122.76605, "lat": 53.90726, "x_26910": 515369.3675550116, "y_26910": 5973228.801231101, "trips_per_busiest_weekday": 14, "frequency_band": 1, "route_count": 2, "routes": "12,47"}}, {"type": "Feature", "geometry": {"type": "Point", "coordinates": [-122.78034, 53.86644]}, "properties": {"stop_id": "105114", "stop_name": "5900 Blk Dakelh-Ti", "stop_code": "105114", "lon": -122.78034, "lat": 53.86644, "x_26910": 514444.6520206878, "y_26910": 5968684.241728941, "trips_per_busiest_weekday": 34, "frequency_band": 4, "route_count": 2, "routes": "12,89"}}, {"type": "Feature", "geometry": {"type": "Point", "coordinates": [-122.78887, 53.86289]}, "properties": {"stop_id": "105259", "stop_name": "Marleau Rd at Lalonde Rd", "stop_code": "105259", "lon": -122.78887, "lat": 53.86289, "x_26910": 513884.9028035652, "y_26910": 5968287.57369232, "trips_per_busiest_weekday": 34, "frequency_band": 4, "route_count": 1, "routes": "88"}}, {"type": "Feature", "geometry": {"type": "Point", "coordinates": [-122.78229, 53.91791]}, "properties": {"stop_id": "105016", "stop_name": "Spruceland Exch Bay C", "stop_code": "105016", "lon": -122.78229, "lat": 53.91791, "x_26910": 514298.84238081065, "y_26910": 5974410.307375978, "trips_per_busiest_weekday": 58, "frequency_band": 5, "route_count": 1, "routes": "10"}}, {"type": "Feature", "geometry": {"type": "Point", "coordinates": [-122.74808, 53.9137]}, "properties": {"stop_id": "105001", "stop_name": "Downtown Exch Bay B", "stop_code": "105001", "lon": -122.74808, "lat": 53.9137, "x_26910": 516547.36037169315, "y_26910": 5973949.350664462, "trips_per_busiest_weekday": 38, "frequency_band": 5, "route_count": 1, "routes": "55"}}, {"type": "Feature", "geometry": {"type": "Point", "coordinates": [-122.75177, 53.91868]}, "properties": {"stop_id": "105161", "stop_name": "3rd Ave at Vancouver St", "stop_code": "105161", "lon": -122.75177, "lat": 53.91868, "x_26910": 516303.0432993429, "y_26910": 5974502.563577629, "trips_per_busiest_weekday": 19, "frequency_band": 2, "route_count": 1, "routes": "55"}}, {"type": "Feature", "geometry": {"type": "Point", "coordinates": [-122.77125, 53.92076]}, "properties": {"stop_id": "105121", "stop_name": "5th Ave at Douglas St", "stop_code": "105121", "lon": -122.77125, "lat": 53.92076, "x_26910": 515022.9075289385, "y_26910": 5974729.677806378, "trips_per_busiest_weekday": 19, "frequency_band": 2, "route_count": 1, "routes": "55"}}, {"type": "Feature", "geometry": {"type": "Point", "coordinates": [-122.78469, 53.88407]}, "properties": {"stop_id": "105441", "stop_name": "Ospika Blvd at Range Rd", "stop_code": "105441", "lon": -122.78469, "lat": 53.88407, "x_26910": 514152.64636485965, "y_26910": 5970644.841857903, "trips_per_busiest_weekday": 34, "frequency_band": 4, "route_count": 1, "routes": "88"}}, {"type": "Feature", "geometry": {"type": "Point", "coordinates": [-122.78413, 53.87631]}, "properties": {"stop_id": "105424", "stop_name": "Davis Rd at Baker Rd", "stop_code": "105424", "lon": -122.78413, "lat": 53.87631, "x_26910": 514192.0835555814, "y_26910": 5969781.591607101, "trips_per_busiest_weekday": 34, "frequency_band": 4, "route_count": 1, "routes": "88"}}, {"type": "Feature", "geometry": {"type": "Point", "coordinates": [-122.76767, 53.96493]}, "properties": {"stop_id": "105525", "stop_name": "Hwy 97 at Noranda Rd W", "stop_code": "105525", "lon": -122.76767, "lat": 53.96493, "x_26910": 515241.9099261862, "y_26910": 5979644.758417537, "trips_per_busiest_weekday": 37, "frequency_band": 5, "route_count": 2, "routes": "88,97"}}, {"type": "Feature", "geometry": {"type": "Point", "coordinates": [-122.7474, 53.91367]}, "properties": {"stop_id": "105000", "stop_name": "Downtown Exch Bay C", "stop_code": "105000", "lon": -122.7474, "lat": 53.91367, "x_26910": 516592.0379622757, "y_26910": 5973946.171830306, "trips_per_busiest_weekday": 57, "frequency_band": 5, "route_count": 2, "routes": "47,5"}}, {"type": "Feature", "geometry": {"type": "Point", "coordinates": [-122.75203, 53.91453]}, "properties": {"stop_id": "105128", "stop_name": "Victoria St at 7th Ave", "stop_code": "105128", "lon": -122.75203, "lat": 53.91453, "x_26910": 516287.58221667854, "y_26910": 5974040.780592559, "trips_per_busiest_weekday": 21, "frequency_band": 3, "route_count": 1, "routes": "5"}}, {"type": "Feature", "geometry": {"type": "Point", "coordinates": [-122.75322, 53.91299]}, "properties": {"stop_id": "105127", "stop_name": "Victoria St at 9th Ave", "stop_code": "105127", "lon": -122.75322, "lat": 53.91299, "x_26910": 516210.01516921946, "y_26910": 5973869.169686519, "trips_per_busiest_weekday": 21, "frequency_band": 3, "route_count": 1, "routes": "5"}}, {"type": "Feature", "geometry": {"type": "Point", "coordinates": [-122.75454, 53.91142]}, "properties": {"stop_id": "105126", "stop_name": "Victoria St at 11th Ave", "stop_code": "105126", "lon": -122.75454, "lat": 53.91142, "x_26910": 516123.91442055715, "y_26910": 5973694.192799922, "trips_per_busiest_weekday": 21, "frequency_band": 3, "route_count": 1, "routes": "5"}}, {"type": "Feature", "geometry": {"type": "Point", "coordinates": [-122.75536, 53.90807]}, "properties": {"stop_id": "105125", "stop_name": "Victoria St at 17th Ave", "stop_code": "105125", "lon": -122.75536, "lat": 53.90807, "x_26910": 516071.3359124423, "y_26910": 5973321.2906913515, "trips_per_busiest_weekday": 21, "frequency_band": 3, "route_count": 1, "routes": "5"}}, {"type": "Feature", "geometry": {"type": "Point", "coordinates": [-122.75526, 53.90479]}, "properties": {"stop_id": "105124", "stop_name": "Victoria St at 20th Ave", "stop_code": "105124", "lon": -122.75526, "lat": 53.90479, "x_26910": 516079.164883732, "y_26910": 5972956.385719891, "trips_per_busiest_weekday": 21, "frequency_band": 3, "route_count": 1, "routes": "5"}}, {"type": "Feature", "geometry": {"type": "Point", "coordinates": [-122.75522, 53.90178]}, "properties": {"stop_id": "105119", "stop_name": "Victoria St at Strathcona Ave", "stop_code": "105119", "lon": -122.75522, "lat": 53.90178, "x_26910": 516082.94889438763, "y_26910": 5972621.507100703, "trips_per_busiest_weekday": 21, "frequency_band": 3, "route_count": 1, "routes": "5"}}, {"type": "Feature", "geometry": {"type": "Point", "coordinates": [-122.75529, 53.89746]}, "properties": {"stop_id": "105164", "stop_name": "Victoria St at Diefenbaker Dr", "stop_code": "105164", "lon": -122.75529, "lat": 53.89746, "x_26910": 516080.00828314933, "y_26910": 5972140.855366441, "trips_per_busiest_weekday": 21, "frequency_band": 3, "route_count": 1, "routes": "5"}}, {"type": "Feature", "geometry": {"type": "Point", "coordinates": [-122.7602, 53.89855]}, "properties": {"stop_id": "105163", "stop_name": "Pearson Ave at Upland St", "stop_code": "105163", "lon": -122.7602, "lat": 53.89855, "x_26910": 515756.9603787471, "y_26910": 5972261.024696446, "trips_per_busiest_weekday": 21, "frequency_band": 3, "route_count": 1, "routes": "5"}}, {"type": "Feature", "geometry": {"type": "Point", "coordinates": [-122.76072, 53.89612]}, "properties": {"stop_id": "105342", "stop_name": "Upland St at St Laurent Ave", "stop_code": "105342", "lon": -122.76072, "lat": 53.89612, "x_26910": 515723.70413937635, "y_26910": 5971990.55167546, "trips_per_busiest_weekday": 21, "frequency_band": 3, "route_count": 1, "routes": "5"}}, {"type": "Feature", "geometry": {"type": "Point", "coordinates": [-122.76071, 53.89351]}, "properties": {"stop_id": "105341", "stop_name": "Upland St at Lonsdale St", "stop_code": "105341", "lon": -122.76071, "lat": 53.89351, "x_26910": 515725.34110207786, "y_26910": 5971700.169925506, "trips_per_busiest_weekday": 21, "frequency_band": 3, "route_count": 1, "routes": "5"}}, {"type": "Feature", "geometry": {"type": "Point", "coordinates": [-122.76073, 53.89233]}, "properties": {"stop_id": "105242", "stop_name": "Upland St at McKenzie Ave", "stop_code": "105242", "lon": -122.76073, "lat": 53.89233, "x_26910": 515724.469715186, "y_26910": 5971568.880826901, "trips_per_busiest_weekday": 21, "frequency_band": 3, "route_count": 1, "routes": "5"}}, {"type": "Feature", "geometry": {"type": "Point", "coordinates": [-122.7608, 53.88968]}, "properties": {"stop_id": "105245", "stop_name": "Upland St at Rebman Cres", "stop_code": "105245", "lon": -122.7608, "lat": 53.88968, "x_26910": 515720.8638588717, "y_26910": 5971274.031199379, "trips_per_busiest_weekday": 21, "frequency_band": 3, "route_count": 1, "routes": "5"}}, {"type": "Feature", "geometry": {"type": "Point", "coordinates": [-122.76132, 53.88885]}, "properties": {"stop_id": "105241", "stop_name": "Ferry Ave at Upland St", "stop_code": "105241", "lon": -122.76132, "lat": 53.88885, "x_26910": 515686.998907609, "y_26910": 5971181.571814689, "trips_per_busiest_weekday": 35, "frequency_band": 4, "route_count": 2, "routes": "46,5"}}, {"type": "Feature", "geometry": {"type": "Point", "coordinates": [-122.76249, 53.88798]}, "properties": {"stop_id": "105244", "stop_name": "Lansdowne Rd at McInnis Ave", "stop_code": "105244", "lon": -122.76249, "lat": 53.88798, "x_26910": 515610.4261449746, "y_26910": 5971084.5191020975, "trips_per_busiest_weekday": 40, "frequency_band": 5, "route_count": 2, "routes": "5,55"}}, {"type": "Feature", "geometry": {"type": "Point", "coordinates": [-122.76552, 53.88405]}, "properties": {"stop_id": "105240", "stop_name": "Lansdowne Rd at Sinclair Rd", "stop_code": "105240", "lon": -122.76552, "lat": 53.88405, "x_26910": 515412.7242645202, "y_26910": 5970646.612206168, "trips_per_busiest_weekday": 41, "frequency_band": 5, "route_count": 2, "routes": "5,55"}}, {"type": "Feature", "geometry": {"type": "Point", "coordinates": [-122.76223, 53.88765]}, "properties": {"stop_id": "105239", "stop_name": "Lansdowne Rd at Runnalls Ave", "stop_code": "105239", "lon": -122.76223, "lat": 53.88765, "x_26910": 515627.6377937364, "y_26910": 5971047.86118869, "trips_per_busiest_weekday": 41, "frequency_band": 5, "route_count": 2, "routes": "5,55"}}, {"type": "Feature", "geometry": {"type": "Point", "coordinates": [-122.7714, 53.8888]}, "properties": {"stop_id": "105238", "stop_name": "Ferry Ave at Recplace Dr", "stop_code": "105238", "lon": -122.7714, "lat": 53.8888, "x_26910": 515024.5202411653, "y_26910": 5971173.8264044095, "trips_per_busiest_weekday": 22, "frequency_band": 3, "route_count": 1, "routes": "5"}}, {"type": "Feature", "geometry": {"type": "Point", "coordinates": [-122.78022, 53.88834]}, "properties": {"stop_id": "105237", "stop_name": "Ferry Ave at Westwood Dr", "stop_code": "105237", "lon": -122.78022, "lat": 53.88834, "x_26910": 514444.9935091672, "y_26910": 5971120.815203088, "trips_per_busiest_weekday": 70, "frequency_band": 5, "route_count": 3, "routes": "46,5,88"}}, {"type": "Feature", "geometry": {"type": "Point", "coordinates": [-122.78699, 53.88862]}, "properties": {"stop_id": "105236", "stop_name": "Ospika Blvd at Ferry Ave", "stop_code": "105236", "lon": -122.78699, "lat": 53.88862, "x_26910": 513999.94377619604, "y_26910": 5971150.609847968, "trips_per_busiest_weekday": 36, "frequency_band": 4, "route_count": 2, "routes": "46,5"}}, {"type": "Feature", "geometry": {"type": "Point", "coordinates": [-122.78878, 53.89243]}, "properties": {"stop_id": "105235", "stop_name": "Ospika Blvd at Pinewood Ave", "stop_code": "105235", "lon": -122.78878, "lat": 53.89243, "x_26910": 513881.03487147944, "y_26910": 5971574.151767547, "trips_per_busiest_weekday": 36, "frequency_band": 4, "route_count": 2, "routes": "46,5"}}, {"type": "Feature", "geometry": {"type": "Point", "coordinates": [-122.78876, 53.89619]}, "properties": {"stop_id": "105234", "stop_name": "Ospika Blvd at Dufferin Ave", "stop_code": "105234", "lon": -122.78876, "lat": 53.89619, "x_26910": 513881.1031449927, "y_26910": 5971992.486818421, "trips_per_busiest_weekday": 36, "frequency_band": 4, "route_count": 2, "routes": "46,5"}}, {"type": "Feature", "geometry": {"type": "Point", "coordinates": [-122.79, 53.89933]}, "properties": {"stop_id": "105233", "stop_name": "Massey Dr at Ospika Blvd", "stop_code": "105233", "lon": -122.79, "lat": 53.89933, "x_26910": 513798.585230991, "y_26910": 5972341.596020857, "trips_per_busiest_weekday": 55, "frequency_band": 5, "route_count": 3, "routes": "46,5,55"}}, {"type": "Feature", "geometry": {"type": "Point", "coordinates": [-122.7862, 53.89945]}, "properties": {"stop_id": "105232", "stop_name": "Massey Dr at Vanier Dr", "stop_code": "105232", "lon": -122.7862, "lat": 53.89945, "x_26910": 514048.23331246054, "y_26910": 5972355.693148847, "trips_per_busiest_weekday": 55, "frequency_band": 5, "route_count": 3, "routes": "46,5,55"}}, {"type": "Feature", "geometry": {"type": "Point", "coordinates": [-122.78326, 53.89972]}, "properties": {"stop_id": "105068", "stop_name": "Massey Dr at Westwood Dr", "stop_code": "105068", "lon": -122.78326, "lat": 53.89972, "x_26910": 514241.3208522827, "y_26910": 5972386.319351887, "trips_per_busiest_weekday": 55, "frequency_band": 5, "route_count": 3, "routes": "47,5,55"}}, {"type": "Feature", "geometry": {"type": "Point", "coordinates": [-122.78662, 53.8997]}, "properties": {"stop_id": "105330", "stop_name": "Massey Dr at Vanier Dr", "stop_code": "105330", "lon": -122.78662, "lat": 53.8997, "x_26910": 514020.5525637971, "y_26910": 5972383.424618508, "trips_per_busiest_weekday": 55, "frequency_band": 5, "route_count": 3, "routes": "47,5,55"}}, {"type": "Feature", "geometry": {"type": "Point", "coordinates": [-122.78954, 53.89969]}, "properties": {"stop_id": "105331", "stop_name": "Massey Dr at Nicholson St", "stop_code": "105331", "lon": -122.78954, "lat": 53.89969, "x_26910": 513828.6917878786, "y_26910": 5972381.738645841, "trips_per_busiest_weekday": 55, "frequency_band": 5, "route_count": 3, "routes": "47,5,55"}}, {"type": "Feature", "geometry": {"type": "Point", "coordinates": [-122.79171, 53.89949]}, "properties": {"stop_id": "105332", "stop_name": "Ospika Blvd at Massey Dr", "stop_code": "105332", "lon": -122.79171, "lat": 53.89949, "x_26910": 513686.1731860754, "y_26910": 5972359.065971707, "trips_per_busiest_weekday": 22, "frequency_band": 3, "route_count": 1, "routes": "5"}}, {"type": "Feature", "geometry": {"type": "Point", "coordinates": [-122.79566, 53.90187]}, "properties": {"stop_id": "105333", "stop_name": "Ospika Blvd at Campbell Ave", "stop_code": "105333", "lon": -122.79566, "lat": 53.90187, "x_26910": 513425.86664763466, "y_26910": 5972623.105865001, "trips_per_busiest_weekday": 22, "frequency_band": 3, "route_count": 1, "routes": "5"}}, {"type": "Feature", "geometry": {"type": "Point", "coordinates": [-122.79726, 53.90471]}, "properties": {"stop_id": "105334", "stop_name": "Ospika Blvd at CN Centre", "stop_code": "105334", "lon": -122.79726, "lat": 53.90471, "x_26910": 513319.83764734666, "y_26910": 5972938.778154819, "trips_per_busiest_weekday": 22, "frequency_band": 3, "route_count": 1, "routes": "5"}}, {"type": "Feature", "geometry": {"type": "Point", "coordinates": [-122.79843, 53.90739]}, "properties": {"stop_id": "105335", "stop_name": "18th Ave at Ospika Blvd", "stop_code": "105335", "lon": -122.79843, "lat": 53.90739, "x_26910": 513242.12214312033, "y_26910": 5973236.73183926, "trips_per_busiest_weekday": 22, "frequency_band": 3, "route_count": 1, "routes": "5"}}, {"type": "Feature", "geometry": {"type": "Point", "coordinates": [-122.80337, 53.9074]}, "properties": {"stop_id": "105336", "stop_name": "18th Ave at George Paul Lane", "stop_code": "105336", "lon": -122.80337, "lat": 53.9074, "x_26910": 512917.5866171927, "y_26910": 5973236.933137635, "trips_per_busiest_weekday": 22, "frequency_band": 3, "route_count": 1, "routes": "5"}}, {"type": "Feature", "geometry": {"type": "Point", "coordinates": [-122.81073, 53.91021]}, "properties": {"stop_id": "105064", "stop_name": "15th Ave at Foothills Blvd", "stop_code": "105064", "lon": -122.81073, "lat": 53.91021, "x_26910": 512433.2382035629, "y_26910": 5973548.254024509, "trips_per_busiest_weekday": 73, "frequency_band": 5, "route_count": 3, "routes": "11,15,5"}}, {"type": "Feature", "geometry": {"type": "Point", "coordinates": [-122.80683, 53.91109]}, "properties": {"stop_id": "105322", "stop_name": "Tabor Blvd at Genevieve Cres", "stop_code": "105322", "lon": -122.80683, "lat": 53.91109, "x_26910": 512689.16405681695, "y_26910": 5973646.852554105, "trips_per_busiest_weekday": 41, "frequency_band": 5, "route_count": 2, "routes": "11,5"}}, {"type": "Feature", "geometry": {"type": "Point", "coordinates": [-122.80687, 53.91521]}, "properties": {"stop_id": "105338", "stop_name": "Tabor Blvd at Davie Ave", "stop_code": "105338", "lon": -122.80687, "lat": 53.91521, "x_26910": 512685.28785232996, "y_26910": 5974105.231114692, "trips_per_busiest_weekday": 22, "frequency_band": 3, "route_count": 1, "routes": "5"}}, {"type": "Feature", "geometry": {"type": "Point", "coordinates": [-122.80687, 53.91708]}, "properties": {"stop_id": "105339", "stop_name": "Tabor Blvd at Granite Ave", "stop_code": "105339", "lon": -122.80687, "lat": 53.91708, "x_26910": 512684.72109182423, "y_26910": 5974313.284931086, "trips_per_busiest_weekday": 22, "frequency_band": 3, "route_count": 1, "routes": "5"}}, {"type": "Feature", "geometry": {"type": "Point", "coordinates": [-122.80734, 53.9195]}, "properties": {"stop_id": "105340", "stop_name": "Tabor Blvd at Quentin Ave", "stop_code": "105340", "lon": -122.80734, "lat": 53.9195, "x_26910": 512653.1199768119, "y_26910": 5974582.447155117, "trips_per_busiest_weekday": 22, "frequency_band": 3, "route_count": 1, "routes": "5"}}, {"type": "Feature", "geometry": {"type": "Point", "coordinates": [-122.80582, 53.92052]}, "properties": {"stop_id": "105061", "stop_name": "5th Ave at Tabor Blvd", "stop_code": "105061", "lon": -122.80582, "lat": 53.92052, "x_26910": 512752.6363987249, "y_26910": 5974696.20348617, "trips_per_busiest_weekday": 22, "frequency_band": 3, "route_count": 1, "routes": "5"}}, {"type": "Feature", "geometry": {"type": "Point", "coordinates": [-122.80171, 53.92054]}, "properties": {"stop_id": "105062", "stop_name": "5th Ave at Lacoma St", "stop_code": "105062", "lon": -122.80171, "lat": 53.92054, "x_26910": 513022.5512393846, "y_26910": 5974699.17581867, "trips_per_busiest_weekday": 22, "frequency_band": 3, "route_count": 1, "routes": "5"}}, {"type": "Feature", "geometry": {"type": "Point", "coordinates": [-122.79871, 53.92054]}, "properties": {"stop_id": "105081", "stop_name": "5th Ave at Kerry St", "stop_code": "105081", "lon": -122.79871, "lat": 53.92054, "x_26910": 513219.57380718907, "y_26910": 5974699.731068285, "trips_per_busiest_weekday": 22, "frequency_band": 3, "route_count": 1, "routes": "5"}}, {"type": "Feature", "geometry": {"type": "Point", "coordinates": [-122.79274, 53.92049]}, "properties": {"stop_id": "105082", "stop_name": "5th Ave at Ruggles St", "stop_code": "105082", "lon": -122.79274, "lat": 53.92049, "x_26910": 513611.6649476721, "y_26910": 5974695.297880736, "trips_per_busiest_weekday": 45, "frequency_band": 5, "route_count": 2, "routes": "1,5"}}, {"type": "Feature", "geometry": {"type": "Point", "coordinates": [-122.79045, 53.92049]}, "properties": {"stop_id": "105246", "stop_name": "5th Ave at Patterson St", "stop_code": "105246", "lon": -122.79045, "lat": 53.92049, "x_26910": 513762.0589961784, "y_26910": 5974695.739997731, "trips_per_busiest_weekday": 45, "frequency_band": 5, "route_count": 2, "routes": "1,5"}}, {"type": "Feature", "geometry": {"type": "Point", "coordinates": [-122.78678, 53.92051]}, "properties": {"stop_id": "105247", "stop_name": "5th Ave at Nicholson St", "stop_code": "105247", "lon": -122.78678, "lat": 53.92051, "x_26910": 514003.0768127586, "y_26910": 5974698.68385019, "trips_per_busiest_weekday": 45, "frequency_band": 5, "route_count": 2, "routes": "1,5"}}, {"type": "Feature", "geometry": {"type": "Point", "coordinates": [-122.77924, 53.92049]}, "properties": {"stop_id": "105145", "stop_name": "5th Ave at Johnson St", "stop_code": "105145", "lon": -122.77924, "lat": 53.92049, "x_26910": 514498.2673187368, "y_26910": 5974697.974345222, "trips_per_busiest_weekday": 22, "frequency_band": 3, "route_count": 1, "routes": "5"}}, {"type": "Feature", "geometry": {"type": "Point", "coordinates": [-122.77628, 53.9205]}, "properties": {"stop_id": "105144", "stop_name": "5th Ave at Harper St", "stop_code": "105144", "lon": -122.77628, "lat": 53.9205, "x_26910": 514692.6595544658, "y_26910": 5974699.696339956, "trips_per_busiest_weekday": 22, "frequency_band": 3, "route_count": 1, "routes": "5"}}, {"type": "Feature", "geometry": {"type": "Point", "coordinates": [-122.77327, 53.92052]}, "properties": {"stop_id": "105138", "stop_name": "5th Ave at Freeman St", "stop_code": "105138", "lon": -122.77327, "lat": 53.92052, "x_26910": 514890.3318370701, "y_26910": 5974702.54953945, "trips_per_busiest_weekday": 22, "frequency_band": 3, "route_count": 1, "routes": "5"}}, {"type": "Feature", "geometry": {"type": "Point", "coordinates": [-122.77025, 53.92051]}, "properties": {"stop_id": "105137", "stop_name": "5th Ave at Douglas St", "stop_code": "105137", "lon": -122.77025, "lat": 53.92051, "x_26910": 515088.6714767333, "y_26910": 5974702.075498429, "trips_per_busiest_weekday": 22, "frequency_band": 3, "route_count": 1, "routes": "5"}}, {"type": "Feature", "geometry": {"type": "Point", "coordinates": [-122.76747, 53.92052]}, "properties": {"stop_id": "105133", "stop_name": "5th Ave at Burden St", "stop_code": "105133", "lon": -122.76747, "lat": 53.92052, "x_26910": 515271.2420896726, "y_26910": 5974703.78335514, "trips_per_busiest_weekday": 22, "frequency_band": 3, "route_count": 1, "routes": "5"}}, {"type": "Feature", "geometry": {"type": "Point", "coordinates": [-122.76591, 53.91958]}, "properties": {"stop_id": "105132", "stop_name": "6th Ave at Alward St", "stop_code": "105132", "lon": -122.76591, "lat": 53.91958, "x_26910": 515374.03914017073, "y_26910": 5974599.537342255, "trips_per_busiest_weekday": 22, "frequency_band": 3, "route_count": 1, "routes": "5"}}, {"type": "Feature", "geometry": {"type": "Point", "coordinates": [-122.7647, 53.92056]}, "properties": {"stop_id": "105131", "stop_name": "5th Ave at Wainwright St", "stop_code": "105131", "lon": -122.7647, "lat": 53.92056, "x_26910": 515453.14478440105, "y_26910": 5974708.83395284, "trips_per_busiest_weekday": 22, "frequency_band": 3, "route_count": 1, "routes": "5"}}, {"type": "Feature", "geometry": {"type": "Point", "coordinates": [-122.76154, 53.92051]}, "properties": {"stop_id": "105130", "stop_name": "5th Ave at Melville Ave", "stop_code": "105130", "lon": -122.76154, "lat": 53.92051, "x_26910": 515660.69367880526, "y_26910": 5974703.96445778, "trips_per_busiest_weekday": 22, "frequency_band": 3, "route_count": 1, "routes": "5"}}, {"type": "Feature", "geometry": {"type": "Point", "coordinates": [-122.75642, 53.91895]}, "properties": {"stop_id": "105129", "stop_name": "4th Ave at Edmonton St", "stop_code": "105129", "lon": -122.75642, "lat": 53.91895, "x_26910": 515997.5418259881, "y_26910": 5974531.544106033, "trips_per_busiest_weekday": 22, "frequency_band": 3, "route_count": 1, "routes": "5"}}, {"type": "Feature", "geometry": {"type": "Point", "coordinates": [-122.75301, 53.91797]}, "properties": {"stop_id": "105143", "stop_name": "4th Ave at Prince Rupert St", "stop_code": "105143", "lon": -122.75301, "lat": 53.91797, "x_26910": 516221.8789726145, "y_26910": 5974423.2854996305, "trips_per_busiest_weekday": 22, "frequency_band": 3, "route_count": 1, "routes": "5"}}, {"type": "Feature", "geometry": {"type": "Point", "coordinates": [-122.75094, 53.91739]}, "properties": {"stop_id": "105209", "stop_name": "4th Ave at Vancouver St", "stop_code": "105209", "lon": -122.75094, "lat": 53.91739, "x_26910": 516358.05945558916, "y_26910": 5974359.231129697, "trips_per_busiest_weekday": 51, "frequency_band": 5, "route_count": 2, "routes": "10,5"}}, {"type": "Feature", "geometry": {"type": "Point", "coordinates": [-122.74849, 53.91668]}, "properties": {"stop_id": "105208", "stop_name": "4th Ave at Brunswick St", "stop_code": "105208", "lon": -122.74849, "lat": 53.91668, "x_26910": 516519.25339905167, "y_26910": 5974280.8055989975, "trips_per_busiest_weekday": 51, "frequency_band": 5, "route_count": 2, "routes": "10,5"}}, {"type": "Feature", "geometry": {"type": "Point", "coordinates": [-122.74634, 53.91441]}, "properties": {"stop_id": "105094", "stop_name": "Dominion St at 6th Ave", "stop_code": "105094", "lon": -122.74634, "lat": 53.91441, "x_26910": 516661.3693881098, "y_26910": 5974028.751740496, "trips_per_busiest_weekday": 111, "frequency_band": 5, "route_count": 5, "routes": "10,15,46,47,5"}}, {"type": "Feature", "geometry": {"type": "Point", "coordinates": [-122.74733, 53.91313]}, "properties": {"stop_id": "105002", "stop_name": "Downtown Exch Bay A", "stop_code": "105002", "lon": -122.74733, "lat": 53.91313, "x_26910": 516596.85001707415, "y_26910": 5973886.108604342, "trips_per_busiest_weekday": 175, "frequency_band": 5, "route_count": 4, "routes": "10,15,46,47"}}, {"type": "Feature", "geometry": {"type": "Point", "coordinates": [-122.75123, 53.91131]}, "properties": {"stop_id": "180035", "stop_name": "Patricia Blvd at 10th Ave", "stop_code": "180035", "lon": -122.75123, "lat": 53.91131, "x_26910": 516341.3860874141, "y_26910": 5973682.712182286, "trips_per_busiest_weekday": 72, "frequency_band": 5, "route_count": 3, "routes": "10,15,47"}}, {"type": "Feature", "geometry": {"type": "Point", "coordinates": [-122.75651, 53.91032]}, "properties": {"stop_id": "105091", "stop_name": "15th Ave at Victoria St", "stop_code": "105091", "lon": -122.75651, "lat": 53.91032, "x_26910": 515994.9284861192, "y_26910": 5973571.362225856, "trips_per_busiest_weekday": 72, "frequency_band": 5, "route_count": 3, "routes": "10,15,47"}}, {"type": "Feature", "geometry": {"type": "Point", "coordinates": [-122.75878, 53.90985]}, "properties": {"stop_id": "105090", "stop_name": "15th Ave at Spruce St", "stop_code": "105090", "lon": -122.75878, "lat": 53.90985, "x_26910": 515845.98970422, "y_26910": 5973518.561021121, "trips_per_busiest_weekday": 59, "frequency_band": 5, "route_count": 2, "routes": "10,15"}}, {"type": "Feature", "geometry": {"type": "Point", "coordinates": [-122.76571, 53.91046]}, "properties": {"stop_id": "105089", "stop_name": "15th Ave at Alward St - UHNBC", "stop_code": "105089", "lon": -122.76571, "lat": 53.91046, "x_26910": 515390.52740452363, "y_26910": 5973584.902179198, "trips_per_busiest_weekday": 30, "frequency_band": 4, "route_count": 1, "routes": "15"}}, {"type": "Feature", "geometry": {"type": "Point", "coordinates": [-122.76973, 53.91046]}, "properties": {"stop_id": "105088", "stop_name": "15th Ave at Carney St", "stop_code": "105088", "lon": -122.76973, "lat": 53.91046, "x_26910": 515126.45374537865, "y_26910": 5973584.037051171, "trips_per_busiest_weekday": 43, "frequency_band": 5, "route_count": 2, "routes": "15,47"}}, {"type": "Feature", "geometry": {"type": "Point", "coordinates": [-122.7727, 53.91048]}, "properties": {"stop_id": "105087", "stop_name": "15th Ave at Ewert St", "stop_code": "105087", "lon": -122.7727, "lat": 53.91048, "x_26910": 514931.34740126156, "y_26910": 5973585.632677528, "trips_per_busiest_weekday": 43, "frequency_band": 5, "route_count": 2, "routes": "15,47"}}, {"type": "Feature", "geometry": {"type": "Point", "coordinates": [-122.77562, 53.91046]}, "properties": {"stop_id": "105086", "stop_name": "15th Ave at Gillett St", "stop_code": "105086", "lon": -122.77562, "lat": 53.91046, "x_26910": 514739.5398108177, "y_26910": 5973582.796527798, "trips_per_busiest_weekday": 43, "frequency_band": 5, "route_count": 2, "routes": "15,47"}}, {"type": "Feature", "geometry": {"type": "Point", "coordinates": [-122.77921, 53.9105]}, "properties": {"stop_id": "105085", "stop_name": "15th Ave at Johnson St", "stop_code": "105085", "lon": -122.77921, "lat": 53.9105, "x_26910": 514503.6989297548, "y_26910": 5973586.506527609, "trips_per_busiest_weekday": 43, "frequency_band": 5, "route_count": 2, "routes": "15,47"}}, {"type": "Feature", "geometry": {"type": "Point", "coordinates": [-122.78318, 53.9105]}, "properties": {"stop_id": "105084", "stop_name": "15th Ave at Central St W", "stop_code": "105084", "lon": -122.78318, "lat": 53.9105, "x_26910": 514242.90994435066, "y_26910": 5973585.70172399, "trips_per_busiest_weekday": 43, "frequency_band": 5, "route_count": 2, "routes": "15,47"}}, {"type": "Feature", "geometry": {"type": "Point", "coordinates": [-122.78704, 53.91047]}, "properties": {"stop_id": "105003", "stop_name": "Nicholson Exch Bay D", "stop_code": "105003", "lon": -122.78704, "lat": 53.91047, "x_26910": 513989.3568554825, "y_26910": 5973581.595463512, "trips_per_busiest_weekday": 30, "frequency_band": 4, "route_count": 1, "routes": "15"}}, {"type": "Feature", "geometry": {"type": "Point", "coordinates": [-122.79116, 53.91048]}, "properties": {"stop_id": "105083", "stop_name": "15th Ave at Liard Dr", "stop_code": "105083", "lon": -122.79116, "lat": 53.91048, "x_26910": 513718.71086816734, "y_26910": 5973581.903012033, "trips_per_busiest_weekday": 30, "frequency_band": 4, "route_count": 1, "routes": "15"}}, {"type": "Feature", "geometry": {"type": "Point", "coordinates": [-122.79552, 53.91049]}, "properties": {"stop_id": "105080", "stop_name": "15th Ave at Nation Cres", "stop_code": "105080", "lon": -122.79552, "lat": 53.91049, "x_26910": 513432.29939934594, "y_26910": 5973582.180792965, "trips_per_busiest_weekday": 30, "frequency_band": 4, "route_count": 1, "routes": "15"}}, {"type": "Feature", "geometry": {"type": "Point", "coordinates": [-122.80109, 53.9105]}, "properties": {"stop_id": "105079", "stop_name": "15th Ave at Drummond St", "stop_code": "105079", "lon": -122.80109, "lat": 53.9105, "x_26910": 513066.40320967574, "y_26910": 5973582.252518916, "trips_per_busiest_weekday": 30, "frequency_band": 4, "route_count": 1, "routes": "15"}}, {"type": "Feature", "geometry": {"type": "Point", "coordinates": [-122.80402, 53.91049]}, "properties": {"stop_id": "105078", "stop_name": "15th Ave at Jarvis St", "stop_code": "105078", "lon": -122.80402, "lat": 53.91049, "x_26910": 512873.9347376018, "y_26910": 5973580.603943967, "trips_per_busiest_weekday": 30, "frequency_band": 4, "route_count": 1, "routes": "15"}}, {"type": "Feature", "geometry": {"type": "Point", "coordinates": [-122.80861, 53.91051]}, "properties": {"stop_id": "105077", "stop_name": "15th Ave at Tabor Blvd", "stop_code": "105077", "lon": -122.80861, "lat": 53.91051, "x_26910": 512572.411777499, "y_26910": 5973582.005451379, "trips_per_busiest_weekday": 73, "frequency_band": 5, "route_count": 3, "routes": "1,15,55"}}, {"type": "Feature", "geometry": {"type": "Point", "coordinates": [-122.81246, 53.91049]}, "properties": {"stop_id": "105113", "stop_name": "University Way at Foothills Blvd", "stop_code": "105113", "lon": -122.81246, "lat": 53.91049, "x_26910": 512319.5113878881, "y_26910": 5973579.1044579465, "trips_per_busiest_weekday": 30, "frequency_band": 4, "route_count": 1, "routes": "15"}}, {"type": "Feature", "geometry": {"type": "Point", "coordinates": [-122.80374, 53.91019]}, "properties": {"stop_id": "180001", "stop_name": "15th Ave at Jarvis St", "stop_code": "180001", "lon": -122.80374, "lat": 53.91019, "x_26910": 512892.4203186758, "y_26910": 5973547.277237737, "trips_per_busiest_weekday": 32, "frequency_band": 4, "route_count": 1, "routes": "15"}}, {"type": "Feature", "geometry": {"type": "Point", "coordinates": [-122.7963, 53.91016]}, "properties": {"stop_id": "105066", "stop_name": "15th Ave at Nation Cres", "stop_code": "105066", "lon": -122.7963, "lat": 53.91016, "x_26910": 513381.1667166645, "y_26910": 5973545.317967946, "trips_per_busiest_weekday": 32, "frequency_band": 4, "route_count": 1, "routes": "15"}}, {"type": "Feature", "geometry": {"type": "Point", "coordinates": [-122.7863, 53.91015]}, "properties": {"stop_id": "105026", "stop_name": "Nicholson Exch Bay A", "stop_code": "105026", "lon": -122.7863, "lat": 53.91015, "x_26910": 514038.074744577, "y_26910": 5973546.138980143, "trips_per_busiest_weekday": 64, "frequency_band": 5, "route_count": 2, "routes": "15,89"}}, {"type": "Feature", "geometry": {"type": "Point", "coordinates": [-122.78065, 53.91023]}, "properties": {"stop_id": "105069", "stop_name": "15th Ave at Central St E", "stop_code": "105069", "lon": -122.78065, "lat": 53.91023, "x_26910": 514409.1983809251, "y_26910": 5973556.173109532, "trips_per_busiest_weekday": 46, "frequency_band": 5, "route_count": 2, "routes": "15,46"}}, {"type": "Feature", "geometry": {"type": "Point", "coordinates": [-122.7779, 53.91022]}, "properties": {"stop_id": "105071", "stop_name": "15th Ave at Irwin St", "stop_code": "105071", "lon": -122.7779, "lat": 53.91022, "x_26910": 514589.85030622466, "y_26910": 5973555.6229012245, "trips_per_busiest_weekday": 46, "frequency_band": 5, "route_count": 2, "routes": "15,46"}}, {"type": "Feature", "geometry": {"type": "Point", "coordinates": [-122.77482, 53.91024]}, "properties": {"stop_id": "105070", "stop_name": "15th Ave at Gillett St", "stop_code": "105070", "lon": -122.77482, "lat": 53.91024, "x_26910": 514792.16952831554, "y_26910": 5973558.486253008, "trips_per_busiest_weekday": 46, "frequency_band": 5, "route_count": 2, "routes": "15,46"}}, {"type": "Feature", "geometry": {"type": "Point", "coordinates": [-122.7719, 53.91027]}, "properties": {"stop_id": "105072", "stop_name": "15th Ave at Ewert St", "stop_code": "105072", "lon": -122.7719, "lat": 53.91027, "x_26910": 514983.97451917554, "y_26910": 5973562.437153822, "trips_per_busiest_weekday": 46, "frequency_band": 5, "route_count": 2, "routes": "15,46"}}, {"type": "Feature", "geometry": {"type": "Point", "coordinates": [-122.76887, 53.91024]}, "properties": {"stop_id": "105073", "stop_name": "15th Ave at Carney St", "stop_code": "105073", "lon": -122.76887, "lat": 53.91024, "x_26910": 515183.02690840384, "y_26910": 5973559.7439918965, "trips_per_busiest_weekday": 32, "frequency_band": 4, "route_count": 1, "routes": "15"}}, {"type": "Feature", "geometry": {"type": "Point", "coordinates": [-122.76613, 53.91025]}, "properties": {"stop_id": "105075", "stop_name": "15th Ave at Alward St - UHNBC", "stop_code": "105075", "lon": -122.76613, "lat": 53.91025, "x_26910": 515363.0146875979, "y_26910": 5973561.446801472, "trips_per_busiest_weekday": 32, "frequency_band": 4, "route_count": 1, "routes": "15"}}, {"type": "Feature", "geometry": {"type": "Point", "coordinates": [-122.75747, 53.90984]}, "properties": {"stop_id": "105074", "stop_name": "15th Ave at Spruce St", "stop_code": "105074", "lon": -122.75747, "lat": 53.90984, "x_26910": 515932.0485998095, "y_26910": 5973517.742003576, "trips_per_busiest_weekday": 46, "frequency_band": 5, "route_count": 2, "routes": "15,46"}}, {"type": "Feature", "geometry": {"type": "Point", "coordinates": [-122.75392, 53.91167]}, "properties": {"stop_id": "105136", "stop_name": "Victoria St at 11th Ave", "stop_code": "105136", "lon": -122.75392, "lat": 53.91167, "x_26910": 516164.54471439007, "y_26910": 5973722.148605014, "trips_per_busiest_weekday": 65, "frequency_band": 5, "route_count": 3, "routes": "15,46,55"}}, {"type": "Feature", "geometry": {"type": "Point", "coordinates": [-122.75258, 53.91348]}, "properties": {"stop_id": "105135", "stop_name": "Victoria St at 9th Ave", "stop_code": "105135", "lon": -122.75258, "lat": 53.91348, "x_26910": 516251.8639425664, "y_26910": 5973923.832890096, "trips_per_busiest_weekday": 65, "frequency_band": 5, "route_count": 3, "routes": "15,46,55"}}, {"type": "Feature", "geometry": {"type": "Point", "coordinates": [-122.75104, 53.91538]}, "properties": {"stop_id": "105134", "stop_name": "Victoria St at 6th Ave", "stop_code": "105134", "lon": -122.75104, "lat": 53.91538, "x_26910": 516352.2768494263, "y_26910": 5974135.578270702, "trips_per_busiest_weekday": 60, "frequency_band": 5, "route_count": 3, "routes": "15,46,47"}}, {"type": "Feature", "geometry": {"type": "Point", "coordinates": [-122.75012, 53.91647]}, "properties": {"stop_id": "105100", "stop_name": "Victoria St at 5th Ave", "stop_code": "105100", "lon": -122.75012, "lat": 53.91647, "x_26910": 516412.2770603293, "y_26910": 5974257.06272264, "trips_per_busiest_weekday": 46, "frequency_band": 5, "route_count": 2, "routes": "15,47"}}, {"type": "Feature", "geometry": {"type": "Point", "coordinates": [-122.74917, 53.91764]}, "properties": {"stop_id": "105098", "stop_name": "Victoria St at 3rd Ave", "stop_code": "105098", "lon": -122.74917, "lat": 53.91764, "x_26910": 516474.2129893621, "y_26910": 5974387.455636031, "trips_per_busiest_weekday": 46, "frequency_band": 5, "route_count": 2, "routes": "15,47"}}, {"type": "Feature", "geometry": {"type": "Point", "coordinates": [-122.74381, 53.91876]}, "properties": {"stop_id": "105097", "stop_name": "1st Ave at Quebec St", "stop_code": "105097", "lon": -122.74381, "lat": 53.91876, "x_26910": 516825.8003407038, "y_26910": 5974513.324119101, "trips_per_busiest_weekday": 60, "frequency_band": 5, "route_count": 3, "routes": "15,46,47"}}, {"type": "Feature", "geometry": {"type": "Point", "coordinates": [-122.74383, 53.9176]}, "properties": {"stop_id": "105096", "stop_name": "Dominion St at 2nd Ave", "stop_code": "105096", "lon": -122.74383, "lat": 53.9176, "x_26910": 516824.95314679673, "y_26910": 5974384.259377284, "trips_per_busiest_weekday": 60, "frequency_band": 5, "route_count": 3, "routes": "15,46,47"}}, {"type": "Feature", "geometry": {"type": "Point", "coordinates": [-122.74509, 53.91595]}, "properties": {"stop_id": "105095", "stop_name": "Dominion St at 4th Ave", "stop_code": "105095", "lon": -122.74509, "lat": 53.91595, "x_26910": 516742.8580121994, "y_26910": 5974200.384408274, "trips_per_busiest_weekday": 60, "frequency_band": 5, "route_count": 3, "routes": "15,46,47"}}, {"type": "Feature", "geometry": {"type": "Point", "coordinates": [-122.76738, 53.85816]}, "properties": {"stop_id": "105372", "stop_name": "Domano Blvd at St Lawrence Ave", "stop_code": "105372", "lon": -122.76738, "lat": 53.85816, "x_26910": 515299.9095911254, "y_26910": 5967765.745179771, "trips_per_busiest_weekday": 29, "frequency_band": 4, "route_count": 1, "routes": "16"}}, {"type": "Feature", "geometry": {"type": "Point", "coordinates": [-122.77054, 53.85419]}, "properties": {"stop_id": "105371", "stop_name": "Domano Blvd at Gladstone Dr", "stop_code": "105371", "lon": -122.77054, "lat": 53.85419, "x_26910": 515093.4985111796, "y_26910": 5967323.375974339, "trips_per_busiest_weekday": 29, "frequency_band": 4, "route_count": 1, "routes": "16"}}, {"type": "Feature", "geometry": {"type": "Point", "coordinates": [-122.77087, 53.85254]}, "properties": {"stop_id": "105370", "stop_name": "Domano Blvd at Piedmont Cres", "stop_code": "105370", "lon": -122.77087, "lat": 53.85254, "x_26910": 515072.3845130686, "y_26910": 5967139.730986945, "trips_per_busiest_weekday": 29, "frequency_band": 4, "route_count": 1, "routes": "16"}}, {"type": "Feature", "geometry": {"type": "Point", "coordinates": [-122.77057, 53.85011]}, "properties": {"stop_id": "105369", "stop_name": "Domano Blvd at Malaspina Ave", "stop_code": "105369", "lon": -122.77057, "lat": 53.85011, "x_26910": 515092.9929421506, "y_26910": 5966869.439179284, "trips_per_busiest_weekday": 29, "frequency_band": 4, "route_count": 1, "routes": "16"}}, {"type": "Feature", "geometry": {"type": "Point", "coordinates": [-122.76874, 53.84888]}, "properties": {"stop_id": "105368", "stop_name": "Malaspina Ave at Prince Edward Cres", "stop_code": "105368", "lon": -122.76874, "lat": 53.84888, "x_26910": 515213.8248253335, "y_26910": 5966732.983385071, "trips_per_busiest_weekday": 29, "frequency_band": 4, "route_count": 1, "routes": "16"}}, {"type": "Feature", "geometry": {"type": "Point", "coordinates": [-122.7658, 53.8491]}, "properties": {"stop_id": "105049", "stop_name": "Malaspina Ave at Newcastle Cres", "stop_code": "105049", "lon": -122.7658, "lat": 53.8491, "x_26910": 515407.156517426, "y_26910": 5966758.094375323, "trips_per_busiest_weekday": 29, "frequency_band": 4, "route_count": 1, "routes": "16"}}, {"type": "Feature", "geometry": {"type": "Point", "coordinates": [-122.76207, 53.84967]}, "properties": {"stop_id": "105050", "stop_name": "Malaspina Ave at Loyola Cres", "stop_code": "105050", "lon": -122.76207, "lat": 53.84967, "x_26910": 515652.32642596145, "y_26910": 5966822.327439015, "trips_per_busiest_weekday": 29, "frequency_band": 4, "route_count": 1, "routes": "16"}}, {"type": "Feature", "geometry": {"type": "Point", "coordinates": [-122.76208, 53.85177]}, "properties": {"stop_id": "105051", "stop_name": "Loyola Dr at Rochester Cres", "stop_code": "105051", "lon": -122.76208, "lat": 53.85177, "x_26910": 515650.8851570197, "y_26910": 5967055.965788508, "trips_per_busiest_weekday": 29, "frequency_band": 4, "route_count": 1, "routes": "16"}}, {"type": "Feature", "geometry": {"type": "Point", "coordinates": [-122.7598, 53.85479]}, "properties": {"stop_id": "105052", "stop_name": "Gladstone Dr at Loyola Dr", "stop_code": "105052", "lon": -122.7598, "lat": 53.85479, "x_26910": 515799.7306949754, "y_26910": 5967392.468607342, "trips_per_busiest_weekday": 29, "frequency_band": 4, "route_count": 1, "routes": "16"}}, {"type": "Feature", "geometry": {"type": "Point", "coordinates": [-122.75773, 53.85539]}, "properties": {"stop_id": "105053", "stop_name": "Gladstone Dr at Jean De Brebeuf Cres", "stop_code": "105053", "lon": -122.75773, "lat": 53.85539, "x_26910": 515935.6617226434, "y_26910": 5967459.68603158, "trips_per_busiest_weekday": 29, "frequency_band": 4, "route_count": 1, "routes": "16"}}, {"type": "Feature", "geometry": {"type": "Point", "coordinates": [-122.76002, 53.8581]}, "properties": {"stop_id": "105054", "stop_name": "Gladstone Dr at Hartford Cres", "stop_code": "105054", "lon": -122.76002, "lat": 53.8581, "x_26910": 515784.01409717585, "y_26910": 5967760.681994148, "trips_per_busiest_weekday": 29, "frequency_band": 4, "route_count": 1, "routes": "16"}}, {"type": "Feature", "geometry": {"type": "Point", "coordinates": [-122.76177, 53.86051]}, "properties": {"stop_id": "105056", "stop_name": "Simon Fraser Ave at Fairmont Cres", "stop_code": "105056", "lon": -122.76177, "lat": 53.86051, "x_26910": 515668.0126037839, "y_26910": 5968028.424826918, "trips_per_busiest_weekday": 29, "frequency_band": 4, "route_count": 1, "routes": "16"}}, {"type": "Feature", "geometry": {"type": "Point", "coordinates": [-122.76209, 53.86287]}, "properties": {"stop_id": "105065", "stop_name": "Simon Fraser Ave at Delhi Pl", "stop_code": "105065", "lon": -122.76209, "lat": 53.86287, "x_26910": 515646.0862456658, "y_26910": 5968290.922168593, "trips_per_busiest_weekday": 29, "frequency_band": 4, "route_count": 1, "routes": "16"}}, {"type": "Feature", "geometry": {"type": "Point", "coordinates": [-122.76236, 53.86459]}, "properties": {"stop_id": "105067", "stop_name": "Simon Fraser Ave at Acadia Pl", "stop_code": "105067", "lon": -122.76236, "lat": 53.86459, "x_26910": 515627.6887928472, "y_26910": 5968482.225815347, "trips_per_busiest_weekday": 29, "frequency_band": 4, "route_count": 1, "routes": "16"}}, {"type": "Feature", "geometry": {"type": "Point", "coordinates": [-122.74238, 53.91108]}, "properties": {"stop_id": "105037", "stop_name": "Queensway at 15th Ave", "stop_code": "105037", "lon": -122.74238, "lat": 53.91108, "x_26910": 516922.8231781364, "y_26910": 5973659.198777518, "trips_per_busiest_weekday": 14, "frequency_band": 1, "route_count": 1, "routes": "46"}}, {"type": "Feature", "geometry": {"type": "Point", "coordinates": [-122.7405, 53.91043]}, "properties": {"stop_id": "105032", "stop_name": "15th Ave at Ingledew St", "stop_code": "105032", "lon": -122.7405, "lat": 53.91043, "x_26910": 517046.5830942391, "y_26910": 5973587.331131457, "trips_per_busiest_weekday": 14, "frequency_band": 1, "route_count": 1, "routes": "46"}}, {"type": "Feature", "geometry": {"type": "Point", "coordinates": [-122.73806, 53.90635]}, "properties": {"stop_id": "105036", "stop_name": "Gorse St at 20th Ave", "stop_code": "105036", "lon": -122.73806, "lat": 53.90635, "x_26910": 517208.543597894, "y_26910": 5973133.986177966, "trips_per_busiest_weekday": 14, "frequency_band": 1, "route_count": 1, "routes": "46"}}, {"type": "Feature", "geometry": {"type": "Point", "coordinates": [-122.74127, 53.9055]}, "properties": {"stop_id": "105403", "stop_name": "20th Ave at Ingledew St", "stop_code": "105403", "lon": -122.74127, "lat": 53.9055, "x_26910": 516998.003321824, "y_26910": 5973038.642269334, "trips_per_busiest_weekday": 14, "frequency_band": 1, "route_count": 1, "routes": "46"}}, {"type": "Feature", "geometry": {"type": "Point", "coordinates": [-122.74293, 53.9085]}, "properties": {"stop_id": "105274", "stop_name": "17th Ave at Queensway", "stop_code": "105274", "lon": -122.74293, "lat": 53.9085, "x_26910": 516887.7349984135, "y_26910": 5973372.0208207145, "trips_per_busiest_weekday": 28, "frequency_band": 3, "route_count": 2, "routes": "46,47"}}, {"type": "Feature", "geometry": {"type": "Point", "coordinates": [-122.7472, 53.9085]}, "properties": {"stop_id": "105273", "stop_name": "17th Ave at Larch St", "stop_code": "105273", "lon": -122.7472, "lat": 53.9085, "x_26910": 516607.22585912835, "y_26910": 5973371.012242419, "trips_per_busiest_weekday": 28, "frequency_band": 3, "route_count": 2, "routes": "46,47"}}, {"type": "Feature", "geometry": {"type": "Point", "coordinates": [-122.75093, 53.90599]}, "properties": {"stop_id": "180030", "stop_name": "Oak St at 20th Ave", "stop_code": "180030", "lon": -122.75093, "lat": 53.90599, "x_26910": 516363.17188693647, "y_26910": 5973090.88637282, "trips_per_busiest_weekday": 28, "frequency_band": 3, "route_count": 2, "routes": "46,47"}}, {"type": "Feature", "geometry": {"type": "Point", "coordinates": [-122.74894, 53.90538]}, "properties": {"stop_id": "105405", "stop_name": "20th Ave at Norwood St", "stop_code": "105405", "lon": -122.74894, "lat": 53.90538, "x_26910": 516494.1491253893, "y_26910": 5973023.479824064, "trips_per_busiest_weekday": 28, "frequency_band": 3, "route_count": 2, "routes": "46,47"}}, {"type": "Feature", "geometry": {"type": "Point", "coordinates": [-122.74442, 53.90542]}, "properties": {"stop_id": "105271", "stop_name": "20th Ave at Cuddie Cres", "stop_code": "105271", "lon": -122.74442, "lat": 53.90542, "x_26910": 516791.0876151367, "y_26910": 5973028.99106135, "trips_per_busiest_weekday": 28, "frequency_band": 3, "route_count": 2, "routes": "46,47"}}, {"type": "Feature", "geometry": {"type": "Point", "coordinates": [-122.7424, 53.90486]}, "properties": {"stop_id": "105408", "stop_name": "Queensway at 20th Ave", "stop_code": "105408", "lon": -122.7424, "lat": 53.90486, "x_26910": 516924.0235966852, "y_26910": 5972967.166614049, "trips_per_busiest_weekday": 14, "frequency_band": 1, "route_count": 1, "routes": "46"}}, {"type": "Feature", "geometry": {"type": "Point", "coordinates": [-122.74147, 53.89821]}, "properties": {"stop_id": "105409", "stop_name": "Queensway at Hamilton Ave", "stop_code": "105409", "lon": -122.74147, "lat": 53.89821, "x_26910": 516987.8208897054, "y_26910": 5972227.521288005, "trips_per_busiest_weekday": 14, "frequency_band": 1, "route_count": 1, "routes": "46"}}, {"type": "Feature", "geometry": {"type": "Point", "coordinates": [-122.75488, 53.88917]}, "properties": {"stop_id": "105046", "stop_name": "Ferry Ave at Clapperton St", "stop_code": "105046", "lon": -122.75488, "lat": 53.88917, "x_26910": 516110.1374944403, "y_26910": 5971218.618081039, "trips_per_busiest_weekday": 14, "frequency_band": 1, "route_count": 1, "routes": "46"}}, {"type": "Feature", "geometry": {"type": "Point", "coordinates": [-122.75836, 53.88881]}, "properties": {"stop_id": "105045", "stop_name": "Ferry Ave at Spruce St", "stop_code": "105045", "lon": -122.75836, "lat": 53.88881, "x_26910": 515881.5566943841, "y_26910": 5971177.780269221, "trips_per_busiest_weekday": 14, "frequency_band": 1, "route_count": 1, "routes": "46"}}, {"type": "Feature", "geometry": {"type": "Point", "coordinates": [-122.77124, 53.88458]}, "properties": {"stop_id": "105044", "stop_name": "Range Rd at Wiebe Rd", "stop_code": "105044", "lon": -122.77124, "lat": 53.88458, "x_26910": 515036.55045846885, "y_26910": 5970704.351133377, "trips_per_busiest_weekday": 14, "frequency_band": 1, "route_count": 1, "routes": "46"}}, {"type": "Feature", "geometry": {"type": "Point", "coordinates": [-122.77352, 53.88189]}, "properties": {"stop_id": "105048", "stop_name": "3900 Blk Wiebe Rd", "stop_code": "105048", "lon": -122.77352, "lat": 53.88189, "x_26910": 514887.64041242516, "y_26910": 5970404.586040752, "trips_per_busiest_weekday": 28, "frequency_band": 3, "route_count": 2, "routes": "46,47"}}, {"type": "Feature", "geometry": {"type": "Point", "coordinates": [-122.77947, 53.88323]}, "properties": {"stop_id": "105287", "stop_name": "Westwood Dr at Merritt Rd", "stop_code": "105287", "lon": -122.77947, "lat": 53.88323, "x_26910": 514496.0548001537, "y_26910": 5970552.4393218225, "trips_per_busiest_weekday": 14, "frequency_band": 1, "route_count": 1, "routes": "46"}}, {"type": "Feature", "geometry": {"type": "Point", "coordinates": [-122.78598, 53.91014]}, "properties": {"stop_id": "105004", "stop_name": "Nicholson Exch Bay B", "stop_code": "105004", "lon": -122.78598, "lat": 53.91014, "x_26910": 514059.0990554364, "y_26910": 5973545.089799426, "trips_per_busiest_weekday": 14, "frequency_band": 1, "route_count": 1, "routes": "46"}}, {"type": "Feature", "geometry": {"type": "Point", "coordinates": [-122.76937, 53.90833]}, "properties": {"stop_id": "105027", "stop_name": "Carney St at Ellison Dr", "stop_code": "105027", "lon": -122.76937, "lat": 53.90833, "x_26910": 515150.87297723064, "y_26910": 5973347.133272775, "trips_per_busiest_weekday": 14, "frequency_band": 1, "route_count": 1, "routes": "46"}}, {"type": "Feature", "geometry": {"type": "Point", "coordinates": [-122.7618, 53.90836]}, "properties": {"stop_id": "105030", "stop_name": "17th Ave at Upland St", "stop_code": "105030", "lon": -122.7618, "lat": 53.90836, "x_26910": 515648.16007737373, "y_26910": 5973352.115149542, "trips_per_busiest_weekday": 14, "frequency_band": 1, "route_count": 1, "routes": "46"}}, {"type": "Feature", "geometry": {"type": "Point", "coordinates": [-122.75876, 53.90838]}, "properties": {"stop_id": "105029", "stop_name": "17th Ave at Tamarack St", "stop_code": "105029", "lon": -122.75876, "lat": 53.90838, "x_26910": 515847.85998507886, "y_26910": 5973355.015516188, "trips_per_busiest_weekday": 14, "frequency_band": 1, "route_count": 1, "routes": "46"}}, {"type": "Feature", "geometry": {"type": "Point", "coordinates": [-122.74689, 53.91571]}, "properties": {"stop_id": "180003", "stop_name": "Quebec St at 5th Ave", "stop_code": "180003", "lon": -122.74689, "lat": 53.91571, "x_26910": 516624.7269703769, "y_26910": 5974173.258764936, "trips_per_busiest_weekday": 14, "frequency_band": 1, "route_count": 1, "routes": "46"}}, {"type": "Feature", "geometry": {"type": "Point", "coordinates": [-122.74544, 53.91754]}, "properties": {"stop_id": "105031", "stop_name": "Quebec St at 2nd Ave", "stop_code": "105031", "lon": -122.74544, "lat": 53.91754, "x_26910": 516719.23436750675, "y_26910": 5974377.202974379, "trips_per_busiest_weekday": 14, "frequency_band": 1, "route_count": 1, "routes": "46"}}, {"type": "Feature", "geometry": {"type": "Point", "coordinates": [-122.75806, 53.90917]}, "properties": {"stop_id": "105264", "stop_name": "Spruce St at 15th Ave", "stop_code": "105264", "lon": -122.75806, "lat": 53.90917, "x_26910": 515893.5453180451, "y_26910": 5973443.06639984, "trips_per_busiest_weekday": 13, "frequency_band": 1, "route_count": 1, "routes": "47"}}, {"type": "Feature", "geometry": {"type": "Point", "coordinates": [-122.76188, 53.90847]}, "properties": {"stop_id": "105263", "stop_name": "17th Ave at Upland St", "stop_code": "105263", "lon": -122.76188, "lat": 53.90847, "x_26910": 515642.8635160774, "y_26910": 5973364.33592974, "trips_per_busiest_weekday": 13, "frequency_band": 1, "route_count": 1, "routes": "47"}}, {"type": "Feature", "geometry": {"type": "Point", "coordinates": [-122.76918, 53.90821]}, "properties": {"stop_id": "105410", "stop_name": "Carney St at Ellison Dr", "stop_code": "105410", "lon": -122.76918, "lat": 53.90821, "x_26910": 515163.3981689909, "y_26910": 5973333.822869616, "trips_per_busiest_weekday": 13, "frequency_band": 1, "route_count": 1, "routes": "47"}}, {"type": "Feature", "geometry": {"type": "Point", "coordinates": [-122.78998, 53.89811]}, "properties": {"stop_id": "105231", "stop_name": "Ospika Blvd at Massey Dr", "stop_code": "105231", "lon": -122.78998, "lat": 53.89811, "x_26910": 513800.3013850541, "y_26910": 5972205.864706719, "trips_per_busiest_weekday": 33, "frequency_band": 4, "route_count": 2, "routes": "47,55"}}, {"type": "Feature", "geometry": {"type": "Point", "coordinates": [-122.78916, 53.89535]}, "properties": {"stop_id": "105243", "stop_name": "Ospika Blvd at Forest Ave", "stop_code": "105243", "lon": -122.78916, "lat": 53.89535, "x_26910": 513855.0960517027, "y_26910": 5971898.9516156195, "trips_per_busiest_weekday": 33, "frequency_band": 4, "route_count": 2, "routes": "47,55"}}, {"type": "Feature", "geometry": {"type": "Point", "coordinates": [-122.78915, 53.89376]}, "properties": {"stop_id": "105230", "stop_name": "Ospika Blvd at Gould Cres", "stop_code": "105230", "lon": -122.78915, "lat": 53.89376, "x_26910": 513856.2791554293, "y_26910": 5971722.052894244, "trips_per_busiest_weekday": 33, "frequency_band": 4, "route_count": 2, "routes": "47,55"}}, {"type": "Feature", "geometry": {"type": "Point", "coordinates": [-122.78918, 53.89157]}, "properties": {"stop_id": "105229", "stop_name": "Ospika Blvd at Christopher Cres", "stop_code": "105229", "lon": -122.78918, "lat": 53.89157, "x_26910": 513855.03199349897, "y_26910": 5971478.391463045, "trips_per_busiest_weekday": 33, "frequency_band": 4, "route_count": 2, "routes": "47,55"}}, {"type": "Feature", "geometry": {"type": "Point", "coordinates": [-122.78781, 53.88964]}, "properties": {"stop_id": "105228", "stop_name": "Ospika Blvd at James Dr", "stop_code": "105228", "lon": -122.78781, "lat": 53.88964, "x_26910": 513945.7103512479, "y_26910": 5971263.931637149, "trips_per_busiest_weekday": 33, "frequency_band": 4, "route_count": 2, "routes": "47,55"}}, {"type": "Feature", "geometry": {"type": "Point", "coordinates": [-122.78486, 53.88812]}, "properties": {"stop_id": "105227", "stop_name": "Ferry Ave at Melody Cres", "stop_code": "105227", "lon": -122.78486, "lat": 53.88812, "x_26910": 514140.10519228794, "y_26910": 5971095.403332257, "trips_per_busiest_weekday": 66, "frequency_band": 5, "route_count": 3, "routes": "47,55,89"}}, {"type": "Feature", "geometry": {"type": "Point", "coordinates": [-122.78032, 53.88811]}, "properties": {"stop_id": "105226", "stop_name": "Ferry Ave at Westwood Dr", "stop_code": "105226", "lon": -122.78032, "lat": 53.88811, "x_26910": 514438.50030335726, "y_26910": 5971095.20546601, "trips_per_busiest_weekday": 33, "frequency_band": 4, "route_count": 2, "routes": "47,55"}}, {"type": "Feature", "geometry": {"type": "Point", "coordinates": [-122.76197, 53.88867]}, "properties": {"stop_id": "105224", "stop_name": "Ferry Ave at Lansdowne Rd", "stop_code": "105224", "lon": -122.76197, "lat": 53.88867, "x_26910": 515644.34561126423, "y_26910": 5971161.401776924, "trips_per_busiest_weekday": 33, "frequency_band": 4, "route_count": 2, "routes": "47,55"}}, {"type": "Feature", "geometry": {"type": "Point", "coordinates": [-122.75713, 53.88869]}, "properties": {"stop_id": "105279", "stop_name": "Ferry Ave at Williams Cres", "stop_code": "105279", "lon": -122.75713, "lat": 53.88869, "x_26910": 515962.4428352774, "y_26910": 5971164.705434304, "trips_per_busiest_weekday": 14, "frequency_band": 1, "route_count": 1, "routes": "47"}}, {"type": "Feature", "geometry": {"type": "Point", "coordinates": [-122.74335, 53.89416]}, "properties": {"stop_id": "105276", "stop_name": "Queensway at Houston Lane", "stop_code": "105276", "lon": -122.74335, "lat": 53.89416, "x_26910": 516865.91846356896, "y_26910": 5971776.476819473, "trips_per_busiest_weekday": 14, "frequency_band": 1, "route_count": 1, "routes": "47"}}, {"type": "Feature", "geometry": {"type": "Point", "coordinates": [-122.74122, 53.89723]}, "properties": {"stop_id": "105277", "stop_name": "Queensway at La Salle Ave", "stop_code": "105277", "lon": -122.74122, "lat": 53.89723, "x_26910": 517004.6460659685, "y_26910": 5972118.548142434, "trips_per_busiest_weekday": 14, "frequency_band": 1, "route_count": 1, "routes": "47"}}, {"type": "Feature", "geometry": {"type": "Point", "coordinates": [-122.74128, 53.90008]}, "properties": {"stop_id": "105278", "stop_name": "Queensway at Quadrant Cres", "stop_code": "105278", "lon": -122.74128, "lat": 53.90008, "x_26910": 516999.54655137897, "y_26910": 5972435.619759019, "trips_per_busiest_weekday": 14, "frequency_band": 1, "route_count": 1, "routes": "47"}}, {"type": "Feature", "geometry": {"type": "Point", "coordinates": [-122.74146, 53.90138]}, "properties": {"stop_id": "105043", "stop_name": "Queensway at Royal Cres", "stop_code": "105043", "lon": -122.74146, "lat": 53.90138, "x_26910": 516987.1920894108, "y_26910": 5972580.212393834, "trips_per_busiest_weekday": 14, "frequency_band": 1, "route_count": 1, "routes": "46"}}, {"type": "Feature", "geometry": {"type": "Point", "coordinates": [-122.74217, 53.90509]}, "properties": {"stop_id": "105275", "stop_name": "Queensway at 20th Ave", "stop_code": "105275", "lon": -122.74217, "lat": 53.90509, "x_26910": 516939.0412528001, "y_26910": 5972992.810959223, "trips_per_busiest_weekday": 14, "frequency_band": 1, "route_count": 1, "routes": "47"}}, {"type": "Feature", "geometry": {"type": "Point", "coordinates": [-122.73825, 53.90541]}, "properties": {"stop_id": "105270", "stop_name": "20th Ave at Gorse St", "stop_code": "105270", "lon": -122.73825, "lat": 53.90541, "x_26910": 517196.4473576743, "y_26910": 5973029.357211808, "trips_per_busiest_weekday": 14, "frequency_band": 1, "route_count": 1, "routes": "47"}}, {"type": "Feature", "geometry": {"type": "Point", "coordinates": [-122.73791, 53.9066]}, "properties": {"stop_id": "105269", "stop_name": "Gorse St at 20th Ave", "stop_code": "105269", "lon": -122.73791, "lat": 53.9066, "x_26910": 517218.2952409403, "y_26910": 5973161.837188694, "trips_per_busiest_weekday": 14, "frequency_band": 1, "route_count": 1, "routes": "47"}}, {"type": "Feature", "geometry": {"type": "Point", "coordinates": [-122.73791, 53.90993]}, "properties": {"stop_id": "105033", "stop_name": "Gorse St at 15th Ave", "stop_code": "105033", "lon": -122.73791, "lat": 53.90993, "x_26910": 517216.9257487445, "y_26910": 5973532.327714822, "trips_per_busiest_weekday": 14, "frequency_band": 1, "route_count": 1, "routes": "47"}}, {"type": "Feature", "geometry": {"type": "Point", "coordinates": [-122.74048, 53.91052]}, "properties": {"stop_id": "105266", "stop_name": "15th Ave at Ingledew St", "stop_code": "105266", "lon": -122.74048, "lat": 53.91052, "x_26910": 517047.8602422613, "y_26910": 5973597.349201938, "trips_per_busiest_weekday": 14, "frequency_band": 1, "route_count": 1, "routes": "47"}}, {"type": "Feature", "geometry": {"type": "Point", "coordinates": [-122.74223, 53.91115]}, "properties": {"stop_id": "105265", "stop_name": "Queensway at 15th Ave", "stop_code": "105265", "lon": -122.74223, "lat": 53.91115, "x_26910": 516932.64820658916, "y_26910": 5973667.022683879, "trips_per_busiest_weekday": 14, "frequency_band": 1, "route_count": 1, "routes": "47"}}, {"type": "Feature", "geometry": {"type": "Point", "coordinates": [-122.74512, 53.91556]}, "properties": {"stop_id": "180023", "stop_name": "Dominion St at 4th Ave", "stop_code": "180023", "lon": -122.74512, "lat": 53.91556, "x_26910": 516741.04356642335, "y_26910": 5974156.986479732, "trips_per_busiest_weekday": 19, "frequency_band": 2, "route_count": 1, "routes": "55"}}, {"type": "Feature", "geometry": {"type": "Point", "coordinates": [-122.74441, 53.91761]}, "properties": {"stop_id": "180009", "stop_name": "2nd Ave at Dominion St", "stop_code": "180009", "lon": -122.74441, "lat": 53.91761, "x_26910": 516786.85547514557, "y_26910": 5974385.234472926, "trips_per_busiest_weekday": 19, "frequency_band": 2, "route_count": 1, "routes": "55"}}, {"type": "Feature", "geometry": {"type": "Point", "coordinates": [-122.74723, 53.9184]}, "properties": {"stop_id": "180011", "stop_name": "2nd Ave at Brunswick St", "stop_code": "180011", "lon": -122.74723, "lat": 53.9184, "x_26910": 516601.3281266219, "y_26910": 5974472.464737943, "trips_per_busiest_weekday": 19, "frequency_band": 2, "route_count": 1, "routes": "55"}}, {"type": "Feature", "geometry": {"type": "Point", "coordinates": [-122.7487, 53.91883]}, "properties": {"stop_id": "180010", "stop_name": "2nd Ave at Victoria St", "stop_code": "180010", "lon": -122.7487, "lat": 53.91883, "x_26910": 516504.612653968, "y_26910": 5974519.962724306, "trips_per_busiest_weekday": 19, "frequency_band": 2, "route_count": 1, "routes": "55"}}, {"type": "Feature", "geometry": {"type": "Point", "coordinates": [-122.75402, 53.91932]}, "properties": {"stop_id": "105142", "stop_name": "3rd Ave at Winnipeg St", "stop_code": "105142", "lon": -122.75402, "lat": 53.91932, "x_26910": 516155.0228898124, "y_26910": 5974573.254048273, "trips_per_busiest_weekday": 19, "frequency_band": 2, "route_count": 1, "routes": "55"}}, {"type": "Feature", "geometry": {"type": "Point", "coordinates": [-122.76205, 53.92076]}, "properties": {"stop_id": "105141", "stop_name": "5th Ave at Melville Ave", "stop_code": "105141", "lon": -122.76205, "lat": 53.92076, "x_26910": 515627.10648477374, "y_26910": 5974731.666592946, "trips_per_busiest_weekday": 19, "frequency_band": 2, "route_count": 1, "routes": "55"}}, {"type": "Feature", "geometry": {"type": "Point", "coordinates": [-122.7655, 53.92077]}, "properties": {"stop_id": "105140", "stop_name": "5th Ave at Wainwright St", "stop_code": "105140", "lon": -122.7655, "lat": 53.92077, "x_26910": 515400.5282102576, "y_26910": 5974732.024196522, "trips_per_busiest_weekday": 19, "frequency_band": 2, "route_count": 1, "routes": "55"}}, {"type": "Feature", "geometry": {"type": "Point", "coordinates": [-122.7684, 53.92075]}, "properties": {"stop_id": "105122", "stop_name": "5th Ave at Burden St", "stop_code": "105122", "lon": -122.7684, "lat": 53.92075, "x_26910": 515210.08150526136, "y_26910": 5974729.172927907, "trips_per_busiest_weekday": 19, "frequency_band": 2, "route_count": 1, "routes": "55"}}, {"type": "Feature", "geometry": {"type": "Point", "coordinates": [-122.77425, 53.92075]}, "properties": {"stop_id": "105182", "stop_name": "5th Ave at Freeman St", "stop_code": "105182", "lon": -122.77425, "lat": 53.92075, "x_26910": 514825.88964740006, "y_26910": 5974727.933654598, "trips_per_busiest_weekday": 19, "frequency_band": 2, "route_count": 1, "routes": "55"}}, {"type": "Feature", "geometry": {"type": "Point", "coordinates": [-122.77873, 53.92073]}, "properties": {"stop_id": "180005", "stop_name": "5th Ave at Irwin St", "stop_code": "180005", "lon": -122.77873, "lat": 53.92073, "x_26910": 514531.6778387173, "y_26910": 5974724.780865238, "trips_per_busiest_weekday": 19, "frequency_band": 2, "route_count": 1, "routes": "55"}}, {"type": "Feature", "geometry": {"type": "Point", "coordinates": [-122.78688, 53.92071]}, "properties": {"stop_id": "105102", "stop_name": "5th Ave at Nicholson St", "stop_code": "105102", "lon": -122.78688, "lat": 53.92071, "x_26910": 513996.4424967418, "y_26910": 5974720.915855636, "trips_per_busiest_weekday": 39, "frequency_band": 5, "route_count": 2, "routes": "11,55"}}, {"type": "Feature", "geometry": {"type": "Point", "coordinates": [-122.78987, 53.92071]}, "properties": {"stop_id": "105103", "stop_name": "5th Ave at Patterson St", "stop_code": "105103", "lon": -122.78987, "lat": 53.92071, "x_26910": 513800.07751306007, "y_26910": 5974720.329676015, "trips_per_busiest_weekday": 39, "frequency_band": 5, "route_count": 2, "routes": "11,55"}}, {"type": "Feature", "geometry": {"type": "Point", "coordinates": [-122.79225, 53.92071]}, "properties": {"stop_id": "105104", "stop_name": "5th Ave at Quinn St", "stop_code": "105104", "lon": -122.79225, "lat": 53.92071, "x_26910": 513643.77360478876, "y_26910": 5974719.869004801, "trips_per_busiest_weekday": 39, "frequency_band": 5, "route_count": 2, "routes": "11,55"}}, {"type": "Feature", "geometry": {"type": "Point", "coordinates": [-122.79511, 53.92072]}, "properties": {"stop_id": "105105", "stop_name": "5th Ave at Ospika Blvd", "stop_code": "105105", "lon": -122.79511, "lat": 53.92072, "x_26910": 513455.942994163, "y_26910": 5974720.434954604, "trips_per_busiest_weekday": 20, "frequency_band": 3, "route_count": 1, "routes": "55"}}, {"type": "Feature", "geometry": {"type": "Point", "coordinates": [-122.80018, 53.92069]}, "properties": {"stop_id": "105106", "stop_name": "5th Ave at Brigade Dr", "stop_code": "105106", "lon": -122.80018, "lat": 53.92069, "x_26910": 513122.98571074987, "y_26910": 5974716.146773445, "trips_per_busiest_weekday": 20, "frequency_band": 3, "route_count": 1, "routes": "55"}}, {"type": "Feature", "geometry": {"type": "Point", "coordinates": [-122.80332, 53.92069]}, "properties": {"stop_id": "105107", "stop_name": "5th Ave at Voyageur Dr", "stop_code": "105107", "lon": -122.80332, "lat": 53.92069, "x_26910": 512916.76948975574, "y_26910": 5974715.570092814, "trips_per_busiest_weekday": 20, "frequency_band": 3, "route_count": 1, "routes": "55"}}, {"type": "Feature", "geometry": {"type": "Point", "coordinates": [-122.8078, 53.91925]}, "properties": {"stop_id": "105120", "stop_name": "Tabor Blvd at Jackpine Ave", "stop_code": "105120", "lon": -122.8078, "lat": 53.91925, "x_26910": 512622.98450328613, "y_26910": 5974554.550455446, "trips_per_busiest_weekday": 20, "frequency_band": 3, "route_count": 1, "routes": "55"}}, {"type": "Feature", "geometry": {"type": "Point", "coordinates": [-122.80727, 53.91711]}, "properties": {"stop_id": "180004", "stop_name": "Tabor Blvd at Granite Ave", "stop_code": "180004", "lon": -122.80727, "lat": 53.91711, "x_26910": 512658.4401671221, "y_26910": 5974316.551199376, "trips_per_busiest_weekday": 20, "frequency_band": 3, "route_count": 1, "routes": "55"}}, {"type": "Feature", "geometry": {"type": "Point", "coordinates": [-122.8073, 53.91342]}, "properties": {"stop_id": "105362", "stop_name": "Tabor Blvd at Chingee Ave", "stop_code": "105362", "lon": -122.8073, "lat": 53.91342, "x_26910": 512657.5856440028, "y_26910": 5973906.001204085, "trips_per_busiest_weekday": 43, "frequency_band": 5, "route_count": 2, "routes": "1,55"}}, {"type": "Feature", "geometry": {"type": "Point", "coordinates": [-122.80723, 53.91127]}, "properties": {"stop_id": "105361", "stop_name": "Tabor Blvd at Antler Ave", "stop_code": "105361", "lon": -122.80723, "lat": 53.91127, "x_26910": 512662.8339965383, "y_26910": 5973666.80759452, "trips_per_busiest_weekday": 43, "frequency_band": 5, "route_count": 2, "routes": "1,55"}}, {"type": "Feature", "geometry": {"type": "Point", "coordinates": [-122.81179, 53.90963]}, "properties": {"stop_id": "105191", "stop_name": "Foothills Blvd at Glen Shee Rd", "stop_code": "105191", "lon": -122.81179, "lat": 53.90963, "x_26910": 512363.77766026283, "y_26910": 5973483.5386666665, "trips_per_busiest_weekday": 20, "frequency_band": 3, "route_count": 1, "routes": "55"}}, {"type": "Feature", "geometry": {"type": "Point", "coordinates": [-122.80349, 53.90727]}, "properties": {"stop_id": "180013", "stop_name": "18th Ave at George Paul Lane", "stop_code": "180013", "lon": -122.80349, "lat": 53.90727, "x_26910": 512909.74332505406, "y_26910": 5973222.44767032, "trips_per_busiest_weekday": 19, "frequency_band": 2, "route_count": 1, "routes": "55"}}, {"type": "Feature", "geometry": {"type": "Point", "coordinates": [-122.79774, 53.90663]}, "properties": {"stop_id": "180012", "stop_name": "Ospika Blvd at 18th Ave", "stop_code": "180012", "lon": -122.79774, "lat": 53.90663, "x_26910": 513287.69277262996, "y_26910": 5973152.304436175, "trips_per_busiest_weekday": 19, "frequency_band": 2, "route_count": 1, "routes": "55"}}, {"type": "Feature", "geometry": {"type": "Point", "coordinates": [-122.7977, 53.90458]}, "properties": {"stop_id": "105160", "stop_name": "Ospika Blvd at CN Centre", "stop_code": "105160", "lon": -122.7977, "lat": 53.90458, "x_26910": 513290.9713405694, "y_26910": 5972924.231986814, "trips_per_busiest_weekday": 19, "frequency_band": 2, "route_count": 1, "routes": "55"}}, {"type": "Feature", "geometry": {"type": "Point", "coordinates": [-122.79595, 53.90165]}, "properties": {"stop_id": "105024", "stop_name": "Ospika Blvd at Campbell Ave", "stop_code": "105024", "lon": -122.79595, "lat": 53.90165, "x_26910": 513406.88307288574, "y_26910": 5972598.574140307, "trips_per_busiest_weekday": 19, "frequency_band": 2, "route_count": 1, "routes": "55"}}, {"type": "Feature", "geometry": {"type": "Point", "coordinates": [-122.79397, 53.90047]}, "properties": {"stop_id": "105025", "stop_name": "Ospika Blvd at Docherty Ave", "stop_code": "105025", "lon": -122.79397, "lat": 53.90047, "x_26910": 513537.35809573054, "y_26910": 5972467.665381255, "trips_per_busiest_weekday": 19, "frequency_band": 2, "route_count": 1, "routes": "55"}}, {"type": "Feature", "geometry": {"type": "Point", "coordinates": [-122.76845, 53.88877]}, "properties": {"stop_id": "105225", "stop_name": "Ferry Ave at Hwy 16", "stop_code": "105225", "lon": -122.76845, "lat": 53.88877, "x_26910": 515218.41679776873, "y_26910": 5971171.117643351, "trips_per_busiest_weekday": 19, "frequency_band": 2, "route_count": 1, "routes": "55"}}, {"type": "Feature", "geometry": {"type": "Point", "coordinates": [-122.76059, 53.88968]}, "properties": {"stop_id": "105223", "stop_name": "Upland St at Rebman Cres", "stop_code": "105223", "lon": -122.76059, "lat": 53.88968, "x_26910": 515734.6655961698, "y_26910": 5971274.0777702425, "trips_per_busiest_weekday": 19, "frequency_band": 2, "route_count": 1, "routes": "55"}}, {"type": "Feature", "geometry": {"type": "Point", "coordinates": [-122.76053, 53.89208]}, "properties": {"stop_id": "105222", "stop_name": "Upland St at Emmet Ave", "stop_code": "105222", "lon": -122.76053, "lat": 53.89208, "x_26910": 515737.70731707575, "y_26910": 5971541.110646848, "trips_per_busiest_weekday": 19, "frequency_band": 2, "route_count": 1, "routes": "55"}}, {"type": "Feature", "geometry": {"type": "Point", "coordinates": [-122.7605, 53.89647]}, "properties": {"stop_id": "105221", "stop_name": "Upland St at Abbott Cres", "stop_code": "105221", "lon": -122.7605, "lat": 53.89647, "x_26910": 515738.02936574374, "y_26910": 5972029.540866026, "trips_per_busiest_weekday": 19, "frequency_band": 2, "route_count": 1, "routes": "55"}}, {"type": "Feature", "geometry": {"type": "Point", "coordinates": [-122.76017, 53.89841]}, "properties": {"stop_id": "180017", "stop_name": "Pearson Ave at Upland St", "stop_code": "180017", "lon": -122.76017, "lat": 53.89841, "x_26910": 515758.98431746935, "y_26910": 5972245.45520208, "trips_per_busiest_weekday": 19, "frequency_band": 2, "route_count": 1, "routes": "55"}}, {"type": "Feature", "geometry": {"type": "Point", "coordinates": [-122.75508, 53.89622]}, "properties": {"stop_id": "180016", "stop_name": "Victoria St at Pearson Ave", "stop_code": "180016", "lon": -122.75508, "lat": 53.89622, "x_26910": 516094.2839376723, "y_26910": 5972002.942777185, "trips_per_busiest_weekday": 19, "frequency_band": 2, "route_count": 1, "routes": "55"}}, {"type": "Feature", "geometry": {"type": "Point", "coordinates": [-122.75505, 53.89975]}, "properties": {"stop_id": "180015", "stop_name": "Victoria St at McCullagh Ave", "stop_code": "180015", "lon": -122.75505, "lat": 53.89975, "x_26910": 516094.8986831202, "y_26910": 5972395.691278798, "trips_per_busiest_weekday": 19, "frequency_band": 2, "route_count": 1, "routes": "55"}}, {"type": "Feature", "geometry": {"type": "Point", "coordinates": [-122.75501, 53.90126]}, "properties": {"stop_id": "180006", "stop_name": "Victoria St at Milburn Ave", "stop_code": "180006", "lon": -122.75501, "lat": 53.90126, "x_26910": 516096.94652762415, "y_26910": 5972563.700416576, "trips_per_busiest_weekday": 19, "frequency_band": 2, "route_count": 1, "routes": "55"}}, {"type": "Feature", "geometry": {"type": "Point", "coordinates": [-122.75501, 53.90422]}, "properties": {"stop_id": "105162", "stop_name": "Victoria St at Porter Ave", "stop_code": "105162", "lon": -122.75501, "lat": 53.90422, "x_26910": 516095.8087069933, "y_26910": 5972893.025157039, "trips_per_busiest_weekday": 19, "frequency_band": 2, "route_count": 1, "routes": "55"}}, {"type": "Feature", "geometry": {"type": "Point", "coordinates": [-122.75502, 53.90597]}, "properties": {"stop_id": "180008", "stop_name": "Victoria St at 20th Ave", "stop_code": "180008", "lon": -122.75502, "lat": 53.90597, "x_26910": 516094.4790186412, "y_26910": 5973087.725090822, "trips_per_busiest_weekday": 19, "frequency_band": 2, "route_count": 1, "routes": "55"}}, {"type": "Feature", "geometry": {"type": "Point", "coordinates": [-122.75497, 53.90883]}, "properties": {"stop_id": "180007", "stop_name": "Victoria St at 17th Ave", "stop_code": "180007", "lon": -122.75497, "lat": 53.90883, "x_26910": 516096.66424193385, "y_26910": 5973405.935593574, "trips_per_busiest_weekday": 19, "frequency_band": 2, "route_count": 1, "routes": "55"}}, {"type": "Feature", "geometry": {"type": "Point", "coordinates": [-122.78514, 53.98953]}, "properties": {"stop_id": "105193", "stop_name": "Austin Rd E at Hwy 97", "stop_code": "105193", "lon": -122.78514, "lat": 53.98953, "x_26910": 514087.49859653413, "y_26910": 5982378.133033452, "trips_per_busiest_weekday": 16, "frequency_band": 2, "route_count": 2, "routes": "91,97"}}, {"type": "Feature", "geometry": {"type": "Point", "coordinates": [-122.78121, 53.98953]}, "properties": {"stop_id": "105192", "stop_name": "Austin Rd E at Driftwood Rd", "stop_code": "105192", "lon": -122.78121, "lat": 53.98953, "x_26910": 514345.1723719257, "y_26910": 5982378.921819093, "trips_per_busiest_weekday": 16, "frequency_band": 2, "route_count": 2, "routes": "91,97"}}, {"type": "Feature", "geometry": {"type": "Point", "coordinates": [-122.77668, 53.99001]}, "properties": {"stop_id": "180014", "stop_name": "Dawson Rd at Austin Rd E", "stop_code": "180014", "lon": -122.77668, "lat": 53.99001, "x_26910": 514642.0172498313, "y_26910": 5982433.253582288, "trips_per_busiest_weekday": 16, "frequency_band": 2, "route_count": 2, "routes": "91,97"}}, {"type": "Feature", "geometry": {"type": "Point", "coordinates": [-122.77834, 53.99347]}, "properties": {"stop_id": "105190", "stop_name": "Eden Dr at Langer Cres", "stop_code": "105190", "lon": -122.77834, "lat": 53.99347, "x_26910": 514531.9744664257, "y_26910": 5982817.871547463, "trips_per_busiest_weekday": 16, "frequency_band": 2, "route_count": 2, "routes": "91,97"}}, {"type": "Feature", "geometry": {"type": "Point", "coordinates": [-122.781, 53.99351]}, "properties": {"stop_id": "105197", "stop_name": "Eden Dr at Adam Dr", "stop_code": "105197", "lon": -122.781, "lat": 53.99351, "x_26910": 514357.57203037106, "y_26910": 5982821.779460131, "trips_per_busiest_weekday": 16, "frequency_band": 2, "route_count": 2, "routes": "91,97"}}, {"type": "Feature", "geometry": {"type": "Point", "coordinates": [-122.78439, 53.99342]}, "properties": {"stop_id": "105198", "stop_name": "Eden Dr at Glenview Dr", "stop_code": "105198", "lon": -122.78439, "lat": 53.99342, "x_26910": 514135.3554907606, "y_26910": 5982811.0841710875, "trips_per_busiest_weekday": 16, "frequency_band": 2, "route_count": 2, "routes": "91,97"}}, {"type": "Feature", "geometry": {"type": "Point", "coordinates": [-122.78782, 53.99257]}, "properties": {"stop_id": "105199", "stop_name": "Eden Dr at Dagg Rd", "stop_code": "105199", "lon": -122.78782, "lat": 53.99257, "x_26910": 513910.7688939709, "y_26910": 5982715.83397434, "trips_per_busiest_weekday": 16, "frequency_band": 2, "route_count": 2, "routes": "91,97"}}, {"type": "Feature", "geometry": {"type": "Point", "coordinates": [-122.79624, 53.99623]}, "properties": {"stop_id": "105202", "stop_name": "Weisbrod Rd at Dagg Rd", "stop_code": "105202", "lon": -122.79624, "lat": 53.99623, "x_26910": 513357.5730711007, "y_26910": 5983121.42526493, "trips_per_busiest_weekday": 16, "frequency_band": 2, "route_count": 2, "routes": "91,97"}}, {"type": "Feature", "geometry": {"type": "Point", "coordinates": [-122.8005, 53.99947]}, "properties": {"stop_id": "105518", "stop_name": "Hwy 97 at Nordic Dr", "stop_code": "105518", "lon": -122.8005, "lat": 53.99947, "x_26910": 513077.2918822702, "y_26910": 5983481.1133805895, "trips_per_busiest_weekday": 15, "frequency_band": 2, "route_count": 1, "routes": "91"}}, {"type": "Feature", "geometry": {"type": "Point", "coordinates": [-122.80068, 54.00148]}, "properties": {"stop_id": "105517", "stop_name": "Hwy 97 at Brons Rd", "stop_code": "105517", "lon": -122.80068, "lat": 54.00148, "x_26910": 513064.8634369793, "y_26910": 5983704.7133260295, "trips_per_busiest_weekday": 15, "frequency_band": 2, "route_count": 1, "routes": "91"}}, {"type": "Feature", "geometry": {"type": "Point", "coordinates": [-122.80065, 54.00433]}, "properties": {"stop_id": "105519", "stop_name": "Hwy 97 at Chestnut Dr", "stop_code": "105519", "lon": -122.80065, "lat": 54.00433, "x_26910": 513065.93725537544, "y_26910": 5984021.810794294, "trips_per_busiest_weekday": 15, "frequency_band": 2, "route_count": 1, "routes": "91"}}, {"type": "Feature", "geometry": {"type": "Point", "coordinates": [-122.80062, 54.00706]}, "properties": {"stop_id": "105520", "stop_name": "Hwy 97 at Estavilla Dr", "stop_code": "105520", "lon": -122.80062, "lat": 54.00706, "x_26910": 513067.0483630492, "y_26910": 5984325.557165433, "trips_per_busiest_weekday": 15, "frequency_band": 2, "route_count": 1, "routes": "91"}}, {"type": "Feature", "geometry": {"type": "Point", "coordinates": [-122.80122, 54.01034]}, "properties": {"stop_id": "180037", "stop_name": "Kelly Rd N at Killy Rd", "stop_code": "180037", "lon": -122.80122, "lat": 54.01034, "x_26910": 513026.7009596338, "y_26910": 5984690.380849457, "trips_per_busiest_weekday": 15, "frequency_band": 2, "route_count": 1, "routes": "91"}}, {"type": "Feature", "geometry": {"type": "Point", "coordinates": [-122.80129, 53.99564]}, "properties": {"stop_id": "105178", "stop_name": "Kelly Rd S at Handlen Rd", "stop_code": "105178", "lon": -122.80129, "lat": 53.99564, "x_26910": 513026.70277007, "y_26910": 5983054.841116995, "trips_per_busiest_weekday": 15, "frequency_band": 2, "route_count": 1, "routes": "91"}}, {"type": "Feature", "geometry": {"type": "Point", "coordinates": [-122.80129, 53.99333]}, "properties": {"stop_id": "105500", "stop_name": "Kelly Rd S at Heather Rd", "stop_code": "105500", "lon": -122.80129, "lat": 53.99333, "x_26910": 513027.4238407119, "y_26910": 5982797.830119198, "trips_per_busiest_weekday": 20, "frequency_band": 3, "route_count": 3, "routes": "91,96,97"}}, {"type": "Feature", "geometry": {"type": "Point", "coordinates": [-122.80127, 53.99192]}, "properties": {"stop_id": "105501", "stop_name": "Kelly Rd S at Richet St", "stop_code": "105501", "lon": -122.80127, "lat": 53.99192, "x_26910": 513029.1752065206, "y_26910": 5982640.957004073, "trips_per_busiest_weekday": 20, "frequency_band": 3, "route_count": 3, "routes": "91,96,97"}}, {"type": "Feature", "geometry": {"type": "Point", "coordinates": [-122.80125, 53.98956]}, "properties": {"stop_id": "105502", "stop_name": "Kelly Rd S at Austin Rd W North Side", "stop_code": "105502", "lon": -122.80125, "lat": 53.98956, "x_26910": 513031.2232398841, "y_26910": 5982378.386841564, "trips_per_busiest_weekday": 20, "frequency_band": 3, "route_count": 3, "routes": "91,96,97"}}, {"type": "Feature", "geometry": {"type": "Point", "coordinates": [-122.80126, 53.98749]}, "properties": {"stop_id": "105503", "stop_name": "Kelly Rd S at Austin Rd W South Side", "stop_code": "105503", "lon": -122.80126, "lat": 53.98749, "x_26910": 513031.2137839292, "y_26910": 5982148.076675048, "trips_per_busiest_weekday": 19, "frequency_band": 2, "route_count": 2, "routes": "91,96"}}, {"type": "Feature", "geometry": {"type": "Point", "coordinates": [-122.79937, 53.98321]}, "properties": {"stop_id": "105507", "stop_name": "Highland Dr at Montgomery Cres", "stop_code": "105507", "lon": -122.79937, "lat": 53.98321, "x_26910": 513156.48809126404, "y_26910": 5981672.233243371, "trips_per_busiest_weekday": 19, "frequency_band": 2, "route_count": 2, "routes": "91,96"}}, {"type": "Feature", "geometry": {"type": "Point", "coordinates": [-122.79569, 53.97944]}, "properties": {"stop_id": "105509", "stop_name": "Highland Dr at Nixon Cres", "stop_code": "105509", "lon": -122.79569, "lat": 53.97944, "x_26910": 513399.01677714806, "y_26910": 5981253.473119059, "trips_per_busiest_weekday": 17, "frequency_band": 2, "route_count": 2, "routes": "91,96"}}, {"type": "Feature", "geometry": {"type": "Point", "coordinates": [-122.79806, 53.97841]}, "properties": {"stop_id": "105510", "stop_name": "Highland Dr at Wallace Cres", "stop_code": "105510", "lon": -122.79806, "lat": 53.97841, "x_26910": 513243.91479651537, "y_26910": 5981138.42977208, "trips_per_busiest_weekday": 17, "frequency_band": 2, "route_count": 2, "routes": "91,96"}}, {"type": "Feature", "geometry": {"type": "Point", "coordinates": [-122.82132, 53.96101]}, "properties": {"stop_id": "105419", "stop_name": "Caledonia Mobile Home Park", "stop_code": "105419", "lon": -122.82132, "lat": 53.96101, "x_26910": 511723.3285802006, "y_26910": 5979198.412012579, "trips_per_busiest_weekday": 36, "frequency_band": 4, "route_count": 2, "routes": "91,96"}}, {"type": "Feature", "geometry": {"type": "Point", "coordinates": [-122.81273, 53.95768]}, "properties": {"stop_id": "105420", "stop_name": "N Nechako Rd at Foothills Blvd", "stop_code": "105420", "lon": -122.81273, "lat": 53.95768, "x_26910": 512287.9034890841, "y_26910": 5978829.373135862, "trips_per_busiest_weekday": 19, "frequency_band": 2, "route_count": 2, "routes": "91,96"}}, {"type": "Feature", "geometry": {"type": "Point", "coordinates": [-122.80892, 53.95688]}, "properties": {"stop_id": "105421", "stop_name": "N Nechako Rd at Fairburn Rd", "stop_code": "105421", "lon": -122.80892, "lat": 53.95688, "x_26910": 512538.14008709515, "y_26910": 5978741.032962604, "trips_per_busiest_weekday": 19, "frequency_band": 2, "route_count": 2, "routes": "91,96"}}, {"type": "Feature", "geometry": {"type": "Point", "coordinates": [-122.80358, 53.95412]}, "properties": {"stop_id": "105422", "stop_name": "N Nechako Rd at Slate Ave", "stop_code": "105422", "lon": -122.80358, "lat": 53.95412, "x_26910": 512889.3868571453, "y_26910": 5978434.914951348, "trips_per_busiest_weekday": 19, "frequency_band": 2, "route_count": 2, "routes": "91,96"}}, {"type": "Feature", "geometry": {"type": "Point", "coordinates": [-122.796, 53.94628]}, "properties": {"stop_id": "105395", "stop_name": "N Nechako Rd at Churchill Rd", "stop_code": "105395", "lon": -122.796, "lat": 53.94628, "x_26910": 513389.3086412702, "y_26910": 5977564.047100526, "trips_per_busiest_weekday": 19, "frequency_band": 2, "route_count": 2, "routes": "91,96"}}, {"type": "Feature", "geometry": {"type": "Point", "coordinates": [-122.78956, 53.93943]}, "properties": {"stop_id": "105396", "stop_name": "N Nechako Rd at Rustad Rd", "stop_code": "105396", "lon": -122.78956, "lat": 53.93943, "x_26910": 513814.2531230642, "y_26910": 5976803.157580305, "trips_per_busiest_weekday": 19, "frequency_band": 2, "route_count": 2, "routes": "91,96"}}, {"type": "Feature", "geometry": {"type": "Point", "coordinates": [-122.78723, 53.93475]}, "properties": {"stop_id": "105139", "stop_name": "N Nechako Rd at Aspen Lane", "stop_code": "105139", "lon": -122.78723, "lat": 53.93475, "x_26910": 513968.7679480129, "y_26910": 5976282.921763941, "trips_per_busiest_weekday": 19, "frequency_band": 2, "route_count": 2, "routes": "91,96"}}, {"type": "Feature", "geometry": {"type": "Point", "coordinates": [-122.78224, 53.93113]}, "properties": {"stop_id": "105397", "stop_name": "N Nechako Rd at Hwy 97", "stop_code": "105397", "lon": -122.78224, "lat": 53.93113, "x_26910": 514297.6081012111, "y_26910": 5975881.159179354, "trips_per_busiest_weekday": 19, "frequency_band": 2, "route_count": 2, "routes": "91,96"}}, {"type": "Feature", "geometry": {"type": "Point", "coordinates": [-122.78688, 53.93443]}, "properties": {"stop_id": "105413", "stop_name": "N Nechako Rd at Aspen Lane", "stop_code": "105413", "lon": -122.78688, "lat": 53.93443, "x_26910": 513991.8531520824, "y_26910": 5976247.387908893, "trips_per_busiest_weekday": 17, "frequency_band": 2, "route_count": 2, "routes": "91,96"}}, {"type": "Feature", "geometry": {"type": "Point", "coordinates": [-122.78975, 53.93985]}, "properties": {"stop_id": "105414", "stop_name": "N Nechako Rd at Rustad Rd", "stop_code": "105414", "lon": -122.78975, "lat": 53.93985, "x_26910": 513801.6420432973, "y_26910": 5976849.849397825, "trips_per_busiest_weekday": 17, "frequency_band": 2, "route_count": 2, "routes": "91,96"}}, {"type": "Feature", "geometry": {"type": "Point", "coordinates": [-122.80397, 53.95467]}, "properties": {"stop_id": "105418", "stop_name": "N Nechako Rd at N Meadow Rd", "stop_code": "105418", "lon": -122.80397, "lat": 53.95467, "x_26910": 512863.62519862916, "y_26910": 5978496.036770978, "trips_per_busiest_weekday": 17, "frequency_band": 2, "route_count": 2, "routes": "91,96"}}, {"type": "Feature", "geometry": {"type": "Point", "coordinates": [-122.80895, 53.957]}, "properties": {"stop_id": "105415", "stop_name": "N Nechako Rd at Fairburn Rd", "stop_code": "105415", "lon": -122.80895, "lat": 53.957, "x_26910": 512536.1355756061, "y_26910": 5978754.378793438, "trips_per_busiest_weekday": 17, "frequency_band": 2, "route_count": 2, "routes": "91,96"}}, {"type": "Feature", "geometry": {"type": "Point", "coordinates": [-122.81257, 53.9578]}, "properties": {"stop_id": "105416", "stop_name": "N Nechako Rd at Foothills Blvd", "stop_code": "105416", "lon": -122.81257, "lat": 53.9578, "x_26910": 512298.3667183137, "y_26910": 5978842.752035055, "trips_per_busiest_weekday": 17, "frequency_band": 2, "route_count": 2, "routes": "91,96"}}, {"type": "Feature", "geometry": {"type": "Point", "coordinates": [-122.79661, 53.97513]}, "properties": {"stop_id": "105151", "stop_name": "Nixon Cres at Berwick Dr", "stop_code": "105151", "lon": -122.79661, "lat": 53.97513, "x_26910": 513340.0583588544, "y_26910": 5980773.769576454, "trips_per_busiest_weekday": 16, "frequency_band": 2, "route_count": 2, "routes": "91,96"}}, {"type": "Feature", "geometry": {"type": "Point", "coordinates": [-122.79568, 53.97349]}, "properties": {"stop_id": "105176", "stop_name": "Ridgeview Dr at McKenney Cres", "stop_code": "105176", "lon": -122.79568, "lat": 53.97349, "x_26910": 513401.58189090336, "y_26910": 5980591.479051075, "trips_per_busiest_weekday": 16, "frequency_band": 2, "route_count": 2, "routes": "91,96"}}, {"type": "Feature", "geometry": {"type": "Point", "coordinates": [-122.79259, 53.97168]}, "properties": {"stop_id": "105157", "stop_name": "Wildwood Cres at Ridgeview Dr", "stop_code": "105157", "lon": -122.79259, "lat": 53.97168, "x_26910": 513604.8478116328, "y_26910": 5980390.687857561, "trips_per_busiest_weekday": 14, "frequency_band": 1, "route_count": 1, "routes": "91"}}, {"type": "Feature", "geometry": {"type": "Point", "coordinates": [-122.79062, 53.97279]}, "properties": {"stop_id": "105174", "stop_name": "Wildwood Cres at Carlisle Way", "stop_code": "105174", "lon": -122.79062, "lat": 53.97279, "x_26910": 513733.7027909748, "y_26910": 5980514.566263929, "trips_per_busiest_weekday": 16, "frequency_band": 2, "route_count": 2, "routes": "91,96"}}, {"type": "Feature", "geometry": {"type": "Point", "coordinates": [-122.78971, 53.97514]}, "properties": {"stop_id": "105170", "stop_name": "Wildwood Cres at Sussex Lane", "stop_code": "105170", "lon": -122.78971, "lat": 53.97514, "x_26910": 513792.61554453673, "y_26910": 5980776.203503559, "trips_per_busiest_weekday": 16, "frequency_band": 2, "route_count": 2, "routes": "91,96"}}, {"type": "Feature", "geometry": {"type": "Point", "coordinates": [-122.79128, 53.977]}, "properties": {"stop_id": "105166", "stop_name": "Killarney Dr at Wildwood Cres", "stop_code": "105166", "lon": -122.79128, "lat": 53.977, "x_26910": 513689.031960399, "y_26910": 5980982.842223065, "trips_per_busiest_weekday": 16, "frequency_band": 2, "route_count": 2, "routes": "91,96"}}, {"type": "Feature", "geometry": {"type": "Point", "coordinates": [-122.79232, 53.97983]}, "properties": {"stop_id": "105171", "stop_name": "Killarney Dr at Carleton Lane", "stop_code": "105171", "lon": -122.79232, "lat": 53.97983, "x_26910": 513619.89992462896, "y_26910": 5981297.5071482975, "trips_per_busiest_weekday": 16, "frequency_band": 2, "route_count": 2, "routes": "91,96"}}, {"type": "Feature", "geometry": {"type": "Point", "coordinates": [-122.78595, 53.91614]}, "properties": {"stop_id": "105367", "stop_name": "Rainbow Dr at Ahbau St", "stop_code": "105367", "lon": -122.78595, "lat": 53.91614, "x_26910": 514059.0543848333, "y_26910": 5974212.6475003585, "trips_per_busiest_weekday": 23, "frequency_band": 3, "route_count": 1, "routes": "1"}}, {"type": "Feature", "geometry": {"type": "Point", "coordinates": [-122.78979, 53.91625]}, "properties": {"stop_id": "105366", "stop_name": "Rainbow Dr at Liard Dr", "stop_code": "105366", "lon": -122.78979, "lat": 53.91625, "x_26910": 513806.8027544813, "y_26910": 5974224.131302012, "trips_per_busiest_weekday": 23, "frequency_band": 3, "route_count": 1, "routes": "1"}}, {"type": "Feature", "geometry": {"type": "Point", "coordinates": [-122.79427, 53.91634]}, "properties": {"stop_id": "105365", "stop_name": "Rainbow Dr at Ospika Blvd", "stop_code": "105365", "lon": -122.79427, "lat": 53.91634, "x_26910": 513512.5232134679, "y_26910": 5974233.281422089, "trips_per_busiest_weekday": 23, "frequency_band": 3, "route_count": 1, "routes": "1"}}, {"type": "Feature", "geometry": {"type": "Point", "coordinates": [-122.79931, 53.91722]}, "properties": {"stop_id": "105364", "stop_name": "Rainbow Dr at Reid Cres", "stop_code": "105364", "lon": -122.79931, "lat": 53.91722, "x_26910": 513181.21494712034, "y_26910": 5974330.240265296, "trips_per_busiest_weekday": 23, "frequency_band": 3, "route_count": 1, "routes": "1"}}, {"type": "Feature", "geometry": {"type": "Point", "coordinates": [-122.80262, 53.91544]}, "properties": {"stop_id": "105363", "stop_name": "Kerry St at Inez Cres", "stop_code": "105363", "lon": -122.80262, "lat": 53.91544, "x_26910": 512964.3674879161, "y_26910": 5974131.589410386, "trips_per_busiest_weekday": 23, "frequency_band": 3, "route_count": 1, "routes": "1"}}, {"type": "Feature", "geometry": {"type": "Point", "coordinates": [-122.81131, 53.91091]}, "properties": {"stop_id": "105115", "stop_name": "Foothills Blvd at 15th Ave", "stop_code": "105115", "lon": -122.81131, "lat": 53.91091, "x_26910": 512394.9305000494, "y_26910": 5973626.033513898, "trips_per_busiest_weekday": 23, "frequency_band": 3, "route_count": 1, "routes": "1"}}, {"type": "Feature", "geometry": {"type": "Point", "coordinates": [-122.81341, 53.91325]}, "properties": {"stop_id": "105116", "stop_name": "Foothills Blvd at Limestone Cres", "stop_code": "105116", "lon": -122.81341, "lat": 53.91325, "x_26910": 512256.29778002243, "y_26910": 5973886.013707017, "trips_per_busiest_weekday": 23, "frequency_band": 3, "route_count": 1, "routes": "1"}}, {"type": "Feature", "geometry": {"type": "Point", "coordinates": [-122.8156, 53.91451]}, "properties": {"stop_id": "105117", "stop_name": "Foothills Blvd at Ochakwin Cres", "stop_code": "105117", "lon": -122.8156, "lat": 53.91451, "x_26910": 512112.0816055366, "y_26910": 5974025.823308101, "trips_per_busiest_weekday": 23, "frequency_band": 3, "route_count": 1, "routes": "1"}}, {"type": "Feature", "geometry": {"type": "Point", "coordinates": [-122.81487, 53.91662]}, "properties": {"stop_id": "105118", "stop_name": "Pilot St at Ochakwin Cres", "stop_code": "105118", "lon": -122.81487, "lat": 53.91662, "x_26910": 512159.41767946637, "y_26910": 5974260.704187088, "trips_per_busiest_weekday": 23, "frequency_band": 3, "route_count": 1, "routes": "1"}}, {"type": "Feature", "geometry": {"type": "Point", "coordinates": [-122.81169, 53.9177]}, "properties": {"stop_id": "105042", "stop_name": "Pilot St at Eaglenest Cres", "stop_code": "105042", "lon": -122.81169, "lat": 53.9177, "x_26910": 512367.962051618, "y_26910": 5974381.413726566, "trips_per_busiest_weekday": 23, "frequency_band": 3, "route_count": 1, "routes": "1"}}, {"type": "Feature", "geometry": {"type": "Point", "coordinates": [-122.81074, 53.92029]}, "properties": {"stop_id": "105041", "stop_name": "Pilot St at 5th Ave", "stop_code": "105041", "lon": -122.81074, "lat": 53.92029, "x_26910": 512429.5875010178, "y_26910": 5974669.74013163, "trips_per_busiest_weekday": 23, "frequency_band": 3, "route_count": 1, "routes": "1"}}, {"type": "Feature", "geometry": {"type": "Point", "coordinates": [-122.80895, 53.92052]}, "properties": {"stop_id": "105123", "stop_name": "5th Ave at Tabor Blvd", "stop_code": "105123", "lon": -122.80895, "lat": 53.92052, "x_26910": 512547.0760611367, "y_26910": 5974695.644980308, "trips_per_busiest_weekday": 23, "frequency_band": 3, "route_count": 1, "routes": "1"}}, {"type": "Feature", "geometry": {"type": "Point", "coordinates": [-122.8074, 53.92124]}, "properties": {"stop_id": "105359", "stop_name": "Tabor Blvd at 5th Ave", "stop_code": "105359", "lon": -122.8074, "lat": 53.92124, "x_26910": 512648.6534855573, "y_26910": 5974776.026768821, "trips_per_busiest_weekday": 23, "frequency_band": 3, "route_count": 1, "routes": "1"}}, {"type": "Feature", "geometry": {"type": "Point", "coordinates": [-122.8076, 53.92281]}, "properties": {"stop_id": "105358", "stop_name": "Hill Ave at Tabor Blvd", "stop_code": "105358", "lon": -122.8076, "lat": 53.92281, "x_26910": 512635.04479198524, "y_26910": 5974950.667476131, "trips_per_busiest_weekday": 23, "frequency_band": 3, "route_count": 1, "routes": "1"}}, {"type": "Feature", "geometry": {"type": "Point", "coordinates": [-122.81184, 53.92293]}, "properties": {"stop_id": "105357", "stop_name": "Hill Ave at Bic Dr", "stop_code": "105357", "lon": -122.81184, "lat": 53.92293, "x_26910": 512356.5658500447, "y_26910": 5974963.271159928, "trips_per_busiest_weekday": 23, "frequency_band": 3, "route_count": 1, "routes": "1"}}, {"type": "Feature", "geometry": {"type": "Point", "coordinates": [-122.81576, 53.92365]}, "properties": {"stop_id": "105356", "stop_name": "Killoren Cres at Mullett Cres", "stop_code": "105356", "lon": -122.81576, "lat": 53.92365, "x_26910": 512098.92947666853, "y_26910": 5975042.701393909, "trips_per_busiest_weekday": 23, "frequency_band": 3, "route_count": 1, "routes": "1"}}, {"type": "Feature", "geometry": {"type": "Point", "coordinates": [-122.81561, 53.92513]}, "properties": {"stop_id": "105355", "stop_name": "300 Blk Killoren Cres", "stop_code": "105355", "lon": -122.81561, "lat": 53.92513, "x_26910": 512108.35157041857, "y_26910": 5975207.390171152, "trips_per_busiest_weekday": 23, "frequency_band": 3, "route_count": 1, "routes": "1"}}, {"type": "Feature", "geometry": {"type": "Point", "coordinates": [-122.81967, 53.92526]}, "properties": {"stop_id": "105360", "stop_name": "Foothills Blvd at Killoren Cres", "stop_code": "105360", "lon": -122.81967, "lat": 53.92526, "x_26910": 511841.70673323126, "y_26910": 5975221.167984859, "trips_per_busiest_weekday": 23, "frequency_band": 3, "route_count": 1, "routes": "1"}}, {"type": "Feature", "geometry": {"type": "Point", "coordinates": [-122.82016, 53.9278]}, "properties": {"stop_id": "105354", "stop_name": "Foothills Blvd at Freimuller Ave", "stop_code": "105354", "lon": -122.82016, "lat": 53.9278, "x_26910": 511808.81305344956, "y_26910": 5975503.6839619465, "trips_per_busiest_weekday": 23, "frequency_band": 3, "route_count": 1, "routes": "1"}}, {"type": "Feature", "geometry": {"type": "Point", "coordinates": [-122.81788, 53.93111]}, "properties": {"stop_id": "105353", "stop_name": "1st Ave at Thacker Cres", "stop_code": "105353", "lon": -122.81788, "lat": 53.93111, "x_26910": 511957.578107707, "y_26910": 5975872.333462771, "trips_per_busiest_weekday": 23, "frequency_band": 3, "route_count": 1, "routes": "1"}}, {"type": "Feature", "geometry": {"type": "Point", "coordinates": [-122.81465, 53.93073]}, "properties": {"stop_id": "105352", "stop_name": "1st Ave at Zimmaro Ave", "stop_code": "105352", "lon": -122.81465, "lat": 53.93073, "x_26910": 512169.7627671596, "y_26910": 5975830.604750013, "trips_per_busiest_weekday": 23, "frequency_band": 3, "route_count": 1, "routes": "1"}}, {"type": "Feature", "geometry": {"type": "Point", "coordinates": [-122.81202, 53.92955]}, "properties": {"stop_id": "105351", "stop_name": "1st Ave at Freimuller Ave", "stop_code": "105351", "lon": -122.81202, "lat": 53.92955, "x_26910": 512342.7920244419, "y_26910": 5975699.773873672, "trips_per_busiest_weekday": 23, "frequency_band": 3, "route_count": 1, "routes": "1"}}, {"type": "Feature", "geometry": {"type": "Point", "coordinates": [-122.80926, 53.92792]}, "properties": {"stop_id": "105350", "stop_name": "1st Ave at Anderson St", "stop_code": "105350", "lon": -122.80926, "lat": 53.92792, "x_26910": 512524.50177827186, "y_26910": 5975518.905874445, "trips_per_busiest_weekday": 23, "frequency_band": 3, "route_count": 1, "routes": "1"}}, {"type": "Feature", "geometry": {"type": "Point", "coordinates": [-122.80576, 53.9272]}, "properties": {"stop_id": "105349", "stop_name": "1st Ave at Boyd St", "stop_code": "105349", "lon": -122.80576, "lat": 53.9272, "x_26910": 512754.54043615045, "y_26910": 5975439.423511131, "trips_per_busiest_weekday": 23, "frequency_band": 3, "route_count": 1, "routes": "1"}}, {"type": "Feature", "geometry": {"type": "Point", "coordinates": [-122.80311, 53.92801]}, "properties": {"stop_id": "105348", "stop_name": "Tabor Blvd at McArthur Pl", "stop_code": "105348", "lon": -122.80311, "lat": 53.92801, "x_26910": 512928.2990399922, "y_26910": 5975530.023307972, "trips_per_busiest_weekday": 23, "frequency_band": 3, "route_count": 1, "routes": "1"}}, {"type": "Feature", "geometry": {"type": "Point", "coordinates": [-122.80359, 53.92914]}, "properties": {"stop_id": "105347", "stop_name": "Tabor Blvd at McKinley Cres", "stop_code": "105347", "lon": -122.80359, "lat": 53.92914, "x_26910": 512896.43270160235, "y_26910": 5975655.658485306, "trips_per_busiest_weekday": 23, "frequency_band": 3, "route_count": 1, "routes": "1"}}, {"type": "Feature", "geometry": {"type": "Point", "coordinates": [-122.80392, 53.93097]}, "properties": {"stop_id": "105346", "stop_name": "Tabor Blvd at McPherson Pl", "stop_code": "105346", "lon": -122.80392, "lat": 53.93097, "x_26910": 512874.2014617836, "y_26910": 5975859.20242786, "trips_per_busiest_weekday": 23, "frequency_band": 3, "route_count": 1, "routes": "1"}}, {"type": "Feature", "geometry": {"type": "Point", "coordinates": [-122.8039, 53.9326]}, "properties": {"stop_id": "105345", "stop_name": "Tabor Blvd at Lofting Pl", "stop_code": "105345", "lon": -122.8039, "lat": 53.9326, "x_26910": 512875.0128987758, "y_26910": 5976040.5582478, "trips_per_busiest_weekday": 23, "frequency_band": 3, "route_count": 1, "routes": "1"}}, {"type": "Feature", "geometry": {"type": "Point", "coordinates": [-122.80387, 53.93417]}, "properties": {"stop_id": "105344", "stop_name": "Tabor Blvd at McDermid Dr", "stop_code": "105344", "lon": -122.80387, "lat": 53.93417, "x_26910": 512876.49922156136, "y_26910": 5976215.24039072, "trips_per_busiest_weekday": 23, "frequency_band": 3, "route_count": 1, "routes": "1"}}, {"type": "Feature", "geometry": {"type": "Point", "coordinates": [-122.80113, 53.93568]}, "properties": {"stop_id": "105343", "stop_name": "Tabor Blvd at Stirling Dr", "stop_code": "105343", "lon": -122.80113, "lat": 53.93568, "x_26910": 513055.9165239182, "y_26910": 5976383.742815207, "trips_per_busiest_weekday": 23, "frequency_band": 3, "route_count": 1, "routes": "1"}}, {"type": "Feature", "geometry": {"type": "Point", "coordinates": [-122.79843, 53.93554]}, "properties": {"stop_id": "105296", "stop_name": "Ospika Blvd N at Blair Cres", "stop_code": "105296", "lon": -122.79843, "lat": 53.93554, "x_26910": 513233.2169698387, "y_26910": 5976368.667260698, "trips_per_busiest_weekday": 23, "frequency_band": 3, "route_count": 1, "routes": "1"}}, {"type": "Feature", "geometry": {"type": "Point", "coordinates": [-122.79427, 53.92882]}, "properties": {"stop_id": "105297", "stop_name": "Ospika Blvd N at McIntyre Cres", "stop_code": "105297", "lon": -122.79427, "lat": 53.92882, "x_26910": 513508.493663234, "y_26910": 5975621.791485036, "trips_per_busiest_weekday": 23, "frequency_band": 3, "route_count": 1, "routes": "1"}}, {"type": "Feature", "geometry": {"type": "Point", "coordinates": [-122.79426, 53.92699]}, "properties": {"stop_id": "105298", "stop_name": "Ospika Blvd N at McRae Ave", "stop_code": "105298", "lon": -122.79426, "lat": 53.92699, "x_26910": 513509.74121590843, "y_26910": 5975418.1895703375, "trips_per_busiest_weekday": 23, "frequency_band": 3, "route_count": 1, "routes": "1"}}, {"type": "Feature", "geometry": {"type": "Point", "coordinates": [-122.79428, 53.9232]}, "properties": {"stop_id": "105299", "stop_name": "Ospika Blvd at Nugget Ave", "stop_code": "105299", "lon": -122.79428, "lat": 53.9232, "x_26910": 513509.6516324802, "y_26910": 5974996.514656777, "trips_per_busiest_weekday": 23, "frequency_band": 3, "route_count": 1, "routes": "1"}}, {"type": "Feature", "geometry": {"type": "Point", "coordinates": [-122.79431, 53.92157]}, "properties": {"stop_id": "105300", "stop_name": "Ospika Blvd at Pioneer Ave", "stop_code": "105300", "lon": -122.79431, "lat": 53.92157, "x_26910": 513508.2077240376, "y_26910": 5974815.157070629, "trips_per_busiest_weekday": 23, "frequency_band": 3, "route_count": 1, "routes": "1"}}, {"type": "Feature", "geometry": {"type": "Point", "coordinates": [-122.79403, 53.92174]}, "properties": {"stop_id": "105301", "stop_name": "Ospika Blvd at Pioneer Ave", "stop_code": "105301", "lon": -122.79403, "lat": 53.92174, "x_26910": 513526.54108923103, "y_26910": 5974834.124456268, "trips_per_busiest_weekday": 19, "frequency_band": 2, "route_count": 1, "routes": "11"}}, {"type": "Feature", "geometry": {"type": "Point", "coordinates": [-122.79406, 53.9232]}, "properties": {"stop_id": "105302", "stop_name": "Ospika Blvd at 2nd Ave", "stop_code": "105302", "lon": -122.79406, "lat": 53.9232, "x_26910": 513524.0990340411, "y_26910": 5974996.556604825, "trips_per_busiest_weekday": 19, "frequency_band": 2, "route_count": 1, "routes": "11"}}, {"type": "Feature", "geometry": {"type": "Point", "coordinates": [-122.79402, 53.92575]}, "properties": {"stop_id": "105303", "stop_name": "Ospika Blvd N at McLeod Ave", "stop_code": "105303", "lon": -122.79402, "lat": 53.92575, "x_26910": 513525.90146806685, "y_26910": 5975280.274313994, "trips_per_busiest_weekday": 19, "frequency_band": 2, "route_count": 1, "routes": "11"}}, {"type": "Feature", "geometry": {"type": "Point", "coordinates": [-122.79396, 53.92714]}, "properties": {"stop_id": "105304", "stop_name": "Ospika Blvd N at McRae Ave", "stop_code": "105304", "lon": -122.79396, "lat": 53.92714, "x_26910": 513529.39192561904, "y_26910": 5975434.935621768, "trips_per_busiest_weekday": 19, "frequency_band": 2, "route_count": 1, "routes": "11"}}, {"type": "Feature", "geometry": {"type": "Point", "coordinates": [-122.79396, 53.93032]}, "properties": {"stop_id": "105305", "stop_name": "Ospika Blvd N at McDermid Dr", "stop_code": "105305", "lon": -122.79396, "lat": 53.93032, "x_26910": 513528.3635365875, "y_26910": 5975788.739028665, "trips_per_busiest_weekday": 19, "frequency_band": 2, "route_count": 1, "routes": "11"}}, {"type": "Feature", "geometry": {"type": "Point", "coordinates": [-122.79841, 53.93582]}, "properties": {"stop_id": "105306", "stop_name": "Ospika Blvd N at Tabor Blvd", "stop_code": "105306", "lon": -122.79841, "lat": 53.93582, "x_26910": 513234.4413804881, "y_26910": 5976399.823534997, "trips_per_busiest_weekday": 19, "frequency_band": 2, "route_count": 1, "routes": "11"}}, {"type": "Feature", "geometry": {"type": "Point", "coordinates": [-122.80116, 53.93585]}, "properties": {"stop_id": "105307", "stop_name": "Tabor Blvd at Stirling Dr", "stop_code": "105307", "lon": -122.80116, "lat": 53.93585, "x_26910": 513053.8939506736, "y_26910": 5976402.651333076, "trips_per_busiest_weekday": 19, "frequency_band": 2, "route_count": 1, "routes": "11"}}, {"type": "Feature", "geometry": {"type": "Point", "coordinates": [-122.80415, 53.93417]}, "properties": {"stop_id": "105308", "stop_name": "Tabor Blvd at Galinis Ave", "stop_code": "105308", "lon": -122.80415, "lat": 53.93417, "x_26910": 512858.1164372761, "y_26910": 5976215.189560857, "trips_per_busiest_weekday": 19, "frequency_band": 2, "route_count": 1, "routes": "11"}}, {"type": "Feature", "geometry": {"type": "Point", "coordinates": [-122.8042, 53.93261]}, "properties": {"stop_id": "180036", "stop_name": "Tabor Blvd at Ewen Ave", "stop_code": "180036", "lon": -122.8042, "lat": 53.93261, "x_26910": 512855.3132457887, "y_26910": 5976041.616387655, "trips_per_busiest_weekday": 19, "frequency_band": 2, "route_count": 1, "routes": "11"}}, {"type": "Feature", "geometry": {"type": "Point", "coordinates": [-122.8041, 53.93084]}, "properties": {"stop_id": "105309", "stop_name": "Tabor Blvd at Corless Cres", "stop_code": "105309", "lon": -122.8041, "lat": 53.93084, "x_26910": 512862.423026658, "y_26910": 5975844.7060810495, "trips_per_busiest_weekday": 19, "frequency_band": 2, "route_count": 1, "routes": "11"}}, {"type": "Feature", "geometry": {"type": "Point", "coordinates": [-122.80391, 53.92932]}, "properties": {"stop_id": "105310", "stop_name": "Tabor Blvd at Baxter Ave", "stop_code": "105310", "lon": -122.80391, "lat": 53.92932, "x_26910": 512875.3658789449, "y_26910": 5975675.626927041, "trips_per_busiest_weekday": 19, "frequency_band": 2, "route_count": 1, "routes": "11"}}, {"type": "Feature", "geometry": {"type": "Point", "coordinates": [-122.80354, 53.92826]}, "properties": {"stop_id": "105312", "stop_name": "Tabor Blvd at McArthur Pl", "stop_code": "105312", "lon": -122.80354, "lat": 53.92826, "x_26910": 512899.98708982434, "y_26910": 5975557.759705068, "trips_per_busiest_weekday": 19, "frequency_band": 2, "route_count": 1, "routes": "11"}}, {"type": "Feature", "geometry": {"type": "Point", "coordinates": [-122.80563, 53.92732]}, "properties": {"stop_id": "105311", "stop_name": "1st Ave at Corless Cres", "stop_code": "105311", "lon": -122.80563, "lat": 53.92732, "x_26910": 512763.0401143524, "y_26910": 5975452.797981219, "trips_per_busiest_weekday": 19, "frequency_band": 2, "route_count": 1, "routes": "11"}}, {"type": "Feature", "geometry": {"type": "Point", "coordinates": [-122.80919, 53.92802]}, "properties": {"stop_id": "105313", "stop_name": "1st Ave at Anderson St", "stop_code": "105313", "lon": -122.80919, "lat": 53.92802, "x_26910": 512529.06821295165, "y_26910": 5975530.044139666, "trips_per_busiest_weekday": 19, "frequency_band": 2, "route_count": 1, "routes": "11"}}, {"type": "Feature", "geometry": {"type": "Point", "coordinates": [-122.81193, 53.92966]}, "properties": {"stop_id": "105314", "stop_name": "1st Ave at Freimuller Ave", "stop_code": "105314", "lon": -122.81193, "lat": 53.92966, "x_26910": 512348.6689590252, "y_26910": 5975712.028037128, "trips_per_busiest_weekday": 19, "frequency_band": 2, "route_count": 1, "routes": "11"}}, {"type": "Feature", "geometry": {"type": "Point", "coordinates": [-122.81509, 53.93107]}, "properties": {"stop_id": "105315", "stop_name": "1st Ave at Zimmaro Ave", "stop_code": "105315", "lon": -122.81509, "lat": 53.93107, "x_26910": 512140.77447312616, "y_26910": 5975868.357363115, "trips_per_busiest_weekday": 19, "frequency_band": 2, "route_count": 1, "routes": "11"}}, {"type": "Feature", "geometry": {"type": "Point", "coordinates": [-122.81827, 53.93123]}, "properties": {"stop_id": "105316", "stop_name": "1st Ave at Van Somer St", "stop_code": "105316", "lon": -122.81827, "lat": 53.93123, "x_26910": 511931.93740628945, "y_26910": 5975885.618825867, "trips_per_busiest_weekday": 19, "frequency_band": 2, "route_count": 1, "routes": "11"}}, {"type": "Feature", "geometry": {"type": "Point", "coordinates": [-122.8184, 53.92498]}, "properties": {"stop_id": "105317", "stop_name": "Killoren Cres at Foothills Blvd", "stop_code": "105317", "lon": -122.8184, "lat": 53.92498, "x_26910": 511925.18337890785, "y_26910": 5975190.2283851765, "trips_per_busiest_weekday": 19, "frequency_band": 2, "route_count": 1, "routes": "11"}}, {"type": "Feature", "geometry": {"type": "Point", "coordinates": [-122.81584, 53.92374]}, "properties": {"stop_id": "105318", "stop_name": "Killoren Cres at Mullett Cres", "stop_code": "105318", "lon": -122.81584, "lat": 53.92374, "x_26910": 512093.64991767076, "y_26910": 5975052.701042636, "trips_per_busiest_weekday": 19, "frequency_band": 2, "route_count": 1, "routes": "11"}}, {"type": "Feature", "geometry": {"type": "Point", "coordinates": [-122.81019, 53.9228]}, "properties": {"stop_id": "105319", "stop_name": "Hill Ave at Anderson St", "stop_code": "105319", "lon": -122.81019, "lat": 53.9228, "x_26910": 512464.9608209897, "y_26910": 5974949.096372121, "trips_per_busiest_weekday": 19, "frequency_band": 2, "route_count": 1, "routes": "11"}}, {"type": "Feature", "geometry": {"type": "Point", "coordinates": [-122.80852, 53.9228]}, "properties": {"stop_id": "105320", "stop_name": "Hill Ave at Graham St", "stop_code": "105320", "lon": -122.80852, "lat": 53.9228, "x_26910": 512574.6308119685, "y_26910": 5974949.391305614, "trips_per_busiest_weekday": 19, "frequency_band": 2, "route_count": 1, "routes": "11"}}, {"type": "Feature", "geometry": {"type": "Point", "coordinates": [-122.80758, 53.9222]}, "properties": {"stop_id": "105321", "stop_name": "Tabor Blvd at Hill Ave", "stop_code": "105321", "lon": -122.80758, "lat": 53.9222, "x_26910": 512636.5424192173, "y_26910": 5974882.8031453965, "trips_per_busiest_weekday": 19, "frequency_band": 2, "route_count": 1, "routes": "11"}}, {"type": "Feature", "geometry": {"type": "Point", "coordinates": [-122.80839, 53.92074]}, "properties": {"stop_id": "105108", "stop_name": "5th Ave at Tabor Blvd", "stop_code": "105108", "lon": -122.80839, "lat": 53.92074, "x_26910": 512583.78747361636, "y_26910": 5974720.221176663, "trips_per_busiest_weekday": 19, "frequency_band": 2, "route_count": 1, "routes": "11"}}, {"type": "Feature", "geometry": {"type": "Point", "coordinates": [-122.81094, 53.92031]}, "properties": {"stop_id": "105109", "stop_name": "Pilot St at 5th Ave", "stop_code": "105109", "lon": -122.81094, "lat": 53.92031, "x_26910": 512416.44664798083, "y_26910": 5974671.930260616, "trips_per_busiest_weekday": 19, "frequency_band": 2, "route_count": 1, "routes": "11"}}, {"type": "Feature", "geometry": {"type": "Point", "coordinates": [-122.81321, 53.91677]}, "properties": {"stop_id": "105110", "stop_name": "Pilot St at Selwyn Cres", "stop_code": "105110", "lon": -122.81321, "lat": 53.91677, "x_26910": 512268.40310291643, "y_26910": 5974277.678982015, "trips_per_busiest_weekday": 19, "frequency_band": 2, "route_count": 1, "routes": "11"}}, {"type": "Feature", "geometry": {"type": "Point", "coordinates": [-122.81565, 53.91605]}, "properties": {"stop_id": "105111", "stop_name": "Ochakwin Cres at Robson Ave", "stop_code": "105111", "lon": -122.81565, "lat": 53.91605, "x_26910": 512108.3519020418, "y_26910": 5974197.153206018, "trips_per_busiest_weekday": 19, "frequency_band": 2, "route_count": 1, "routes": "11"}}, {"type": "Feature", "geometry": {"type": "Point", "coordinates": [-122.81296, 53.91255]}, "properties": {"stop_id": "105112", "stop_name": "Foothills Blvd at Cascade Ave", "stop_code": "105112", "lon": -122.81296, "lat": 53.91255, "x_26910": 512286.06177803903, "y_26910": 5973808.210518006, "trips_per_busiest_weekday": 19, "frequency_band": 2, "route_count": 1, "routes": "11"}}, {"type": "Feature", "geometry": {"type": "Point", "coordinates": [-122.80649, 53.9148]}, "properties": {"stop_id": "105323", "stop_name": "Davie Ave at Tabor Blvd", "stop_code": "105323", "lon": -122.80649, "lat": 53.9148, "x_26910": 512710.37173143635, "y_26910": 5974059.6831043605, "trips_per_busiest_weekday": 19, "frequency_band": 2, "route_count": 1, "routes": "11"}}, {"type": "Feature", "geometry": {"type": "Point", "coordinates": [-122.80227, 53.91615]}, "properties": {"stop_id": "105324", "stop_name": "Kerry St at Inez Cres", "stop_code": "105324", "lon": -122.80227, "lat": 53.91615, "x_26910": 512987.13594487286, "y_26910": 5974210.64715225, "trips_per_busiest_weekday": 19, "frequency_band": 2, "route_count": 1, "routes": "11"}}, {"type": "Feature", "geometry": {"type": "Point", "coordinates": [-122.80137, 53.91744]}, "properties": {"stop_id": "105325", "stop_name": "Kerry St at Lacoma St", "stop_code": "105325", "lon": -122.80137, "lat": 53.91744, "x_26910": 513045.8468060343, "y_26910": 5974354.336149819, "trips_per_busiest_weekday": 19, "frequency_band": 2, "route_count": 1, "routes": "11"}}, {"type": "Feature", "geometry": {"type": "Point", "coordinates": [-122.79913, 53.91707]}, "properties": {"stop_id": "105326", "stop_name": "Rainbow Dr at Reid Cres", "stop_code": "105326", "lon": -122.79913, "lat": 53.91707, "x_26910": 513193.08452348347, "y_26910": 5974313.584937371, "trips_per_busiest_weekday": 19, "frequency_band": 2, "route_count": 1, "routes": "11"}}, {"type": "Feature", "geometry": {"type": "Point", "coordinates": [-122.79521, 53.91631]}, "properties": {"stop_id": "105327", "stop_name": "Rainbow Dr at Ospika Blvd", "stop_code": "105327", "lon": -122.79521, "lat": 53.91631, "x_26910": 513450.7929274608, "y_26910": 5974229.764911018, "trips_per_busiest_weekday": 19, "frequency_band": 2, "route_count": 1, "routes": "11"}}, {"type": "Feature", "geometry": {"type": "Point", "coordinates": [-122.78962, 53.91608]}, "properties": {"stop_id": "105328", "stop_name": "Rainbow Dr at Liard Dr", "stop_code": "105328", "lon": -122.78962, "lat": 53.91608, "x_26910": 513818.02463466977, "y_26910": 5974205.2504448965, "trips_per_busiest_weekday": 19, "frequency_band": 2, "route_count": 1, "routes": "11"}}, {"type": "Feature", "geometry": {"type": "Point", "coordinates": [-122.78645, 53.91593]}, "properties": {"stop_id": "105329", "stop_name": "Rainbow Dr at Union St", "stop_code": "105329", "lon": -122.78645, "lat": 53.91593, "x_26910": 514026.28422280104, "y_26910": 5974189.184141636, "trips_per_busiest_weekday": 19, "frequency_band": 2, "route_count": 1, "routes": "11"}}, {"type": "Feature", "geometry": {"type": "Point", "coordinates": [-122.78503, 53.91646]}, "properties": {"stop_id": "105220", "stop_name": "Ahbau St at Rainbow Dr", "stop_code": "105220", "lon": -122.78503, "lat": 53.91646, "x_26910": 514119.37302098225, "y_26910": 5974248.433109758, "trips_per_busiest_weekday": 48, "frequency_band": 5, "route_count": 2, "routes": "10,11"}}, {"type": "Feature", "geometry": {"type": "Point", "coordinates": [-122.77928, 53.91536]}, "properties": {"stop_id": "105219", "stop_name": "10th Ave at Johnson St", "stop_code": "105219", "lon": -122.77928, "lat": 53.91536, "x_26910": 514497.41730856686, "y_26910": 5974127.209037732, "trips_per_busiest_weekday": 29, "frequency_band": 4, "route_count": 1, "routes": "10"}}, {"type": "Feature", "geometry": {"type": "Point", "coordinates": [-122.77634, 53.91535]}, "properties": {"stop_id": "105218", "stop_name": "10th Ave at Harper St", "stop_code": "105218", "lon": -122.77634, "lat": 53.91535, "x_26910": 514690.52674996405, "y_26910": 5974126.701639511, "trips_per_busiest_weekday": 29, "frequency_band": 4, "route_count": 1, "routes": "10"}}, {"type": "Feature", "geometry": {"type": "Point", "coordinates": [-122.7734, 53.91535]}, "properties": {"stop_id": "105217", "stop_name": "10th Ave at Freeman St", "stop_code": "105217", "lon": -122.7734, "lat": 53.91535, "x_26910": 514883.6327158044, "y_26910": 5974127.314835655, "trips_per_busiest_weekday": 29, "frequency_band": 4, "route_count": 1, "routes": "10"}}, {"type": "Feature", "geometry": {"type": "Point", "coordinates": [-122.77047, 53.91537]}, "properties": {"stop_id": "105216", "stop_name": "10th Ave at Douglas St", "stop_code": "105216", "lon": -122.77047, "lat": 53.91537, "x_26910": 515076.074642726, "y_26910": 5974130.159085759, "trips_per_busiest_weekday": 29, "frequency_band": 4, "route_count": 1, "routes": "10"}}, {"type": "Feature", "geometry": {"type": "Point", "coordinates": [-122.76617, 53.91536]}, "properties": {"stop_id": "105215", "stop_name": "10th Ave at Alward St", "stop_code": "105215", "lon": -122.76617, "lat": 53.91536, "x_26910": 515358.51203354355, "y_26910": 5974129.969444267, "trips_per_busiest_weekday": 29, "frequency_band": 4, "route_count": 1, "routes": "10"}}, {"type": "Feature", "geometry": {"type": "Point", "coordinates": [-122.76378, 53.91497]}, "properties": {"stop_id": "105214", "stop_name": "Laurier Cres at Lethbridge St", "stop_code": "105214", "lon": -122.76378, "lat": 53.91497, "x_26910": 515515.63723500347, "y_26910": 5974087.098977988, "trips_per_busiest_weekday": 28, "frequency_band": 3, "route_count": 1, "routes": "10"}}, {"type": "Feature", "geometry": {"type": "Point", "coordinates": [-122.7637, 53.91271]}, "properties": {"stop_id": "105213", "stop_name": "Lethbridge St at UHNBC", "stop_code": "105213", "lon": -122.7637, "lat": 53.91271, "x_26910": 515521.72991171357, "y_26910": 5973835.672083108, "trips_per_busiest_weekday": 29, "frequency_band": 4, "route_count": 1, "routes": "10"}}, {"type": "Feature", "geometry": {"type": "Point", "coordinates": [-122.75662, 53.91328]}, "properties": {"stop_id": "105211", "stop_name": "10th Ave at Vancouver St", "stop_code": "105211", "lon": -122.75662, "lat": 53.91328, "x_26910": 515986.57209239807, "y_26910": 5973900.662667922, "trips_per_busiest_weekday": 29, "frequency_band": 4, "route_count": 1, "routes": "10"}}, {"type": "Feature", "geometry": {"type": "Point", "coordinates": [-122.75437, 53.91397]}, "properties": {"stop_id": "180022", "stop_name": "Vancouver St at 9th Ave", "stop_code": "180022", "lon": -122.75437, "lat": 53.91397, "x_26910": 516134.09855130274, "y_26910": 5973977.940755716, "trips_per_busiest_weekday": 29, "frequency_band": 4, "route_count": 1, "routes": "10"}}, {"type": "Feature", "geometry": {"type": "Point", "coordinates": [-122.76332, 53.91092]}, "properties": {"stop_id": "105207", "stop_name": "Edmonton St at 15th Ave - UHNBC", "stop_code": "105207", "lon": -122.76332, "lat": 53.91092, "x_26910": 515547.35556670785, "y_26910": 5973636.60254081, "trips_per_busiest_weekday": 29, "frequency_band": 4, "route_count": 1, "routes": "10"}}, {"type": "Feature", "geometry": {"type": "Point", "coordinates": [-122.76353, 53.91279]}, "properties": {"stop_id": "105206", "stop_name": "Lethbridge St at UHNBC", "stop_code": "105206", "lon": -122.76353, "lat": 53.91279, "x_26910": 515532.8669182529, "y_26910": 5973844.60999901, "trips_per_busiest_weekday": 29, "frequency_band": 4, "route_count": 1, "routes": "10"}}, {"type": "Feature", "geometry": {"type": "Point", "coordinates": [-122.76396, 53.91531]}, "properties": {"stop_id": "180026", "stop_name": "Laurier Cres at 10th Ave", "stop_code": "180026", "lon": -122.76396, "lat": 53.91531, "x_26910": 515503.6883750921, "y_26910": 5974124.887528682, "trips_per_busiest_weekday": 29, "frequency_band": 4, "route_count": 1, "routes": "10"}}, {"type": "Feature", "geometry": {"type": "Point", "coordinates": [-122.76551, 53.91546]}, "properties": {"stop_id": "180025", "stop_name": "10th Ave at Alward St", "stop_code": "180025", "lon": -122.76551, "lat": 53.91546, "x_26910": 515401.82553529146, "y_26910": 5974141.238483988, "trips_per_busiest_weekday": 29, "frequency_band": 4, "route_count": 1, "routes": "10"}}, {"type": "Feature", "geometry": {"type": "Point", "coordinates": [-122.76825, 53.91543]}, "properties": {"stop_id": "180024", "stop_name": "10th Ave at Burden St", "stop_code": "180024", "lon": -122.76825, "lat": 53.91543, "x_26910": 515221.8674438776, "y_26910": 5974137.308961407, "trips_per_busiest_weekday": 29, "frequency_band": 4, "route_count": 1, "routes": "10"}}, {"type": "Feature", "geometry": {"type": "Point", "coordinates": [-122.77116, 53.91544]}, "properties": {"stop_id": "180021", "stop_name": "10th Ave at Douglas St", "stop_code": "180021", "lon": -122.77116, "lat": 53.91544, "x_26910": 515030.7287421482, "y_26910": 5974137.800684605, "trips_per_busiest_weekday": 29, "frequency_band": 4, "route_count": 1, "routes": "10"}}, {"type": "Feature", "geometry": {"type": "Point", "coordinates": [-122.77412, 53.91544]}, "properties": {"stop_id": "180019", "stop_name": "10th Ave at Freeman St", "stop_code": "180019", "lon": -122.77412, "lat": 53.91544, "x_26910": 514836.30955746945, "y_26910": 5974137.177202386, "trips_per_busiest_weekday": 29, "frequency_band": 4, "route_count": 1, "routes": "10"}}, {"type": "Feature", "geometry": {"type": "Point", "coordinates": [-122.77732, 53.91542]}, "properties": {"stop_id": "180020", "stop_name": "10th Ave at Harper St", "stop_code": "180020", "lon": -122.77732, "lat": 53.91542, "x_26910": 514626.1336305258, "y_26910": 5974134.287125652, "trips_per_busiest_weekday": 29, "frequency_band": 4, "route_count": 1, "routes": "10"}}, {"type": "Feature", "geometry": {"type": "Point", "coordinates": [-122.78011, 53.91543]}, "properties": {"stop_id": "180018", "stop_name": "10th Ave at Johnson St", "stop_code": "180018", "lon": -122.78011, "lat": 53.91543, "x_26910": 514442.8768510129, "y_26910": 5974134.827740538, "trips_per_busiest_weekday": 29, "frequency_band": 4, "route_count": 1, "routes": "10"}}, {"type": "Feature", "geometry": {"type": "Point", "coordinates": [-122.76009, 53.91507]}, "properties": {"stop_id": "180052", "stop_name": "Edmonton St at Ross Cres", "stop_code": "180052", "lon": -122.76009, "lat": 53.91507, "x_26910": 515757.9694109769, "y_26910": 5974099.038684665, "trips_per_busiest_weekday": 1, "frequency_band": 1, "route_count": 1, "routes": "10"}}, {"type": "Feature", "geometry": {"type": "Point", "coordinates": [-122.81478, 53.85797]}, "properties": {"stop_id": "105262", "stop_name": "Bear Rd at Kimball Rd", "stop_code": "105262", "lon": -122.81478, "lat": 53.85797, "x_26910": 512182.3702024825, "y_26910": 5967735.4259969555, "trips_per_busiest_weekday": 2, "frequency_band": 1, "route_count": 1, "routes": "12"}}, {"type": "Feature", "geometry": {"type": "Point", "coordinates": [-122.79909, 53.97795]}, "properties": {"stop_id": "105149", "stop_name": "Highland Dr at Berwick Dr", "stop_code": "105149", "lon": -122.79909, "lat": 53.97795, "x_26910": 513176.50911371387, "y_26910": 5981087.0581634715, "trips_per_busiest_weekday": 15, "frequency_band": 2, "route_count": 2, "routes": "91,96"}}, {"type": "Feature", "geometry": {"type": "Point", "coordinates": [-122.79797, 53.97833]}, "properties": {"stop_id": "105402", "stop_name": "Highland Dr at Berwick Dr", "stop_code": "105402", "lon": -122.79797, "lat": 53.97833, "x_26910": 513249.8426804474, "y_26910": 5981129.545812415, "trips_per_busiest_weekday": 1, "frequency_band": 1, "route_count": 1, "routes": "96"}}, {"type": "Feature", "geometry": {"type": "Point", "coordinates": [-122.80493, 53.98512]}, "properties": {"stop_id": "105504", "stop_name": "Vellencher Rd at Tasa Pl", "stop_code": "105504", "lon": -122.80493, "lat": 53.98512, "x_26910": 512791.30144702905, "y_26910": 5981883.721466032, "trips_per_busiest_weekday": 2, "frequency_band": 1, "route_count": 1, "routes": "96"}}, {"type": "Feature", "geometry": {"type": "Point", "coordinates": [-122.80734, 53.98405]}, "properties": {"stop_id": "105505", "stop_name": "Stauble Rd at Vellencher Rd", "stop_code": "105505", "lon": -122.80734, "lat": 53.98405, "x_26910": 512633.59478580946, "y_26910": 5981764.240756905, "trips_per_busiest_weekday": 2, "frequency_band": 1, "route_count": 1, "routes": "96"}}, {"type": "Feature", "geometry": {"type": "Point", "coordinates": [-122.80358, 53.98156]}, "properties": {"stop_id": "105506", "stop_name": "Stauble Rd at Enns Rd", "stop_code": "105506", "lon": -122.80358, "lat": 53.98156, "x_26910": 512880.9230233768, "y_26910": 5981487.880600589, "trips_per_busiest_weekday": 2, "frequency_band": 1, "route_count": 1, "routes": "96"}}, {"type": "Feature", "geometry": {"type": "Point", "coordinates": [-122.78726, 53.96886]}, "properties": {"stop_id": "105152", "stop_name": "Carlisle Way at Canan Way", "stop_code": "105152", "lon": -122.78726, "lat": 53.96886, "x_26910": 513955.4053750226, "y_26910": 5980077.972210158, "trips_per_busiest_weekday": 2, "frequency_band": 1, "route_count": 1, "routes": "96"}}, {"type": "Feature", "geometry": {"type": "Point", "coordinates": [-122.78413, 53.96598]}, "properties": {"stop_id": "105175", "stop_name": "Panorama Cres at Panorama Pl", "stop_code": "105175", "lon": -122.78413, "lat": 53.96598, "x_26910": 514161.7043891013, "y_26910": 5979758.165533031, "trips_per_busiest_weekday": 2, "frequency_band": 1, "route_count": 1, "routes": "96"}}, {"type": "Feature", "geometry": {"type": "Point", "coordinates": [-122.78636, 53.96352]}, "properties": {"stop_id": "105154", "stop_name": "Panorama Cres at Sadler Dr", "stop_code": "105154", "lon": -122.78636, "lat": 53.96352, "x_26910": 514016.23533912376, "y_26910": 5979484.02352421, "trips_per_busiest_weekday": 2, "frequency_band": 1, "route_count": 1, "routes": "96"}}, {"type": "Feature", "geometry": {"type": "Point", "coordinates": [-122.78569, 53.96535]}, "properties": {"stop_id": "105172", "stop_name": "Sadler Dr at Ridgeview Cres", "stop_code": "105172", "lon": -122.78569, "lat": 53.96535, "x_26910": 514059.5759820422, "y_26910": 5979687.761300867, "trips_per_busiest_weekday": 2, "frequency_band": 1, "route_count": 1, "routes": "96"}}, {"type": "Feature", "geometry": {"type": "Point", "coordinates": [-122.78921, 53.96832]}, "properties": {"stop_id": "105155", "stop_name": "Ridgeview Dr at Canan Way", "stop_code": "105155", "lon": -122.78921, "lat": 53.96832, "x_26910": 513827.6674067331, "y_26910": 5980017.509653773, "trips_per_busiest_weekday": 2, "frequency_band": 1, "route_count": 1, "routes": "96"}}, {"type": "Feature", "geometry": {"type": "Point", "coordinates": [-122.80105, 53.99192]}, "properties": {"stop_id": "105147", "stop_name": "Kelly Rd S at Richet St", "stop_code": "105147", "lon": -122.80105, "lat": 53.99192, "x_26910": 513043.59887179424, "y_26910": 5982640.997496299, "trips_per_busiest_weekday": 3, "frequency_band": 1, "route_count": 1, "routes": "96"}}, {"type": "Feature", "geometry": {"type": "Point", "coordinates": [-122.80308, 53.99625]}, "properties": {"stop_id": "105177", "stop_name": "Handlen Rd at Kelly Rd S", "stop_code": "105177", "lon": -122.80308, "lat": 53.99625, "x_26910": 512909.1683415317, "y_26910": 5983122.382093484, "trips_per_busiest_weekday": 6, "frequency_band": 1, "route_count": 2, "routes": "96,97"}}, {"type": "Feature", "geometry": {"type": "Point", "coordinates": [-122.80755, 53.99415]}, "properties": {"stop_id": "105169", "stop_name": "Heather Park Rd at Gray Dr", "stop_code": "105169", "lon": -122.80755, "lat": 53.99415, "x_26910": 512616.77094387106, "y_26910": 5982887.930179978, "trips_per_busiest_weekday": 10, "frequency_band": 1, "route_count": 2, "routes": "96,97"}}, {"type": "Feature", "geometry": {"type": "Point", "coordinates": [-122.78784, 53.98434]}, "properties": {"stop_id": "105189", "stop_name": "Winslow Dr at Kim Pl", "stop_code": "105189", "lon": -122.78784, "lat": 53.98434, "x_26910": 513912.2003574086, "y_26910": 5981800.159989839, "trips_per_busiest_weekday": 1, "frequency_band": 1, "route_count": 1, "routes": "97"}}, {"type": "Feature", "geometry": {"type": "Point", "coordinates": [-122.78553, 53.98459]}, "properties": {"stop_id": "105196", "stop_name": "Winslow Dr at Cottonwood Pl", "stop_code": "105196", "lon": -122.78553, "lat": 53.98459, "x_26910": 514063.59208784427, "y_26910": 5981828.431136352, "trips_per_busiest_weekday": 1, "frequency_band": 1, "route_count": 1, "routes": "97"}}, {"type": "Feature", "geometry": {"type": "Point", "coordinates": [-122.78429, 53.98707]}, "properties": {"stop_id": "105195", "stop_name": "Birchwood Dr at Hazel Dr", "stop_code": "105195", "lon": -122.78429, "lat": 53.98707, "x_26910": 514144.06308965303, "y_26910": 5982104.602774107, "trips_per_busiest_weekday": 1, "frequency_band": 1, "route_count": 1, "routes": "97"}}, {"type": "Feature", "geometry": {"type": "Point", "coordinates": [-122.78773, 53.99244]}, "properties": {"stop_id": "180033", "stop_name": "Eden Dr at Dagg Rd", "stop_code": "180033", "lon": -122.78773, "lat": 53.99244, "x_26910": 513916.7127387026, "y_26910": 5982701.3878404815, "trips_per_busiest_weekday": 1, "frequency_band": 1, "route_count": 1, "routes": "97"}}, {"type": "Feature", "geometry": {"type": "Point", "coordinates": [-122.78335, 53.99338]}, "properties": {"stop_id": "180045", "stop_name": "Eden Dr at Glenview Dr", "stop_code": "180045", "lon": -122.78335, "lat": 53.99338, "x_26910": 514203.5512299001, "y_26910": 5982806.841825525, "trips_per_busiest_weekday": 1, "frequency_band": 1, "route_count": 1, "routes": "97"}}, {"type": "Feature", "geometry": {"type": "Point", "coordinates": [-122.78091, 53.99338]}, "properties": {"stop_id": "180046", "stop_name": "Eden Dr at Langer Cres", "stop_code": "180046", "lon": -122.78091, "lat": 53.99338, "x_26910": 514363.5171346579, "y_26910": 5982807.333893963, "trips_per_busiest_weekday": 1, "frequency_band": 1, "route_count": 1, "routes": "97"}}, {"type": "Feature", "geometry": {"type": "Point", "coordinates": [-122.77769, 53.99337]}, "properties": {"stop_id": "180047", "stop_name": "Eden Dr at Dawson Rd", "stop_code": "180047", "lon": -122.77769, "lat": 53.99337, "x_26910": 514574.6231610062, "y_26910": 5982806.879096926, "trips_per_busiest_weekday": 1, "frequency_band": 1, "route_count": 1, "routes": "97"}}, {"type": "Feature", "geometry": {"type": "Point", "coordinates": [-122.78227, 53.98967]}, "properties": {"stop_id": "180049", "stop_name": "Austin Rd E at Driftwood Rd", "stop_code": "180049", "lon": -122.78227, "lat": 53.98967, "x_26910": 514275.62469579704, "y_26910": 5982394.284065302, "trips_per_busiest_weekday": 1, "frequency_band": 1, "route_count": 1, "routes": "97"}}, {"type": "Feature", "geometry": {"type": "Point", "coordinates": [-122.78489, 53.98966]}, "properties": {"stop_id": "180050", "stop_name": "Austin Rd E at Dagg Rd", "stop_code": "180050", "lon": -122.78489, "lat": 53.98966, "x_26910": 514103.8461325538, "y_26910": 5982392.6465908, "trips_per_busiest_weekday": 1, "frequency_band": 1, "route_count": 1, "routes": "97"}}, {"type": "Feature", "geometry": {"type": "Point", "coordinates": [-122.78426, 53.98733]}, "properties": {"stop_id": "105204", "stop_name": "Birchwood Dr at Hazel Dr", "stop_code": "105204", "lon": -122.78426, "lat": 53.98733, "x_26910": 514145.9420741632, "y_26910": 5982133.53636495, "trips_per_busiest_weekday": 1, "frequency_band": 1, "route_count": 1, "routes": "97"}}, {"type": "Feature", "geometry": {"type": "Point", "coordinates": [-122.78565, 53.9847]}, "properties": {"stop_id": "105205", "stop_name": "Winslow Dr at Poplar Pl", "stop_code": "105205", "lon": -122.78565, "lat": 53.9847, "x_26910": 514055.6862201934, "y_26910": 5981840.645913327, "trips_per_busiest_weekday": 1, "frequency_band": 1, "route_count": 1, "routes": "97"}}, {"type": "Feature", "geometry": {"type": "Point", "coordinates": [-122.78822, 53.98446]}, "properties": {"stop_id": "180000", "stop_name": "Winslow Dr at Kim Pl", "stop_code": "180000", "lon": -122.78822, "lat": 53.98446, "x_26910": 513887.24231877003, "y_26910": 5981813.436618698, "trips_per_busiest_weekday": 1, "frequency_band": 1, "route_count": 1, "routes": "97"}}, {"type": "Feature", "geometry": {"type": "Point", "coordinates": [-122.78896, 53.98118]}, "properties": {"stop_id": "105514", "stop_name": "Croft Rd at Winslow Dr", "stop_code": "105514", "lon": -122.78896, "lat": 53.98118, "x_26910": 513839.8049199757, "y_26910": 5981448.359228649, "trips_per_busiest_weekday": 1, "frequency_band": 1, "route_count": 1, "routes": "97"}}, {"type": "Feature", "geometry": {"type": "Point", "coordinates": [-122.78483, 53.98045]}, "properties": {"stop_id": "105513", "stop_name": "Croft Rd at Glade Rd", "stop_code": "105513", "lon": -122.78483, "lat": 53.98045, "x_26910": 514110.89275486936, "y_26910": 5981367.954296866, "trips_per_busiest_weekday": 1, "frequency_band": 1, "route_count": 1, "routes": "97"}}, {"type": "Feature", "geometry": {"type": "Point", "coordinates": [-122.78145, 53.97852]}, "properties": {"stop_id": "105515", "stop_name": "Croft Rd at Hepting Rd", "stop_code": "105515", "lon": -122.78145, "lat": 53.97852, "x_26910": 514333.215997216, "y_26910": 5981153.901361158, "trips_per_busiest_weekday": 1, "frequency_band": 1, "route_count": 1, "routes": "97"}}, {"type": "Feature", "geometry": {"type": "Point", "coordinates": [-122.77895, 53.98092]}, "properties": {"stop_id": "105516", "stop_name": "Cook Cres at Birchwood Trailer Park", "stop_code": "105516", "lon": -122.77895, "lat": 53.98092, "x_26910": 514496.3406043614, "y_26910": 5981421.433717652, "trips_per_busiest_weekday": 1, "frequency_band": 1, "route_count": 1, "routes": "97"}}, {"type": "Feature", "geometry": {"type": "Point", "coordinates": [-122.79709, 53.97633]}, "properties": {"stop_id": "105148", "stop_name": "Berwick Dr at Langley Cres", "stop_code": "105148", "lon": -122.79709, "lat": 53.97633, "x_26910": 513308.1934805959, "y_26910": 5980907.191075047, "trips_per_busiest_weekday": 16, "frequency_band": 2, "route_count": 2, "routes": "91,96"}}, {"type": "Feature", "geometry": {"type": "Point", "coordinates": [-122.79224, 53.94224]}, "properties": {"stop_id": "180054", "stop_name": "N Nechako Rd at Arend Dr", "stop_code": "180054", "lon": -122.79224, "lat": 53.94224, "x_26910": 513637.40932551597, "y_26910": 5977115.276777343, "trips_per_busiest_weekday": 15, "frequency_band": 2, "route_count": 1, "routes": "91"}}, {"type": "Feature", "geometry": {"type": "Point", "coordinates": [-122.78117, 53.93131]}, "properties": {"stop_id": "105412", "stop_name": "N Nechako Rd at Hwy 97", "stop_code": "105412", "lon": -122.78117, "lat": 53.93131, "x_26910": 514367.79984765063, "y_26910": 5975901.402146876, "trips_per_busiest_weekday": 17, "frequency_band": 2, "route_count": 2, "routes": "91,96"}}, {"type": "Feature", "geometry": {"type": "Point", "coordinates": [-122.79542, 53.98149]}, "properties": {"stop_id": "105398", "stop_name": "Highland Dr at Poyner Cres", "stop_code": "105398", "lon": -122.79542, "lat": 53.98149, "x_26910": 513416.0651431216, "y_26910": 5981481.607015031, "trips_per_busiest_weekday": 52, "frequency_band": 5, "route_count": 3, "routes": "89,91,96"}}, {"type": "Feature", "geometry": {"type": "Point", "coordinates": [-122.76822, 53.97074]}, "properties": {"stop_id": "105524", "stop_name": "Hwy 97 at Randle Rd", "stop_code": "105524", "lon": -122.76822, "lat": 53.97074, "x_26910": 515203.7127680249, "y_26910": 5980291.058529816, "trips_per_busiest_weekday": 37, "frequency_band": 5, "route_count": 2, "routes": "88,97"}}, {"type": "Feature", "geometry": {"type": "Point", "coordinates": [-122.77878, 53.90432]}, "properties": {"stop_id": "180027", "stop_name": "2900 Blk Griffiths Ave", "stop_code": "180027", "lon": -122.77878, "lat": 53.90432, "x_26910": 514534.0908175818, "y_26910": 5972899.01702889, "trips_per_busiest_weekday": 48, "frequency_band": 5, "route_count": 2, "routes": "47,88"}}, {"type": "Feature", "geometry": {"type": "Point", "coordinates": [-122.79024, 53.99338]}, "properties": {"stop_id": "105200", "stop_name": "Dagg Rd at Eden Dr", "stop_code": "105200", "lon": -122.79024, "lat": 53.99338, "x_26910": 513751.84418581275, "y_26910": 5982805.482088858, "trips_per_busiest_weekday": 16, "frequency_band": 2, "route_count": 2, "routes": "91,97"}}, {"type": "Feature", "geometry": {"type": "Point", "coordinates": [-122.79266, 53.99474]}, "properties": {"stop_id": "105201", "stop_name": "Dagg Rd at Rundstrom Rd", "stop_code": "105201", "lon": -122.79266, "lat": 53.99474, "x_26910": 513592.74648607644, "y_26910": 5982956.328729509, "trips_per_busiest_weekday": 16, "frequency_band": 2, "route_count": 2, "routes": "91,97"}}, {"type": "Feature", "geometry": {"type": "Point", "coordinates": [-122.73807, 53.90925]}, "properties": {"stop_id": "105267", "stop_name": "Gorse St at 15th Ave", "stop_code": "105267", "lon": -122.73807, "lat": 53.90925, "x_26910": 517206.6947185751, "y_26910": 5973456.633134347, "trips_per_busiest_weekday": 14, "frequency_band": 1, "route_count": 1, "routes": "46"}}, {"type": "Feature", "geometry": {"type": "Point", "coordinates": [-122.77723, 53.88103]}, "properties": {"stop_id": "105047", "stop_name": "Vance Rd at Blakley Rd", "stop_code": "105047", "lon": -122.77723, "lat": 53.88103, "x_26910": 514644.0648234807, "y_26910": 5970308.131799747, "trips_per_busiest_weekday": 14, "frequency_band": 1, "route_count": 1, "routes": "46"}}, {"type": "Feature", "geometry": {"type": "Point", "coordinates": [-122.74205, 53.89687]}, "properties": {"stop_id": "105039", "stop_name": "La Salle Ave at Queensway", "stop_code": "105039", "lon": -122.74205, "lat": 53.89687, "x_26910": 516950.25189110916, "y_26910": 5972078.296474176, "trips_per_busiest_weekday": 14, "frequency_band": 1, "route_count": 1, "routes": "46"}}, {"type": "Feature", "geometry": {"type": "Point", "coordinates": [-122.74565, 53.89689]}, "properties": {"stop_id": "105040", "stop_name": "La Salle Ave at Lillooet St", "stop_code": "105040", "lon": -122.74565, "lat": 53.89689, "x_26910": 516713.6833991666, "y_26910": 5972079.667151598, "trips_per_busiest_weekday": 14, "frequency_band": 1, "route_count": 1, "routes": "46"}}, {"type": "Feature", "geometry": {"type": "Point", "coordinates": [-122.74757, 53.89375]}, "properties": {"stop_id": "105099", "stop_name": "Moyie St at Proppe Lane", "stop_code": "105099", "lon": -122.74757, "lat": 53.89375, "x_26910": 516588.7613943422, "y_26910": 5971729.865584442, "trips_per_busiest_weekday": 14, "frequency_band": 1, "route_count": 1, "routes": "46"}}, {"type": "Feature", "geometry": {"type": "Point", "coordinates": [-122.79519, 53.9798]}, "properties": {"stop_id": "105159", "stop_name": "Highland Dr at Nixon Cres", "stop_code": "105159", "lon": -122.79519, "lat": 53.9798, "x_26910": 513431.6918301278, "y_26910": 5981293.621365322, "trips_per_busiest_weekday": 1, "frequency_band": 1, "route_count": 1, "routes": "96"}}, {"type": "Feature", "geometry": {"type": "Point", "coordinates": [-122.77738, 53.98971]}, "properties": {"stop_id": "180048", "stop_name": "Austin Rd E at Dallas Rd", "stop_code": "180048", "lon": -122.77738, "lat": 53.98971, "x_26910": 514596.22659848974, "y_26910": 5982399.731095022, "trips_per_busiest_weekday": 1, "frequency_band": 1, "route_count": 1, "routes": "97"}}, {"type": "Feature", "geometry": {"type": "Point", "coordinates": [-122.75309, 53.91555]}, "properties": {"stop_id": "180055", "stop_name": "Vancouver St at 7th Ave", "stop_code": "180055", "lon": -122.75309, "lat": 53.91555, "x_26910": 516217.56242508075, "y_26910": 5974154.021350732, "trips_per_busiest_weekday": 29, "frequency_band": 4, "route_count": 1, "routes": "10"}}, {"type": "Feature", "geometry": {"type": "Point", "coordinates": [-122.78505, 53.91493]}, "properties": {"stop_id": "180058", "stop_name": "Ahbau St at Babine Cres", "stop_code": "180058", "lon": -122.78505, "lat": 53.91493, "x_26910": 514118.57551065, "y_26910": 5974078.203360397, "trips_per_busiest_weekday": 35, "frequency_band": 4, "route_count": 1, "routes": "88"}}, {"type": "Feature", "geometry": {"type": "Point", "coordinates": [-122.82163, 53.85026]}, "properties": {"stop_id": "180057", "stop_name": "5700 Blk Park Dr", "stop_code": "180057", "lon": -122.82163, "lat": 53.85026, "x_26910": 511733.98591742234, "y_26910": 5966876.475484876, "trips_per_busiest_weekday": 2, "frequency_band": 1, "route_count": 1, "routes": "12"}}, {"type": "Feature", "geometry": {"type": "Point", "coordinates": [-122.78535, 53.91197]}, "properties": {"stop_id": "180059", "stop_name": "Ahbau St at Fraser Cres", "stop_code": "180059", "lon": -122.78535, "lat": 53.91197, "x_26910": 514099.86766612093, "y_26910": 5973748.818116086, "trips_per_busiest_weekday": 35, "frequency_band": 4, "route_count": 1, "routes": "88"}}, {"type": "Feature", "geometry": {"type": "Point", "coordinates": [-122.79535, 53.98113]}, "properties": {"stop_id": "180060", "stop_name": "Highland Dr at Glengarry Rd", "stop_code": "180060", "lon": -122.79535, "lat": 53.98113, "x_26910": 513420.77135171706, "y_26910": 5981441.566705426, "trips_per_busiest_weekday": 18, "frequency_band": 2, "route_count": 2, "routes": "91,96"}}, {"type": "Feature", "geometry": {"type": "Point", "coordinates": [-122.78424, 53.9878]}, "properties": {"stop_id": "105194", "stop_name": "Hwy 97 at Birchwood Dr", "stop_code": "105194", "lon": -122.78424, "lat": 53.9878, "x_26910": 514147.09417465486, "y_26910": 5982185.832562421, "trips_per_busiest_weekday": 1, "frequency_band": 1, "route_count": 1, "routes": "97"}}, {"type": "Feature", "geometry": {"type": "Point", "coordinates": [-122.74086, 53.88071]}, "properties": {"stop_id": "980000", "stop_name": "Prince George Garage", "stop_code": "980000", "lon": -122.74086, "lat": 53.88071, "x_26910": 517035.0177666452, "y_26910": 5970280.651292139, "trips_per_busiest_weekday": 0, "frequency_band": 1, "route_count": 0, "routes": ""}}, {"type": "Feature", "geometry": {"type": "Point", "coordinates": [-122.78401, 53.8768]}, "properties": {"stop_id": "105440", "stop_name": "Ospika Blvd at Davis Rd", "stop_code": "105440", "lon": -122.78401, "lat": 53.8768, "x_26910": 514199.80678004347, "y_26910": 5969836.132013626, "trips_per_busiest_weekday": 33, "frequency_band": 4, "route_count": 1, "routes": "89"}}, {"type": "Feature", "geometry": {"type": "Point", "coordinates": [-122.79303, 53.9102]}, "properties": {"stop_id": "180061", "stop_name": "15th Ave at Quinn St", "stop_code": "180061", "lon": -122.79303, "lat": 53.9102, "x_26910": 513595.96156823914, "y_26910": 5973550.390403087, "trips_per_busiest_weekday": 32, "frequency_band": 4, "route_count": 1, "routes": "15"}}, {"type": "Feature", "geometry": {"type": "Point", "coordinates": [-122.80152, 54.00542]}, "properties": {"stop_id": "180062", "stop_name": "Hwy 97 at Chief Lake Rd", "stop_code": "180062", "lon": -122.80152, "lat": 54.00542, "x_26910": 513008.57527981856, "y_26910": 5984142.924426899, "trips_per_busiest_weekday": 15, "frequency_band": 2, "route_count": 1, "routes": "91"}}, {"type": "Feature", "geometry": {"type": "Point", "coordinates": [-122.81112, 53.90802]}, "properties": {"stop_id": "180063", "stop_name": "Foothills Blvd at 18th Ave", "stop_code": "180063", "lon": -122.81112, "lat": 53.90802, "x_26910": 512408.2680236004, "y_26910": 5973304.529365258, "trips_per_busiest_weekday": 22, "frequency_band": 3, "route_count": 1, "routes": "5"}}, {"type": "Feature", "geometry": {"type": "Point", "coordinates": [-125.88374, 54.32923]}, "properties": {"stop_id": "185025", "stop_name": "Tom Drive at Hwy 16", "stop_code": "185025", "lon": -125.88374, "lat": 54.32923, "x_26910": 312492.13349521253, "y_26910": 6023987.711444184, "trips_per_busiest_weekday": 0, "frequency_band": 1, "route_count": 0, "routes": ""}}, {"type": "Feature", "geometry": {"type": "Point", "coordinates": [-125.83246, 54.2919]}, "properties": {"stop_id": "185024", "stop_name": "Decker Lake Trading Post", "stop_code": "185024", "lon": -125.83246, "lat": 54.2919, "x_26910": 315658.76593116345, "y_26910": 6019700.563068943, "trips_per_busiest_weekday": 0, "frequency_band": 1, "route_count": 0, "routes": ""}}, {"type": "Feature", "geometry": {"type": "Point", "coordinates": [-125.7635, 54.22898]}, "properties": {"stop_id": "185016", "stop_name": "Government at Gilgan", "stop_code": "185016", "lon": -125.7635, "lat": 54.22898, "x_26910": 319871.48756020376, "y_26910": 6012524.2715751985, "trips_per_busiest_weekday": 0, "frequency_band": 1, "route_count": 0, "routes": ""}}, {"type": "Feature", "geometry": {"type": "Point", "coordinates": [-125.76078, 54.22481]}, "properties": {"stop_id": "185017", "stop_name": "Pioneer Way at Park St", "stop_code": "185017", "lon": -125.76078, "lat": 54.22481, "x_26910": 320030.59117440216, "y_26910": 6012053.529758119, "trips_per_busiest_weekday": 0, "frequency_band": 1, "route_count": 0, "routes": ""}}, {"type": "Feature", "geometry": {"type": "Point", "coordinates": [-125.75581, 54.22402]}, "properties": {"stop_id": "185018", "stop_name": "Hwy 35 at Lakeview Mall", "stop_code": "185018", "lon": -125.75581, "lat": 54.22402, "x_26910": 320351.06439538766, "y_26910": 6011953.002000058, "trips_per_busiest_weekday": 0, "frequency_band": 1, "route_count": 0, "routes": ""}}, {"type": "Feature", "geometry": {"type": "Point", "coordinates": [-125.75052, 54.23002]}, "properties": {"stop_id": "185019", "stop_name": "3rd Ave at Kerr", "stop_code": "185019", "lon": -125.75052, "lat": 54.23002, "x_26910": 320721.8435076231, "y_26910": 6012606.895820947, "trips_per_busiest_weekday": 0, "frequency_band": 1, "route_count": 0, "routes": ""}}, {"type": "Feature", "geometry": {"type": "Point", "coordinates": [-125.75188, 54.23176]}, "properties": {"stop_id": "185020", "stop_name": "5th Ave at Carroll", "stop_code": "185020", "lon": -125.75188, "lat": 54.23176, "x_26910": 320640.7683353895, "y_26910": 6012803.881268843, "trips_per_busiest_weekday": 0, "frequency_band": 1, "route_count": 0, "routes": ""}}, {"type": "Feature", "geometry": {"type": "Point", "coordinates": [-125.75899, 54.23837]}, "properties": {"stop_id": "185021", "stop_name": "Lk Babine Nation Band Off", "stop_code": "185021", "lon": -125.75899, "lat": 54.23837, "x_26910": 320206.2214777906, "y_26910": 6013557.16410569, "trips_per_busiest_weekday": 0, "frequency_band": 1, "route_count": 0, "routes": ""}}, {"type": "Feature", "geometry": {"type": "Point", "coordinates": [-125.76015, 54.23592]}, "properties": {"stop_id": "185022", "stop_name": "Centre St at 10th Ave", "stop_code": "185022", "lon": -125.76015, "lat": 54.23592, "x_26910": 320119.98653700575, "y_26910": 6013287.6212346135, "trips_per_busiest_weekday": 0, "frequency_band": 1, "route_count": 0, "routes": ""}}, {"type": "Feature", "geometry": {"type": "Point", "coordinates": [-125.75304, 54.22473]}, "properties": {"stop_id": "185015", "stop_name": "Hwy 16 at Hwy 35", "stop_code": "185015", "lon": -125.75304, "lat": 54.22473, "x_26910": 320534.67522152094, "y_26910": 6012024.924466963, "trips_per_busiest_weekday": 0, "frequency_band": 1, "route_count": 0, "routes": ""}}, {"type": "Feature", "geometry": {"type": "Point", "coordinates": [-125.60563, 54.20521]}, "properties": {"stop_id": "185014", "stop_name": "Tintagel Rd at Rest Stop", "stop_code": "185014", "lon": -125.60563, "lat": 54.20521, "x_26910": 330061.7379508973, "y_26910": 6009488.989111577, "trips_per_busiest_weekday": 0, "frequency_band": 1, "route_count": 0, "routes": ""}}, {"type": "Feature", "geometry": {"type": "Point", "coordinates": [-125.0215, 54.08587]}, "properties": {"stop_id": "185013", "stop_name": "Endako Bar and Grill", "stop_code": "185013", "lon": -125.0215, "lat": 54.08587, "x_26910": 367772.9913210897, "y_26910": 5994965.170864243, "trips_per_busiest_weekday": 0, "frequency_band": 1, "route_count": 0, "routes": ""}}, {"type": "Feature", "geometry": {"type": "Point", "coordinates": [-124.91135, 54.06121]}, "properties": {"stop_id": "185012", "stop_name": "Slenyah Store", "stop_code": "185012", "lon": -124.91135, "lat": 54.06121, "x_26910": 374902.9522838971, "y_26910": 5992021.603449275, "trips_per_busiest_weekday": 0, "frequency_band": 1, "route_count": 0, "routes": ""}}, {"type": "Feature", "geometry": {"type": "Point", "coordinates": [-124.8503, 54.05546]}, "properties": {"stop_id": "185010", "stop_name": "Fraser Lake Mall", "stop_code": "185010", "lon": -124.8503, "lat": 54.05546, "x_26910": 378881.48051947076, "y_26910": 5991275.72930089, "trips_per_busiest_weekday": 0, "frequency_band": 1, "route_count": 0, "routes": ""}}, {"type": "Feature", "geometry": {"type": "Point", "coordinates": [-124.84654, 54.05608]}, "properties": {"stop_id": "185008", "stop_name": "McMillan at Chilako", "stop_code": "185008", "lon": -124.84654, "lat": 54.05608, "x_26910": 379129.3795263602, "y_26910": 5991338.270467541, "trips_per_busiest_weekday": 0, "frequency_band": 1, "route_count": 0, "routes": ""}}, {"type": "Feature", "geometry": {"type": "Point", "coordinates": [-124.60168, 54.07955]}, "properties": {"stop_id": "185007", "stop_name": "Nautley General Store", "stop_code": "185007", "lon": -124.60168, "lat": 54.07955, "x_26910": 395215.12045912637, "y_26910": 5993558.711375027, "trips_per_busiest_weekday": 0, "frequency_band": 1, "route_count": 0, "routes": ""}}, {"type": "Feature", "geometry": {"type": "Point", "coordinates": [-124.55198, 54.06146]}, "properties": {"stop_id": "185006", "stop_name": "Ft Fraser Community Hall", "stop_code": "185006", "lon": -124.55198, "lat": 54.06146, "x_26910": 398422.1833718628, "y_26910": 5991473.735845725, "trips_per_busiest_weekday": 0, "frequency_band": 1, "route_count": 0, "routes": ""}}, {"type": "Feature", "geometry": {"type": "Point", "coordinates": [-124.0089, 54.01495]}, "properties": {"stop_id": "185001", "stop_name": "Burrard Vanderhoof Co-op", "stop_code": "185001", "lon": -124.0089, "lat": 54.01495, "x_26910": 433891.81818322645, "y_26910": 5985655.996650149, "trips_per_busiest_weekday": 0, "frequency_band": 1, "route_count": 0, "routes": ""}}, {"type": "Feature", "geometry": {"type": "Point", "coordinates": [-124.00909, 54.0182]}, "properties": {"stop_id": "185003", "stop_name": "Burrard at Victoria Ave", "stop_code": "185003", "lon": -124.00909, "lat": 54.0182, "x_26910": 433884.52237163536, "y_26910": 5986017.754315025, "trips_per_busiest_weekday": 0, "frequency_band": 1, "route_count": 0, "routes": ""}}, {"type": "Feature", "geometry": {"type": "Point", "coordinates": [-124.00929, 54.02893]}, "properties": {"stop_id": "185005", "stop_name": "Hosp Rd at Health Care Ave", "stop_code": "185005", "lon": -124.00929, "lat": 54.02893, "x_26910": 433888.4383286783, "y_26910": 5987211.713522503, "trips_per_busiest_weekday": 0, "frequency_band": 1, "route_count": 0, "routes": ""}}, {"type": "Feature", "geometry": {"type": "Point", "coordinates": [-124.00928, 54.01953]}, "properties": {"stop_id": "185002", "stop_name": "Burrard at Victoria Ave", "stop_code": "185002", "lon": -124.00928, "lat": 54.01953, "x_26910": 433874.1834354188, "y_26910": 5986165.901574898, "trips_per_busiest_weekday": 0, "frequency_band": 1, "route_count": 0, "routes": ""}}, {"type": "Feature", "geometry": {"type": "Point", "coordinates": [-123.58587, 53.90849]}, "properties": {"stop_id": "185040", "stop_name": "Cluculz Lake Rest Area", "stop_code": "185040", "lon": -123.58587, "lat": 53.90849, "x_26910": 461512.5172964395, "y_26910": 5973499.30502423, "trips_per_busiest_weekday": 0, "frequency_band": 1, "route_count": 0, "routes": ""}}, {"type": "Feature", "geometry": {"type": "Point", "coordinates": [-122.91301, 53.81656]}, "properties": {"stop_id": "185000", "stop_name": "Beaverley Petro Canada", "stop_code": "185000", "lon": -122.91301, "lat": 53.81656, "x_26910": 505727.1936683944, "y_26910": 5963115.862657354, "trips_per_busiest_weekday": 0, "frequency_band": 1, "route_count": 0, "routes": ""}}, {"type": "Feature", "geometry": {"type": "Point", "coordinates": [-122.78607, 53.8651]}, "properties": {"stop_id": "180029", "stop_name": "Westgate Exch Bay B", "stop_code": "180029", "lon": -122.78607, "lat": 53.8651, "x_26910": 514068.3022806333, "y_26910": 5968534.004865576, "trips_per_busiest_weekday": 2, "frequency_band": 1, "route_count": 1, "routes": "12"}}, {"type": "Feature", "geometry": {"type": "Point", "coordinates": [-124.84597, 54.05617]}, "properties": {"stop_id": "185009", "stop_name": "McMillan at Chilako", "stop_code": "185009", "lon": -124.84597, "lat": 54.05617, "x_26910": 379166.9477564007, "y_26910": 5991347.308801869, "trips_per_busiest_weekday": 0, "frequency_band": 1, "route_count": 0, "routes": ""}}, {"type": "Feature", "geometry": {"type": "Point", "coordinates": [-125.76658, 54.2345]}, "properties": {"stop_id": "185023", "stop_name": "McPhail Frtg Rd at 8th", "stop_code": "185023", "lon": -125.76658, "lat": 54.2345, "x_26910": 319694.8511949354, "y_26910": 6013146.09158223, "trips_per_busiest_weekday": 0, "frequency_band": 1, "route_count": 0, "routes": ""}}, {"type": "Feature", "geometry": {"type": "Point", "coordinates": [-127.16682, 54.78016]}, "properties": {"stop_id": "195006", "stop_name": "4th Ave at King St", "stop_code": "195006", "lon": -127.16682, "lat": 54.78016, "x_26910": 232078.3764876536, "y_26910": 6078293.050573305, "trips_per_busiest_weekday": 0, "frequency_band": 1, "route_count": 0, "routes": ""}}, {"type": "Feature", "geometry": {"type": "Point", "coordinates": [-127.16386, 54.78524]}, "properties": {"stop_id": "195005", "stop_name": "8th at Columbia Dr", "stop_code": "195005", "lon": -127.16386, "lat": 54.78524, "x_26910": 232302.1795239275, "y_26910": 6078846.509916911, "trips_per_busiest_weekday": 0, "frequency_band": 1, "route_count": 0, "routes": ""}}, {"type": "Feature", "geometry": {"type": "Point", "coordinates": [-127.16379, 54.78007]}, "properties": {"stop_id": "195003", "stop_name": "Frontage Rd at Mall", "stop_code": "195003", "lon": -127.16379, "lat": 54.78007, "x_26910": 232272.49164043425, "y_26910": 6078271.460293966, "trips_per_busiest_weekday": 0, "frequency_band": 1, "route_count": 0, "routes": ""}}, {"type": "Feature", "geometry": {"type": "Point", "coordinates": [-127.15499, 54.77478]}, "properties": {"stop_id": "195001", "stop_name": "Frontage Rd at 16th Ave", "stop_code": "195001", "lon": -127.15499, "lat": 54.77478, "x_26910": 232803.08668538416, "y_26910": 6077649.73839978, "trips_per_busiest_weekday": 0, "frequency_band": 1, "route_count": 0, "routes": ""}}, {"type": "Feature", "geometry": {"type": "Point", "coordinates": [-127.05074, 54.69916]}, "properties": {"stop_id": "185038", "stop_name": "Hwy 16 at Post Office", "stop_code": "185038", "lon": -127.05074, "lat": 54.69916, "x_26910": 239017.19772684528, "y_26910": 6068849.595061862, "trips_per_busiest_weekday": 0, "frequency_band": 1, "route_count": 0, "routes": ""}}, {"type": "Feature", "geometry": {"type": "Point", "coordinates": [-126.90985, 54.64721]}, "properties": {"stop_id": "185037", "stop_name": "Hwy16 at Quick Rd W", "stop_code": "185037", "lon": -126.90985, "lat": 54.64721, "x_26910": 247767.65627173387, "y_26910": 6062558.221540439, "trips_per_busiest_weekday": 0, "frequency_band": 1, "route_count": 0, "routes": ""}}, {"type": "Feature", "geometry": {"type": "Point", "coordinates": [-126.655, 54.39291]}, "properties": {"stop_id": "185036", "stop_name": "Hagman Cres at Park Ln", "stop_code": "185036", "lon": -126.655, "lat": 54.39291, "x_26910": 262729.9946562235, "y_26910": 6033394.919426344, "trips_per_busiest_weekday": 0, "frequency_band": 1, "route_count": 0, "routes": ""}}, {"type": "Feature", "geometry": {"type": "Point", "coordinates": [-126.65643, 54.39686]}, "properties": {"stop_id": "185034", "stop_name": "Mount View Dr at 13th", "stop_code": "185034", "lon": -126.65643, "lat": 54.39686, "x_26910": 262660.0250779592, "y_26910": 6033838.958830069, "trips_per_busiest_weekday": 0, "frequency_band": 1, "route_count": 0, "routes": ""}}, {"type": "Feature", "geometry": {"type": "Point", "coordinates": [-126.65072, 54.39987]}, "properties": {"stop_id": "185032", "stop_name": "Visitor Centre", "stop_code": "185032", "lon": -126.65072, "lat": 54.39987, "x_26910": 263047.8642448763, "y_26910": 6034154.421771443, "trips_per_busiest_weekday": 0, "frequency_band": 1, "route_count": 0, "routes": ""}}, {"type": "Feature", "geometry": {"type": "Point", "coordinates": [-126.64812, 54.39632]}, "properties": {"stop_id": "185030", "stop_name": "Leisure Facility", "stop_code": "185030", "lon": -126.64812, "lat": 54.39632, "x_26910": 263196.08147009206, "y_26910": 6033750.931162882, "trips_per_busiest_weekday": 0, "frequency_band": 1, "route_count": 0, "routes": ""}}, {"type": "Feature", "geometry": {"type": "Point", "coordinates": [-126.64371, 54.39977]}, "properties": {"stop_id": "185029", "stop_name": "Butler at 10th St", "stop_code": "185029", "lon": -126.64371, "lat": 54.39977, "x_26910": 263502.07849390805, "y_26910": 6034119.731029678, "trips_per_busiest_weekday": 0, "frequency_band": 1, "route_count": 0, "routes": ""}}, {"type": "Feature", "geometry": {"type": "Point", "coordinates": [-126.29712, 54.50594]}, "properties": {"stop_id": "185027", "stop_name": "Topley Landing", "stop_code": "185027", "lon": -126.29712, "lat": 54.50594, "x_26910": 286542.7815677166, "y_26910": 6044817.961788622, "trips_per_busiest_weekday": 0, "frequency_band": 1, "route_count": 0, "routes": ""}}, {"type": "Feature", "geometry": {"type": "Point", "coordinates": [-126.14063, 54.42146]}, "properties": {"stop_id": "185026", "stop_name": "Broman at Paddy Isaac", "stop_code": "185026", "lon": -126.14063, "lat": 54.42146, "x_26910": 296251.12829326536, "y_26910": 6034958.788221964, "trips_per_busiest_weekday": 0, "frequency_band": 1, "route_count": 0, "routes": ""}}, {"type": "Feature", "geometry": {"type": "Point", "coordinates": [-126.64407, 54.39984]}, "properties": {"stop_id": "185028", "stop_name": "Butler Ave at 10th St", "stop_code": "185028", "lon": -126.64407, "lat": 54.39984, "x_26910": 263479.12564331235, "y_26910": 6034128.724103441, "trips_per_busiest_weekday": 0, "frequency_band": 1, "route_count": 0, "routes": ""}}, {"type": "Feature", "geometry": {"type": "Point", "coordinates": [-126.65613, 54.39647]}, "properties": {"stop_id": "185033", "stop_name": "Mount View Rd at 13th", "stop_code": "185033", "lon": -126.65613, "lat": 54.39647, "x_26910": 262677.23661498446, "y_26910": 6033794.58155206, "trips_per_busiest_weekday": 0, "frequency_band": 1, "route_count": 0, "routes": ""}}, {"type": "Feature", "geometry": {"type": "Point", "coordinates": [-126.65488, 54.39302]}, "properties": {"stop_id": "185035", "stop_name": "Hagman Cres at Park Lane", "stop_code": "185035", "lon": -126.65488, "lat": 54.39302, "x_26910": 262738.41645548586, "y_26910": 6033406.7464662185, "trips_per_busiest_weekday": 0, "frequency_band": 1, "route_count": 0, "routes": ""}}, {"type": "Feature", "geometry": {"type": "Point", "coordinates": [-126.66458, 54.39431]}, "properties": {"stop_id": "185041", "stop_name": "Kanata Ave at Hamblin", "stop_code": "185041", "lon": -126.66458, "lat": 54.39431, "x_26910": 262116.47343978, "y_26910": 6033582.918403061, "trips_per_busiest_weekday": 0, "frequency_band": 1, "route_count": 0, "routes": ""}}, {"type": "Feature", "geometry": {"type": "Point", "coordinates": [-127.15494, 54.77483]}, "properties": {"stop_id": "195000", "stop_name": "Frontage Rd at 16th Ave", "stop_code": "195000", "lon": -127.15494, "lat": 54.77483, "x_26910": 232806.63004656305, "y_26910": 6077655.106539353, "trips_per_busiest_weekday": 0, "frequency_band": 1, "route_count": 0, "routes": ""}}, {"type": "Feature", "geometry": {"type": "Point", "coordinates": [-127.16365, 54.78012]}, "properties": {"stop_id": "195002", "stop_name": "Frontage Rd at Mall", "stop_code": "195002", "lon": -127.16365, "lat": 54.78012, "x_26910": 232281.81877258612, "y_26910": 6078276.484064825, "trips_per_busiest_weekday": 0, "frequency_band": 1, "route_count": 0, "routes": ""}}, {"type": "Feature", "geometry": {"type": "Point", "coordinates": [-127.16369, 54.78534]}, "properties": {"stop_id": "195004", "stop_name": "Hospital", "stop_code": "195004", "lon": -127.16369, "lat": 54.78534, "x_26910": 232313.76372958906, "y_26910": 6078856.977892222, "trips_per_busiest_weekday": 0, "frequency_band": 1, "route_count": 0, "routes": ""}}, {"type": "Feature", "geometry": {"type": "Point", "coordinates": [-126.6501, 54.39866]}, "properties": {"stop_id": "185031", "stop_name": "Houston Mall", "stop_code": "185031", "lon": -126.6501, "lat": 54.39866, "x_26910": 263081.10930151376, "y_26910": 6034017.789133129, "trips_per_busiest_weekday": 0, "frequency_band": 1, "route_count": 0, "routes": ""}}, {"type": "Feature", "geometry": {"type": "Point", "coordinates": [-126.66474, 54.39424]}, "properties": {"stop_id": "185042", "stop_name": "Kanata Ave at Hamblin", "stop_code": "185042", "lon": -126.66474, "lat": 54.39424, "x_26910": 262105.6863960419, "y_26910": 6033575.675406656, "trips_per_busiest_weekday": 0, "frequency_band": 1, "route_count": 0, "routes": ""}}, {"type": "Feature", "geometry": {"type": "Point", "coordinates": [-122.79862, 53.94884]}, "properties": {"stop_id": "180065", "stop_name": "N Nechako Rd at Dever Rd", "stop_code": "180065", "lon": -122.79862, "lat": 53.94884, "x_26910": 513216.5387736511, "y_26910": 5977848.37907659, "trips_per_busiest_weekday": 15, "frequency_band": 2, "route_count": 1, "routes": "91"}}, {"type": "Feature", "geometry": {"type": "Point", "coordinates": [-122.79848, 53.94893]}, "properties": {"stop_id": "180064", "stop_name": "N Nechako Rd at Dever Rd", "stop_code": "180064", "lon": -122.79848, "lat": 53.94893, "x_26910": 513225.6984665142, "y_26910": 5977858.41853385, "trips_per_busiest_weekday": 14, "frequency_band": 1, "route_count": 1, "routes": "91"}}, {"type": "Feature", "geometry": {"type": "Point", "coordinates": [-122.78927, 53.96817]}, "properties": {"stop_id": "180073", "stop_name": "Ridgeview Dr at Canan Way", "stop_code": "180073", "lon": -122.78927, "lat": 53.96817, "x_26910": 513823.78109510866, "y_26910": 5980000.808996556, "trips_per_busiest_weekday": 2, "frequency_band": 1, "route_count": 1, "routes": "96"}}, {"type": "Feature", "geometry": {"type": "Point", "coordinates": [-122.78547, 53.96581]}, "properties": {"stop_id": "180072", "stop_name": "Ridgeview Dr at Sadler Dr", "stop_code": "180072", "lon": -122.78547, "lat": 53.96581, "x_26910": 514073.853859657, "y_26910": 5979738.984395061, "trips_per_busiest_weekday": 2, "frequency_band": 1, "route_count": 1, "routes": "96"}}, {"type": "Feature", "geometry": {"type": "Point", "coordinates": [-122.7865, 53.96335]}, "properties": {"stop_id": "180071", "stop_name": "Panorama Cres at Sadler Dr", "stop_code": "180071", "lon": -122.7865, "lat": 53.96335, "x_26910": 514007.1073938635, "y_26910": 5979465.081713044, "trips_per_busiest_weekday": 2, "frequency_band": 1, "route_count": 1, "routes": "96"}}, {"type": "Feature", "geometry": {"type": "Point", "coordinates": [-122.78429, 53.96629]}, "properties": {"stop_id": "180070", "stop_name": "2400 Blk Panorama Cres", "stop_code": "180070", "lon": -122.78429, "lat": 53.96629, "x_26910": 514151.1029282063, "y_26910": 5979792.62404292, "trips_per_busiest_weekday": 2, "frequency_band": 1, "route_count": 1, "routes": "96"}}, {"type": "Feature", "geometry": {"type": "Point", "coordinates": [-122.78793, 53.96936]}, "properties": {"stop_id": "180069", "stop_name": "Carlisle Way at Canan Way", "stop_code": "180069", "lon": -122.78793, "lat": 53.96936, "x_26910": 513911.2879880636, "y_26910": 5980133.470281621, "trips_per_busiest_weekday": 2, "frequency_band": 1, "route_count": 1, "routes": "96"}}, {"type": "Feature", "geometry": {"type": "Point", "coordinates": [-122.80489, 53.98213]}, "properties": {"stop_id": "180068", "stop_name": "Stauble Rd at Teichman Cres", "stop_code": "180068", "lon": -122.80489, "lat": 53.98213, "x_26910": 512794.8406558666, "y_26910": 5981551.061357142, "trips_per_busiest_weekday": 2, "frequency_band": 1, "route_count": 1, "routes": "96"}}, {"type": "Feature", "geometry": {"type": "Point", "coordinates": [-122.80716, 53.98391]}, "properties": {"stop_id": "180067", "stop_name": "4600 Blk Stauble Rd", "stop_code": "180067", "lon": -122.80716, "lat": 53.98391, "x_26910": 512645.4405975182, "y_26910": 5981748.696476636, "trips_per_busiest_weekday": 2, "frequency_band": 1, "route_count": 1, "routes": "96"}}, {"type": "Feature", "geometry": {"type": "Point", "coordinates": [-122.80465, 53.98509]}, "properties": {"stop_id": "180066", "stop_name": "Vellencher Rd at Tasa Crt", "stop_code": "180066", "lon": -122.80465, "lat": 53.98509, "x_26910": 512809.67103628494, "y_26910": 5981880.4342645, "trips_per_busiest_weekday": 2, "frequency_band": 1, "route_count": 1, "routes": "96"}}, {"type": "Feature", "geometry": {"type": "Point", "coordinates": [-122.79256, 53.97978]}, "properties": {"stop_id": "105168", "stop_name": "Killarney Dr at Carleton Lane", "stop_code": "105168", "lon": -122.79256, "lat": 53.97978, "x_26910": 513604.1767522713, "y_26910": 5981291.898037447, "trips_per_busiest_weekday": 2, "frequency_band": 1, "route_count": 1, "routes": "96"}}, {"type": "Feature", "geometry": {"type": "Point", "coordinates": [-122.79137, 53.97701]}, "properties": {"stop_id": "105167", "stop_name": "Killarney Dr at Wildwood Cres", "stop_code": "105167", "lon": -122.79137, "lat": 53.97701, "x_26910": 513683.1259854229, "y_26910": 5980983.9374340605, "trips_per_busiest_weekday": 2, "frequency_band": 1, "route_count": 1, "routes": "96"}}, {"type": "Feature", "geometry": {"type": "Point", "coordinates": [-122.7898, 53.97518]}, "properties": {"stop_id": "105179", "stop_name": "Wildwood Cres at Sussex Lane", "stop_code": "105179", "lon": -122.7898, "lat": 53.97518, "x_26910": 513786.6993786749, "y_26910": 5980780.636376639, "trips_per_busiest_weekday": 2, "frequency_band": 1, "route_count": 1, "routes": "96"}}, {"type": "Feature", "geometry": {"type": "Point", "coordinates": [-122.79077, 53.97276]}, "properties": {"stop_id": "105146", "stop_name": "Wildwood Cres at Carlisle Way", "stop_code": "105146", "lon": -122.79077, "lat": 53.97276, "x_26910": 513723.8738262998, "y_26910": 5980511.199403915, "trips_per_busiest_weekday": 2, "frequency_band": 1, "route_count": 1, "routes": "96"}}, {"type": "Feature", "geometry": {"type": "Point", "coordinates": [-122.79602, 53.97401]}, "properties": {"stop_id": "105156", "stop_name": "Ridgeview Dr at McKenney Cres", "stop_code": "105156", "lon": -122.79602, "lat": 53.97401, "x_26910": 513379.11435259366, "y_26910": 5980649.269870844, "trips_per_busiest_weekday": 2, "frequency_band": 1, "route_count": 1, "routes": "96"}}, {"type": "Feature", "geometry": {"type": "Point", "coordinates": [-122.79701, 53.9765]}, "properties": {"stop_id": "105150", "stop_name": "Berwick Dr at Langley Cres", "stop_code": "105150", "lon": -122.79701, "lat": 53.9765, "x_26910": 513313.3862121426, "y_26910": 5980926.120277079, "trips_per_busiest_weekday": 2, "frequency_band": 1, "route_count": 1, "routes": "96"}}, {"type": "Feature", "geometry": {"type": "Point", "coordinates": [-122.78745, 53.88789]}, "properties": {"stop_id": "180074", "stop_name": "Ospika Blvd at Ferry Ave", "stop_code": "180074", "lon": -122.78745, "lat": 53.88789, "x_26910": 513969.9540262782, "y_26910": 5971069.300681209, "trips_per_busiest_weekday": 34, "frequency_band": 4, "route_count": 1, "routes": "88"}}, {"type": "Feature", "geometry": {"type": "Point", "coordinates": [-122.78654, 53.88627]}, "properties": {"stop_id": "180077", "stop_name": "Ospika Blvd at Andres Rd", "stop_code": "180077", "lon": -122.78654, "lat": 53.88627, "x_26910": 514030.3066147611, "y_26910": 5970889.242123857, "trips_per_busiest_weekday": 34, "frequency_band": 4, "route_count": 1, "routes": "88"}}, {"type": "Feature", "geometry": {"type": "Point", "coordinates": [-122.78483, 53.8848]}, "properties": {"stop_id": "180075", "stop_name": "Ospika Blvd at Range Rd", "stop_code": "180075", "lon": -122.78483, "lat": 53.8848, "x_26910": 514143.1975728939, "y_26910": 5970726.032335568, "trips_per_busiest_weekday": 33, "frequency_band": 4, "route_count": 1, "routes": "89"}}, {"type": "Feature", "geometry": {"type": "Point", "coordinates": [-122.78675, 53.88704]}, "properties": {"stop_id": "180076", "stop_name": "Ospika at Hopkins", "stop_code": "180076", "lon": -122.78675, "lat": 53.88704, "x_26910": 514016.24616008915, "y_26910": 5970974.869364637, "trips_per_busiest_weekday": 33, "frequency_band": 4, "route_count": 1, "routes": "89"}}]}